ProteinAccessions	ProteinDescriptions	MolecularWeight	NrOfModifiedSequencesIdentifiedExperimentwide	is_SEC_Candidate	NrOfModifiedSequencesIdentified_SEC_fraction_47	NrOfModifiedSequencesIdentified_SEC_fraction_53	NrOfModifiedSequencesIdentified_SEC_fraction_54	NrOfModifiedSequencesIdentified_SEC_fraction_55	NrOfModifiedSequencesIdentified_SEC_fraction_56	NrOfModifiedSequencesIdentified_SEC_fraction_57	NrOfModifiedSequencesIdentified_SEC_fraction_58	NrOfModifiedSequencesIdentified_SEC_fraction_59	NrOfModifiedSequencesIdentified_SEC_fraction_60	NrOfModifiedSequencesIdentified_SEC_fraction_61	NrOfModifiedSequencesIdentified_SEC_fraction_62	NrOfModifiedSequencesIdentified_SEC_fraction_63	NrOfModifiedSequencesIdentified_SEC_fraction_64	NrOfModifiedSequencesIdentified_SEC_fraction_65	IBAQ_SEC_fraction_47	IBAQ_SEC_fraction_53	IBAQ_SEC_fraction_54	IBAQ_SEC_fraction_55	IBAQ_SEC_fraction_56	IBAQ_SEC_fraction_57	IBAQ_SEC_fraction_58	IBAQ_SEC_fraction_59	IBAQ_SEC_fraction_60	IBAQ_SEC_fraction_61	IBAQ_SEC_fraction_62	IBAQ_SEC_fraction_63	IBAQ_SEC_fraction_64	IBAQ_SEC_fraction_65	IBAQ_norm_SEC_fraction_47	IBAQ_norm_SEC_fraction_53	IBAQ_norm_SEC_fraction_54	IBAQ_norm_SEC_fraction_55	IBAQ_norm_SEC_fraction_56	IBAQ_norm_SEC_fraction_57	IBAQ_norm_SEC_fraction_58	IBAQ_norm_SEC_fraction_59	IBAQ_norm_SEC_fraction_60	IBAQ_norm_SEC_fraction_61	IBAQ_norm_SEC_fraction_62	IBAQ_norm_SEC_fraction_63	IBAQ_norm_SEC_fraction_64	IBAQ_norm_SEC_fraction_65	distribution	signal_peptide
D4GVT8	peptidylprolyl isomerase	18703.44	31	TRUE	13	24	26	28	31	31	31	31	29	26	22	21	17	13	1636.3	112353.1	706484.5	2394276	4744326.6	5467697	6424211.7	4244349	1879716.2	1024493.9	280796.6	89547.9	24812.4	12339.6	0.000254708	0.01748901	0.10997217	0.372695688	0.738507201	0.851107849	1	0.660680127	0.292598732	0.15947387	0.043709114	0.013939127	0.003862326	0.001920796		
D4GWM1	Small ribosomal subunit protein eS8	13646.16	12	TRUE	10	10	11	12	12	12	12	12	12	11	9	9	7	6	27661.2	235282.8	648552	2130088.2	4094156.7	3927807.6	3177134.6	2586797.8	1118372	780369.1	254709.3	100316.7	36223.1	18134.2	0.006756263	0.057467952	0.158409179	0.520275201	1	0.959369142	0.776016853	0.631826769	0.273162969	0.190605577	0.062212885	0.024502409	0.008847512	0.004429288		
D4GST5	Small ribosomal subunit protein eS6	13896.11	17	TRUE	12	16	16	16	17	16	16	16	14	10	8	7	8	3	90978	922299.7	1273793.6	2630045.9	3124819.5	2674290.1	2497911.5	1286865.5	492546.9	294877.3	82893.1	36639.9	15599.7	8964.4	0.029114642	0.295152952	0.407637497	0.841663302	1	0.855822264	0.799377852	0.411820747	0.157624112	0.094366187	0.026527324	0.011725445	0.004992192	0.002868774		
D4GXH6	PadR family transcription regulator	11363.69	13	TRUE	3	10	11	12	12	12	12	12	11	12	12	11	11	11	770.7	49603.1	210139.5	856314.2	2067308.9	2732932	3819447.9	3418918.5	2114901.1	1894323.1	1056741.4	919852.5	625763.9	631352.3	0.000201783	0.012986982	0.055018292	0.224198424	0.541258568	0.71553064	1	0.895134216	0.55371906	0.495967781	0.276673862	0.240833891	0.163836218	0.165299362		
D4GWZ3	Small ribosomal subunit protein uS4	20077.24	21	TRUE	18	21	21	21	21	21	21	21	20	17	15	11	8	5	14348.2	288060.6	714042.3	1429589.2	1825796.1	1143271.1	746348.7	430776.3	158866.3	90230.3	31478.1	11529.6	4520.6	3431	0.007858599	0.157772601	0.391085456	0.782994991	1	0.626176767	0.408779874	0.235938887	0.087012071	0.049419702	0.017240753	0.006314834	0.002475961	0.00187918		
D4GUF8	Cytochrome bc1 complex Rieske iron-sulfur protein	30243.84	10	TRUE	7	10	10	10	10	10	9	9	7	6	5	4	3	2	13790.4	422884.3	909938.1	1351779.7	1633208	1071206	767731.9	446684.1	172419.4	94239.2	30810.8	11924.9	4441.4	2472.9	0.00844375	0.258928624	0.557147712	0.827683737	1	0.655890738	0.47007601	0.273501048	0.105570999	0.057701897	0.018865203	0.007301519	0.002719433	0.001514137		Tat/SPI
P41200	Large ribosomal subunit protein uL11	16802.38	14	TRUE	5	14	14	14	14	14	14	13	11	8	5	3	2	1	8016.7	546103.6	1168925	1666745.4	1560386.3	865604.9	471425.2	220567.3	69532	35309.8	11890.1	6445.8	2268.2	1576.1	0.004809793	0.327646682	0.70132187	1	0.936187554	0.519338406	0.282841759	0.132334129	0.041717229	0.021184879	0.007133723	0.003867297	0.001360856	0.000945615		
D4GZY1	Small ribosomal subunit protein uS7	22615.27	25	TRUE	17	25	25	25	25	25	22	24	18	17	13	7	4	4	9356.1	560256.2	723669.9	1356549.3	1472444.6	590989.2	256878	196811.1	67275.6	38678.7	12492.3	4020.5	1497.1	867.1	0.006354127	0.380493908	0.491475129	0.921290553	1	0.401366	0.174456818	0.133662822	0.045689733	0.026268357	0.008484054	0.002730493	0.001016745	0.000588885		
D4GTY5	Large ribosomal subunit protein uL24	13384.73	13	TRUE	6	9	11	12	13	12	12	11	9	8	5	5	4	4	1335	120046.1	291409.4	854565.3	1206027.7	932540.5	632086.2	358337.7	129010.8	84365.3	24925.6	10258.7	3577.4	2333.8	0.00110694	0.099538427	0.241627452	0.708578501	1	0.773233069	0.524105873	0.29712228	0.106971672	0.069953037	0.020667519	0.008506189	0.002966267	0.001935113		
D4GYY9	UPF0212 protein HVO_1560	12867.43	10	TRUE	9	10	10	10	10	10	9	9	9	9	9	7	7	4	191064.1	699922.8	922424.4	1070960.1	917570.1	448605	260980.4	204443.4	141268.6	147162.9	90458.9	51253.9	20673.5	11197.3	0.178404499	0.653547037	0.861306037	1	0.856773376	0.418881152	0.243688257	0.190897308	0.131908369	0.137412122	0.084465238	0.047857899	0.019303707	0.010455385		
D4GTJ3	PRC domain protein	9018.24	16	TRUE	7	15	16	16	16	15	15	13	13	11	10	8	9	9	41552.9	491253.5	591664.4	841200	889610.6	564266.9	430002	397863.4	241314.8	341519.2	294389.9	316146	245718.5	211937.1	0.046709088	0.552211833	0.665082453	0.945582258	1	0.63428527	0.483359798	0.447233205	0.271258908	0.383897404	0.330919955	0.355375712	0.276209051	0.238235808		
D4GTX5	Large ribosomal subunit protein uL30	17106.9	20	TRUE	6	16	17	20	20	20	20	20	19	17	15	12	10	6	256.6	16661.1	64261.5	279868.4	696544.6	864554.9	958537.5	747001.7	362313.6	254813	78081	30242.2	8048.6	3783.6	0.000267699	0.017381793	0.067041196	0.291974388	0.726674335	0.901952088	1	0.779314007	0.377985838	0.265835192	0.081458472	0.031550357	0.00839675	0.003947263		
D4H026	DUF5611 domain protein	13919.5	14	TRUE	4	14	14	14	14	14	13	14	12	8	4	4	1	0	1527.5	111764.7	236619.6	542672.2	637148.4	432996.8	224328.4	113234.4	44389.2	26495.2	6769.1	2995.8	692.6	0	0.002397401	0.175413922	0.371372823	0.851720259	1	0.679585478	0.35208187	0.177720606	0.069668542	0.041584033	0.010624056	0.004701887	0.001087031	0		
D4GWY5	KaiC-type circadian clock protein CirA	27562.91	15	TRUE	5	13	14	15	15	14	13	12	13	11	8	7	7	3	1345.3	170387.6	379049.2	616772.1	634874.1	332830.8	193838.9	140304.3	63457.1	43483.1	20480	10573.8	5575	2953.6	0.002119003	0.26838014	0.597046249	0.97148726	1	0.524246933	0.305318645	0.22099547	0.099952258	0.068490902	0.032258364	0.016654956	0.008781269	0.004652261		
D4GVJ1	cytochrome-c oxidase	27728.08	4	TRUE	2	3	3	3	4	4	4	4	4	4	4	3	2	2	3780.3	143433.1	251259.2	488757	556009.4	467362.9	381153.3	284254.4	165679.1	166576.2	87789.4	56548.2	27247.2	16328.6	0.006798986	0.25796884	0.451897396	0.879044491	1	0.840566544	0.685515928	0.511240278	0.297978955	0.299592417	0.157891935	0.101703676	0.049004927	0.029367489		Sec/SPI
D4GV79	Pilin PilA	17671.41	4	TRUE	2	3	2	3	4	3	3	3	2	3	2	2	2	1	9584	105242.3	165173.2	291582.3	547152.7	475975.4	311323.9	242417.4	117075.8	76925.1	25657.1	10942.4	6986.8	5153.4	0.017516134	0.192345391	0.301877703	0.532908455	1	0.86991328	0.568989059	0.443052552	0.213972809	0.140591648	0.046892028	0.019998805	0.012769379	0.009418577		Sec/SPI
D4GXY0	AbrB/MazE/SpoVT family DNA-binding domain-containing protein	7355.24	7	TRUE	2	2	7	7	7	7	7	7	7	7	5	2	2	2	3048.1	9654.4	39723.1	190729.3	475689.5	709865.9	892312.7	741718.3	395147.5	288189.5	83045.5	29740.2	11871	5673	0.003415955	0.010819525	0.044517017	0.213747154	0.53309731	0.795534906	1	0.831231361	0.44283523	0.322969179	0.09306771	0.033329347	0.013303632	0.006357637		
D4GW85	HTH domain protein	11710.28	24	TRUE	8	23	23	24	23	23	20	19	14	9	9	9	5	3	4894.5	378919.2	473051.8	544830.8	463540.3	212914.5	114471.1	48548.7	43457.9	19141	14250.3	9606.3	3559.8	1611.3	0.008983523	0.695480505	0.868254511	1	0.850796798	0.390790132	0.210103944	0.089107848	0.079764029	0.035132008	0.02615546	0.017631712	0.006533772	0.002957432		
P15093	Dihydrofolate reductase HdrA	17979.88	20	TRUE	1	18	18	20	20	20	20	19	17	14	11	6	2	0	64.5	38128.5	123029.1	293726.7	420645.3	292266.5	231245.3	118416.2	44156.4	23495.5	6122.1	1432.4	215.3	0	0.000153336	0.090642877	0.292477058	0.698276434	1	0.694805101	0.549739412	0.281510812	0.104973002	0.055855848	0.014554067	0.003405244	0.000511833	0		
D4GYL2	ATPase involved in flagella biogenesis	21881.13	22	TRUE	7	22	22	22	22	22	22	22	19	16	12	8	6	3	2868.1	291772.4	401951.7	466695.1	405812.3	238495	185034.8	116900.2	54633.1	36684.8	12990.5	4974.2	1718.8	638.7	0.006145554	0.62518848	0.861272595	1	0.869544806	0.511029578	0.396478986	0.250485167	0.117063796	0.078605496	0.02783509	0.010658351	0.003682918	0.001368559		
D4GTY0	Large ribosomal subunit protein uL6	19610.68	20	TRUE	7	17	19	20	20	20	20	20	19	18	13	9	9	3	897.9	13151	57319.5	179411.8	399772	458009.1	447022.5	401501.6	188505.9	123990.1	45574	16174	5808.2	715.6	0.001960441	0.028713403	0.12514926	0.391721038	0.872847286	1	0.976012267	0.87662363	0.411576757	0.270715364	0.099504573	0.035313709	0.012681407	0.001562414		
D4H013	Small CPxCG-related zinc finger protein	8905.81	3	TRUE	1	3	3	3	3	3	2	3	2	2	1	1	1	1	365.7	67317.5	145885.4	351717.1	397973.5	264291.4	149088.2	77572	28963.6	18962.2	7016.3	4914.3	3824.6	3522.6	0.000918905	0.16915071	0.366570638	0.883770151	1	0.664092961	0.374618411	0.194917501	0.07277771	0.047646891	0.017630068	0.01234831	0.009610188	0.008851343		
D4GTK2	Uncharacterized protein	18119.66	14	TRUE	10	14	14	14	13	14	12	10	10	8	7	4	3	0	6074	516787.2	589112	592674.1	381543.6	165381.8	81392.4	35555.7	13564.4	8985.2	2806.8	1318.5	760.8	0	0.010248465	0.871958468	0.993989783	1	0.643766279	0.279043407	0.137330786	0.059991992	0.022886777	0.01516044	0.004735824	0.002224663	0.001283673	0		
J2ZJU5	Mannosyl-glycoprotein endo-beta-N-acetylglucosamidase-like domain-containing protein	35433.72	12	TRUE	2	12	12	12	12	12	12	12	11	11	5	4	3	3	792.6	58010.6	137396.8	239256.9	363127.6	240379.3	224856.6	121099.8	52345.3	30882.3	10588.4	5622.8	2740.4	1873.7	0.002182704	0.15975266	0.378370578	0.658878312	1	0.661969236	0.619222004	0.333491037	0.144151257	0.085045312	0.029158896	0.015484364	0.007546659	0.005159894		Tat/SPI
D4GSJ7	3-dehydroquinate dehydratase	27330.37	24	TRUE	16	24	24	23	23	23	23	23	21	17	15	9	3	2	1176.2	105916.3	220914.4	333954.3	352308.9	172862.3	92401.9	51096	17562.8	8957.3	2560.6	884.1	174.7	85.6	0.003338548	0.300634755	0.627047458	0.947901969	1	0.490655501	0.262275236	0.145031817	0.049850571	0.025424564	0.007268054	0.002509446	0.000495872	0.000242969		
D4GYX4	UPF0200 family protein	20714.06	36	TRUE	19	36	36	36	36	32	29	24	18	11	9	3	2	0	5793.3	469856.8	584918.3	551459.6	351048.3	133108.4	63522.6	25403.5	9412.5	4668.2	2239.9	190.3	91.8	0	0.00990446	0.803286203	1	0.942797652	0.600166382	0.227567508	0.108600808	0.043430852	0.016091991	0.007980944	0.003829424	0.000325345	0.000156945	0		
D4GVC2	Phosphoribosylformylglycinamidine synthase subunit PurS	9316.35	13	TRUE	0	9	10	11	12	13	12	13	12	11	9	9	8	5	0	9330.1	36145.9	125419.2	339141	360863	359263.7	321465	181573.3	120605.4	39856.1	16399	8086.4	4729	0	0.025854964	0.10016516	0.347553504	0.939805411	1	0.995568124	0.890822833	0.503164082	0.334213815	0.110446624	0.045443839	0.022408504	0.013104696		
D4GWS5	Transcription factor E	20648.81	21	TRUE	8	18	21	20	20	20	16	16	13	9	8	5	1	1	3733.6	140362.3	248327.9	340975.1	331701.1	192034.7	123429.6	74498.8	26719.9	15263.9	5854.3	2248.3	170.3	53.8	0.010949773	0.411649707	0.728287491	1	0.972801533	0.563192738	0.361990069	0.218487508	0.0783632	0.044765439	0.017169289	0.006593737	0.00049945	0.000157783		
D4GW02	UspA domain protein	15170.94	19	TRUE	11	19	19	19	19	19	19	19	17	15	12	10	7	1	1471.2	139507.8	233588.3	289408.3	330558.2	177464.8	117230.4	99619.9	45989.2	35469.9	12949.4	5406	2422.1	246	0.004450653	0.422037027	0.706648027	0.875513903	1	0.536864008	0.354643751	0.301368715	0.139125879	0.107303041	0.039174342	0.016354155	0.007327303	0.000744196		
D4GWB2	Small ribosomal subunit protein uS15	17529.43	26	TRUE	10	26	26	26	26	26	25	24	21	16	8	4	1	0	2569.1	134535.2	256800.5	338797.4	327389.6	161002.1	82600.5	44788.3	15994.4	9635	3250.9	1269	137.4	0	0.007582998	0.397096318	0.757976596	1	0.966328549	0.475216457	0.243805	0.132197886	0.047209335	0.028438825	0.00959541	0.003745601	0.000405552	0		
D4GZC8	CopG domain protein	6674.41	12	TRUE	0	11	12	12	12	12	12	11	10	8	5	3	1	0	0	28370.6	102145.9	224921.7	286847.8	188414.7	132574.6	83521.7	29703.8	16719.7	4837	1377.1	299.6	0	0	0.098904715	0.356097903	0.78411513	1	0.656845547	0.462177503	0.291170788	0.103552476	0.058287705	0.016862601	0.004800804	0.001044456	0		
D4GS31	FMN-binding domain protein	17328.23	21	TRUE	9	19	19	20	21	19	17	16	14	12	9	5	1	0	677.2	106354.1	165066	265804.8	275473.4	126273	64884.9	38276.2	13522.6	8247.4	2473.3	781.9	24	0	0.002458314	0.386077567	0.59920849	0.964901874	1	0.458385456	0.23553962	0.138946991	0.049088587	0.029939007	0.008978362	0.002838387	8.71E-05	0		
D4GU32	PRC domain protein	9493.82	12	TRUE	1	11	11	12	12	11	11	9	9	5	4	3	3	0	578.7	111033.4	228043.2	292614.9	275327.1	169860.6	106378.5	70207.2	32521.5	20096.9	7623.4	3804.5	1343.9	0	0.001977685	0.379452311	0.779328735	1	0.940919618	0.580491971	0.363544372	0.239930366	0.111140957	0.068680371	0.026052672	0.01300173	0.004592726	0		
D4GRY2	Beta-lactamase domain protein	22701.71	17	TRUE	6	15	16	17	17	17	17	16	13	12	6	3	2	1	375.2	62246.1	154705.3	264747.7	268013.6	155502.7	99384	45558.1	13726.1	9528.9	1136.3	215.7	140.6	163.2	0.001399929	0.232249781	0.57722929	0.987814424	1	0.580204512	0.370817003	0.169984284	0.051214192	0.035553793	0.00423971	0.00080481	0.0005246	0.000608924		
D4GVV5	UspA domain protein	15416.17	12	TRUE	4	10	12	12	12	11	10	10	10	9	7	5	2	2	814.8	76087.6	137992.5	210748.8	227864.6	100837.5	61958.4	54417.9	23016.2	14367.9	6162.9	2360.9	638.7	356.5	0.003575808	0.333915843	0.605589899	0.924886095	1	0.442532539	0.271908844	0.238816824	0.10100823	0.063054551	0.027046325	0.010360978	0.00280298	0.001564526		
D4GZN0	Phosphopantetheine adenylyltransferase	18561.55	16	TRUE	4	15	16	16	16	15	15	13	11	10	9	2	0	1	380.7	76076.8	165407.2	246205.6	221954.8	99102.7	62213.3	24289.3	8958	4822.7	1249.9	224.9	0	176.3	0.001546269	0.308997033	0.671825499	1	0.901501834	0.402520089	0.252688404	0.098654539	0.036384225	0.0195881	0.005076651	0.000913464	0	0.000716068		
D4GUV6	FAD-dependent oxidoreductase	21777.45	8	TRUE	4	8	8	8	8	8	7	5	4	2	1	0	0	0	2154.4	241186.1	276109.9	323778.1	220093.7	103438.4	46436.8	18940.6	5821.7	2289	692.4	0	0	0	0.00665394	0.744911716	0.852775095	1	0.6797671	0.319473121	0.143421683	0.058498706	0.017980524	0.007069657	0.002138502	0	0	0		
D4GSW0	DNA-binding protein HVO_1857	13769.4	29	TRUE	10	28	29	29	29	27	25	19	12	10	7	7	4	2	1827.6	79101.6	124836.5	208677.5	209704.5	101248.2	46838.9	26027.3	8463	6059.2	3045.6	3238.5	1949.8	1528.5	0.008715121	0.377205067	0.595297192	0.995102633	1	0.482813674	0.223356676	0.12411417	0.040356788	0.028893991	0.014523293	0.015443159	0.009297845	0.007288828		
D4GQN5	CRISPR-associated protein Cas8b	79351.66	38	TRUE	24	38	38	37	37	36	32	31	23	20	13	11	9	8	3410.7	196238.9	256755.2	264818.2	200848.3	79201.5	43942.9	22389.5	9994.3	6279.2	3055.7	1961.2	1061.4	1060	0.012879402	0.741032527	0.969552697	1	0.758438431	0.299078764	0.165936103	0.084546681	0.037740231	0.023711361	0.011538859	0.007405835	0.004008033	0.004002746		
D4GYZ1	Proteasome subunit beta	25993.77	33	TRUE	4	30	31	32	33	31	23	19	16	12	10	7	7	7	38.4	110759.5	91753.2	142715.6	195740.1	27423.5	92626.1	11161.5	5705.4	70323.7	3058.1	3130.5	4686.8	6337	0.000196179	0.565849818	0.468750144	0.729107628	1	0.140101594	0.473209628	0.057022041	0.029147834	0.359270788	0.015623268	0.015993146	0.023943995	0.032374562		
D4GS24	Large ribosomal subunit protein uL16	19765.53	18	TRUE	12	17	18	18	18	18	17	17	16	13	10	2	1	0	2068.5	26647.8	65188.3	142548.6	184953.1	101307.7	51694.1	40454.1	14823.1	7576.5	2477.4	311.2	27.1	0	0.011183916	0.144078688	0.352458542	0.770728363	1	0.547748051	0.279498424	0.218726261	0.080145183	0.040964439	0.013394747	0.001682589	0.000146524	0		
D4GXL4	GNAT family acetyltransferase	16285.73	23	TRUE	0	18	20	21	23	23	23	21	20	20	17	10	6	2	0	5785.6	22690.5	80423.8	177129.5	159336.2	147106.2	124531.5	55579.3	36503.1	11579	3736.4	1111	294.9	0	0.032663108	0.128101192	0.454039559	1	0.899546377	0.830500848	0.703053416	0.313777773	0.206081426	0.065370252	0.021094171	0.006272247	0.001664884		
D4H036	PRC domain protein	10821.12	12	TRUE	9	12	12	12	12	12	12	12	10	10	10	9	7	5	10930.3	76311.9	121704.8	164736.7	173919	130782	118890	131126.7	91681.6	96048.6	55152.7	31389.4	12269	6235.1	0.062847072	0.438778397	0.699778633	0.947203583	1	0.751970745	0.683594087	0.753952702	0.527151145	0.552260535	0.317117164	0.180482868	0.070544334	0.035850597		
D4GTX8	Large ribosomal subunit protein eL19	17328.34	14	TRUE	3	13	14	14	14	12	10	8	7	5	5	4	4	3	462.3	64004.1	109732.6	184715.5	167267.8	90491.9	49963.2	25414.9	8510.8	7330	4577.7	4093.5	2821.3	2372.1	0.002502768	0.34650097	0.594062761	1	0.905542848	0.48989879	0.270487317	0.137589428	0.04607518	0.039682647	0.024782436	0.022161107	0.015273759	0.012841911		
D4GSH1	NAD-dependent epimerase/dehydratase-like protein	22341.53	14	TRUE	6	13	14	14	13	13	13	10	7	7	4	2	1	0	746.4	96471.3	153614.4	196595.8	166396.4	72264.4	36744.2	16136.5	5617.4	4721.6	1085.2	301.8	44	0	0.003796622	0.490708855	0.781371728	1	0.846388377	0.367578555	0.186902263	0.082079576	0.028573347	0.02401679	0.005519955	0.001535129	0.000223809	0		
D4GWN1	DNA repair and recombination protein RadB	24600.23	19	TRUE	6	17	19	19	19	18	18	18	16	14	13	6	5	0	163.9	24254.7	51229.7	106406	154223.9	100924.9	64742.1	46238.8	22120.4	14404	6809.3	1971.2	631.1	0	0.001062741	0.157269399	0.332177438	0.689944944	1	0.654405057	0.419792911	0.299816047	0.143430428	0.093396678	0.044152041	0.012781417	0.004092102	0		
D4GYB9	UspA domain protein	13773.36	11	TRUE	4	11	11	11	11	11	11	11	11	10	10	6	5	3	422.7	57998.2	91554.1	133073.9	153836.5	99965.9	87659.1	82337.8	53745.4	50047.1	23909.2	9906.1	3206.4	1258.8	0.002747722	0.377011958	0.595138995	0.865034631	1	0.649819126	0.569819906	0.535229286	0.349367023	0.325326564	0.155419553	0.064393691	0.020842908	0.008182713		
P50559	Large ribosomal subunit protein uL5	19118.25	16	TRUE	5	16	15	16	16	16	16	13	10	7	5	2	2	1	619.3	25086.4	63630.1	134715.1	152513.5	106263	60468.7	33330.3	12900.3	6830.4	2707	944.3	478.7	205.7	0.004060624	0.164486423	0.417209624	0.883299511	1	0.696744878	0.396480967	0.218539998	0.084584643	0.044785544	0.017749248	0.006191583	0.003138739	0.001348733		
D4GQF0	PadR family transcription regulator	11035.18	7	TRUE	0	4	5	6	7	7	7	7	7	7	7	7	7	6	0	4537.6	20841.4	74955.3	150061.9	193922.8	244874.2	219148.2	148596.9	189312.5	164762.1	196279.8	172940.2	162875.5	0	0.018530331	0.08511064	0.306097172	0.612812211	0.791928264	1	0.894941974	0.606829548	0.773101045	0.672843852	0.801553614	0.706241	0.665139488		
D4GZZ8	Uncharacterized protein	18086.77	17	TRUE	2	13	14	17	17	17	17	15	12	7	6	6	1	0	48.2	10582.2	36060.5	96950.8	147829.6	119659.2	97487.5	50064.9	18426.1	9642.9	3155.9	1483.5	59.5	0	0.000326051	0.071583769	0.243932879	0.655828061	1	0.809440058	0.659458593	0.338666275	0.124644185	0.065229832	0.021348228	0.010035203	0.00040249	0		
D4GYR5	NifU C-terminal domain protein	13200.46	13	TRUE	3	12	12	13	13	13	13	13	12	11	10	2	0	0	1018.2	13791.2	38291.8	89540	127779.1	100595.4	73653.1	59844.5	27313.2	19277.9	8493.9	3602	0	0	0.007968439	0.107930014	0.299671856	0.700740575	1	0.787260201	0.576409601	0.468343415	0.213753266	0.150868961	0.066473312	0.028189274	0	0		
D4GY73	Aspartate carbamoyltransferase regulatory chain	16713.84	12	TRUE	5	9	11	12	12	12	12	12	11	11	9	7	3	1	1112.7	11511	31780.8	80740.8	123259.9	109904.8	88647	80540.2	46079.7	39085.9	15061	6573.2	1323	690.6	0.009027267	0.093388036	0.257835679	0.655045153	1	0.891650894	0.719187668	0.653417697	0.373841777	0.317101507	0.122188968	0.053327968	0.010733418	0.005602795		
D4GTD0	GTP-dependent dephospho-CoA kinase	18733.1	12	TRUE	1	11	12	12	12	12	10	8	5	6	2	1	1	1	176.6	22809.3	57266.1	104583.1	122701.9	64567.9	33433	16837.7	6140.1	3256.9	835.3	338.8	54.2	79.3	0.001439261	0.185891987	0.466709154	0.852334805	1	0.526217605	0.272473368	0.137224444	0.05004079	0.026543191	0.006807556	0.002761163	0.000441721	0.000646282		
D4GRW6	Glyoxalase domain protein	33436.38	27	TRUE	16	26	27	27	27	26	26	25	21	14	8	1	1	0	2059.9	84598.6	124620.3	158434.5	122362.2	62192	36550.2	17294.8	6074.3	2995.1	652.7	100.8	51.4	0	0.013001587	0.533965771	0.786573	1	0.772320423	0.392540766	0.230695966	0.109160568	0.038339503	0.018904342	0.004119684	0.000636225	0.000324424	0		
D4GXD8	Putative adenylate kinase	18720.52	14	TRUE	4	12	14	14	14	14	14	14	9	8	6	4	1	0	281.1	18768.3	50946.3	100900.8	121234.6	76678.3	44797.7	25395.7	8649.8	5378	1428.7	697.7	383.1	0	0.002318645	0.154809766	0.420229044	0.832277254	1	0.632478682	0.369512499	0.209475678	0.071347619	0.044360273	0.01178459	0.005754958	0.003159989	0		
D4GQE6	HTH domain protein	17875.67	20	TRUE	13	20	20	20	20	19	14	12	8	5	4	3	0	0	9249.1	163741.1	176066.8	178885	116985.4	45454	18103.7	9413.6	2755.7	1724.8	883.8	120.2	0	0	0.051704167	0.915342818	0.984245744	1	0.653969869	0.254096207	0.101203008	0.052623753	0.015404869	0.009641949	0.004940604	0.00067194	0	0		
D4GST3	Uncharacterized protein	15319.68	14	TRUE	3	7	12	14	14	14	14	14	14	9	6	2	1	0	1184.7	4124.5	14984.4	54591.7	116773.4	127977.6	116803.8	83721.5	38541.4	24490.2	7401.4	2452.5	1002.5	0	0.009257089	0.032228296	0.117086115	0.426572306	0.912451867	1	0.912689408	0.654188702	0.30115739	0.191363176	0.057833558	0.01916351	0.007833402	0		
D4GVE6	Uncharacterized protein	17687.24	12	TRUE	0	10	12	12	12	12	11	11	10	9	7	2	0	0	0	10072.8	33063.3	73939.5	112900.5	80152.1	52138.7	36737.7	12060.2	7268.6	2181.4	300.2	0	0	0	0.089218383	0.292853442	0.654908526	1	0.70993574	0.461811064	0.325398913	0.106821493	0.064380583	0.019321438	0.002658978	0	0		
D4GT82	Transcription elongation factor Spt5	16317.38	10	TRUE	0	8	10	10	10	10	7	6	6	3	4	2	0	0	0	37994.8	58766.8	105357.5	107522.3	42181.1	17272.3	11890.4	4575.1	1747.6	1832.2	471	0	0	0	0.353366697	0.546554529	0.979866502	1	0.392300946	0.160639235	0.110585432	0.042550243	0.016253373	0.017040186	0.004380487	0	0		
D4GSH0	Cro/C1 family transcription regulator	25792.92	25	TRUE	3	24	25	25	25	25	23	23	19	14	10	6	1	0	72.5	23535.7	49473.1	88092.1	102752.5	58952.3	33185.8	20630.2	7810	4717.1	1388.1	378	42.1	0	0.000705579	0.229052334	0.48147831	0.857323179	1	0.573731053	0.322968298	0.20077565	0.076007883	0.045907399	0.01350916	0.003678743	0.000409722	0		
D4GRX7	Pyridoxal 5'-phosphate synthase subunit PdxT	21473.96	12	TRUE	3	10	10	11	12	12	11	9	10	6	5	4	2	0	47.4	13173.9	33608.3	81229.9	101856.8	80566.6	55395.2	29934.3	12183.4	6324.9	1661.3	600.6	124.2	0	0.000465359	0.129337462	0.32995637	0.797491184	1	0.7909791	0.543853724	0.293886122	0.119613025	0.062096001	0.016310153	0.005896514	0.001219359	0		
D4GTG0	Probable GTP-binding protein EngB	23578.69	29	TRUE	0	18	26	29	29	28	29	27	23	16	10	8	3	2	0	7008.4	22765.3	64804	96312.6	81388.8	56583	38964.9	16377.2	9634.6	3364.6	1166.5	283.1	143.5	0	0.072767218	0.236368866	0.672850697	1	0.845048311	0.587493225	0.404567004	0.170042134	0.100034679	0.034934162	0.012111603	0.002939387	0.00148994		
D4GZS7	TRAM domain protein	17146.88	11	TRUE	3	10	11	11	11	10	10	10	9	4	3	1	0	0	401.7	17747.9	50722.7	83304.1	93532.4	60672.2	34286.9	29982.3	10385.7	4263	1498.7	527	0	0	0.004294768	0.189751359	0.54230085	0.890644311	1	0.648675753	0.366577785	0.32055523	0.111038528	0.045577789	0.016023325	0.005634411	0	0		
D4GWK7	Uncharacterized protein	19722.99	10	TRUE	2	10	10	10	10	9	9	8	6	7	6	5	2	1	115.3	44748	79370.8	102475.1	92978.1	49748.9	29296.7	22501.9	12153.8	13144.8	7860.4	4060.5	852.2	381.5	0.001125151	0.436671933	0.774537424	1	0.907323828	0.485473056	0.285890914	0.219584075	0.11860247	0.128273112	0.076705463	0.03962426	0.008316167	0.003722856		
D4GXU9	Transcription factor S	11994.17	11	TRUE	0	7	9	11	11	11	11	11	8	2	2	0	0	0	0	3767.3	15077.9	36517.3	88399.5	84141.2	66677	41526.7	22313.6	8812.9	5863.9	0	0	0	0	0.042616757	0.170565444	0.413093965	1	0.951828913	0.754268972	0.469761707	0.252417717	0.099694003	0.066334086	0	0	0		
D4GUK9	Ferritin domain protein	18567.25	10	TRUE	9	9	9	10	10	9	9	9	9	9	8	5	3	3	7888.4	41620.7	57892.2	83941.6	80293.5	46963.8	28606.7	17054.1	8717.6	8152.2	4282.7	3641.9	496.5	378.9	0.093974859	0.495829243	0.689672344	1	0.956540023	0.55948183	0.340792885	0.203166249	0.103853155	0.09711752	0.051019995	0.043386116	0.005914826	0.004513852		
D4GTL7	GATase domain protein	35209.46	8	TRUE	8	8	8	8	8	8	8	8	7	5	6	4	3	2	150811.5	32041.5	37704.4	59109.5	77589.4	55198.1	40993.4	37646.8	15534.5	10038	5746.6	1741.9	838.6	267.2	1	0.212460588	0.250010112	0.391942922	0.514479333	0.366007234	0.271818794	0.249628178	0.10300607	0.066559911	0.038104521	0.01155018	0.005560584	0.001771748		
D4GZW3	"Purine phosphoribosyltransferase (Adenine phosphoribosyltransferase, xanthine-guanine phosphoribosyltransferase)"	25461.55	18	TRUE	8	18	18	18	18	17	17	14	10	6	3	1	1	0	1752.3	87466	105126.2	107495.6	75447.2	33789.9	16814.3	6960.2	2093.9	1103.4	149.6	33.2	8.7	0	0.016301132	0.813670513	0.977958168	1	0.701863146	0.314337517	0.156418495	0.064748697	0.019478937	0.010264606	0.001391685	0.00030885	8.09E-05	0		
D4GXJ9	Uncharacterized protein	14935.48	9	TRUE	6	9	9	9	9	9	9	9	9	9	8	7	6	4	3281.4	87474	80094	95815.5	74171.1	44218.2	34526.2	26629	16364.8	19372.7	11381.4	8330.1	3955.7	3861.6	0.034247069	0.912942061	0.835919032	1	0.774103355	0.461493182	0.360340446	0.277919543	0.170794913	0.202187538	0.118784539	0.086938961	0.041284552	0.040302456		
D4GST1	UspA domain protein	16457.24	24	TRUE	15	23	23	24	23	23	24	21	21	13	7	4	0	0	5319.5	58155.4	55512.7	65402.1	73924.8	50514.5	35734.9	25985.3	11878.1	7953.5	2584.9	1113.1	0	0	0.07195826	0.786683224	0.750934734	0.88471122	1	0.683322782	0.483395288	0.351509913	0.160678149	0.107589063	0.034966615	0.015057193	0	0		
D4GWX9	HTH domain protein	13078.48	11	TRUE	2	11	11	11	11	9	7	7	5	3	1	0	1	0	112.3	39891.6	44298	55264.1	72943.7	23212.1	14263.3	6550.7	1620.2	673.6	129.5	0	77.7	0	0.001539544	0.546882047	0.60729028	0.757626772	1	0.318219394	0.195538477	0.089804877	0.022211651	0.009234519	0.001775342	0	0.001065205	0		
D4GZF3	Glutamine amidotransferase	26166.68	19	TRUE	6	15	18	19	19	19	17	14	12	7	5	1	0	0	317.4	37875.4	56049	78251.8	71830.3	33486.4	18779.1	10073.6	3145.6	1317.4	373.9	35.6	0	0	0.004056137	0.484019537	0.716264674	1	0.91793799	0.42793137	0.239982978	0.128733141	0.040198436	0.016835395	0.004778165	0.000454942	0	0		
D4GVC7	Sir2-type NAD-dependent protein deacetylase	26903.78	27	TRUE	7	26	26	27	27	25	22	17	13	8	7	1	0	0	1141.7	40334.9	60786.4	78413.4	71251.4	29943.2	14760.8	7828.9	2886.2	1574.6	549.5	143.1	0	0	0.014560011	0.514387847	0.775204238	1	0.90866357	0.381863304	0.188243336	0.099841354	0.036807484	0.020080752	0.007007731	0.001824943	0	0		
D4GS56	Archaeal histone	15761.77	19	TRUE	0	14	16	18	19	18	15	13	12	10	8	7	3	2	0	9947.4	36951.6	66658.6	70491.9	48831.8	41154.2	28604.1	19029.9	14920.1	7047.7	5053	942.2	436	0	0.141114085	0.524196397	0.945620703	1	0.692729236	0.583814594	0.405778536	0.269958676	0.211656942	0.099978863	0.071681995	0.013366075	0.006185108		
D4GTW1	Oxidoreductase (Short-chain dehydrogenase family)	23610.27	24	TRUE	5	23	23	23	24	24	21	19	13	10	6	3	2	2	458.2	19473.8	38064.2	61588.4	70262.4	36467.2	20139.6	14647.5	6457.2	4146.9	1711.6	701.1	341.4	292.1	0.006521269	0.277158196	0.541743521	0.876548481	1	0.519014437	0.286634103	0.208468541	0.091901216	0.059020187	0.024360113	0.00997831	0.004858929	0.004157273		
D4GTB6	Uncharacterized protein	17263.44	18	TRUE	0	12	14	16	17	17	17	17	16	15	15	11	3	0	0	1147.8	5563.6	25679.6	67548.7	80431	89601.9	81835.3	42893	33869.5	12057.4	4674.3	222.8	0	0	0.012809996	0.062092433	0.286596601	0.753875755	0.897648376	1	0.913321034	0.478706367	0.377999797	0.134566343	0.052167421	0.002486554	0		
D4GX55	DNA N-glycosylase	21817.37	21	TRUE	2	20	21	21	21	20	17	13	12	7	4	1	0	0	26.9	27868.8	54006.4	79799.3	66664.2	30471.2	18504.7	7316.4	2397.5	1165.1	189.6	18	0	0	0.000337096	0.349236146	0.676777866	1	0.835398305	0.381847961	0.231890505	0.091685015	0.030044123	0.014600379	0.002375961	0.000225566	0	0		
D4GZ16	AMP-dependent synthetase/ligase domain-containing protein	24597.58	11	TRUE	0	11	10	11	11	11	11	9	8	8	4	3	0	0	0	9005.6	25006.3	52187.7	63766.4	42795.3	31570.8	16051.9	6728.9	3584.3	688.8	243.7	0	0	0	0.141227982	0.392154803	0.818420046	1	0.671126173	0.495100868	0.251729751	0.105524226	0.056209853	0.010801927	0.003821762	0	0		
D4GWA2	tRNA-specific adenosine deaminase	22309.88	19	TRUE	0	18	19	17	17	16	16	15	10	5	2	0	0	0	0	31253.2	54910.1	74449.9	63647.8	29054.3	17714.2	7314.1	2157.3	771.9	128.3	0	0	0	0	0.419788341	0.737544308	1	0.854907797	0.390253043	0.237934504	0.098241905	0.028976533	0.010368046	0.001723307	0	0	0		
D4GYA6	Cell surface protein	8035.9	13	TRUE	6	10	13	13	13	13	12	12	8	6	3	1	1	1	442.8	51231.8	79073.5	86750.7	61178.1	29639.2	17714	13980.7	5950.2	4506.7	4025.1	534.5	318.7	183.3	0.005104282	0.590563534	0.911502731	1	0.705217364	0.341659491	0.204194318	0.161159506	0.068589648	0.051950013	0.046398473	0.006161334	0.003673746	0.002112951		
D4GZ61	Alpha/beta hydrolase fold protein	23274.72	9	TRUE	2	9	9	9	9	9	8	9	6	4	4	3	1	1	4177.7	12141	28643.8	52055.7	59495.5	40872.9	26912.6	20821.5	8192.9	9670.5	3132.3	2082.8	2352	2129.8	0.070218756	0.204065854	0.481444815	0.874951887	1	0.686991453	0.452346816	0.349967645	0.137706213	0.162541705	0.052647679	0.03500769	0.039532402	0.035797665		
D4H081	Plasmid pRiA4b Orf3-like domain-containing protein	21307.03	10	TRUE	0	10	10	10	10	10	10	7	4	3	1	0	0	0	0	19799.7	34681.6	58790.4	56663.6	29686.8	15009.7	6725.6	1949.5	1069.8	45.9	0	0	0	0	0.336784577	0.589919443	1	0.963824026	0.504959993	0.25530869	0.11439963	0.033160176	0.018196848	0.00078074	0	0	0		
D4GSC7	AMMECR1 domain protein	21717.23	15	TRUE	2	7	12	14	15	15	15	15	13	12	10	7	1	0	13.3	2181	9114.3	29634	55888.5	62076.6	66093.6	52642.4	32200.6	17874.1	5885.5	3068	1170.7	0	0.00020123	0.032998656	0.137899887	0.448364138	0.845596245	0.939222557	1	0.796482564	0.487196945	0.270436169	0.089047956	0.046419018	0.017712759	0		
D4GST0	UspA domain protein	15802.62	8	TRUE	7	8	8	8	8	8	8	8	7	7	7	5	5	1	9609.7	55756.7	73987.3	75976.7	55555.7	29733.1	18436.8	13970.2	8709.7	8720.8	4964.4	2095.3	819.4	75.1	0.126482198	0.733865777	0.973815657	1	0.731220229	0.391344978	0.242663869	0.183874793	0.114636461	0.114782558	0.065341085	0.027578192	0.010784885	0.000988461		
D4GWL8	HAD superfamily hydrolase	23422.25	17	TRUE	5	17	17	17	17	17	16	12	10	7	1	0	0	0	291.1	29884.9	52927.3	67185.1	55324.5	24627.7	12092.3	6210.2	1841.6	744.7	67.9	0	0	0	0.004332806	0.444814401	0.787783303	1	0.823463833	0.366564908	0.179984848	0.092434186	0.02741084	0.011084303	0.001010641	0	0	0		
D4GXQ1	TrmB family transcription regulator	15252.07	11	TRUE	2	10	11	11	11	9	9	7	4	4	3	3	1	1	560.9	58141	74820.8	84219	54964.5	28868.8	15626.2	8178.1	3077.5	2469.4	1143.3	735.9	216.2	159.2	0.006660017	0.690354908	0.888407604	1	0.652637766	0.342782508	0.185542455	0.097105166	0.036541635	0.029321175	0.013575321	0.008737933	0.002567117	0.00189031		
D4GTF7	COG0212-type thiamine metabolism protein	26533.49	25	TRUE	10	24	24	24	24	21	18	15	10	6	1	0	0	0	1096	56268.8	68671.1	73972.3	54368.4	21753	9439.1	4363.3	1156.5	388.6	40.6	0	0	0	0.014816357	0.760673928	0.928335336	1	0.73498323	0.294069537	0.12760317	0.058985593	0.015634231	0.005253318	0.000548854	0	0	0		
D4GX53	Redoxin domain protein	20546.33	11	TRUE	1	11	11	11	11	10	9	7	3	1	1	0	0	0	45.5	18134.7	41903.1	68369	54264.9	29410.5	17811.2	7855.7	1778.2	787	238.1	0	0	0	0.000665506	0.265247407	0.612896196	1	0.793706212	0.430173032	0.260515731	0.11490149	0.026008864	0.011511065	0.003482573	0	0	0		
D4GYY0	Ribosome biogenesis protein Dim2	19923.55	7	TRUE	2	5	5	6	7	7	7	7	7	5	3	3	1	0	387.1	1845.2	7010.5	24489.2	52440.7	55726.9	48883.1	44358.6	20644.1	15483.5	4928.9	1791.2	489.9	0	0.006946376	0.033111478	0.125801005	0.439450248	0.941030274	1	0.877190369	0.795999777	0.370451254	0.277846067	0.08844741	0.032142466	0.008791087	0		
D4GRY5	Type-4 uracil-DNA glycosylase	21129.46	14	TRUE	2	13	12	14	14	13	13	12	12	11	8	3	1	0	8.5	6485.2	15321.2	35941.1	50877	38316.4	27566	20102.9	8184.1	5173.9	1255.6	291.5	51	0	0.00016707	0.127468208	0.30114197	0.706431197	1	0.753118305	0.541816538	0.395127464	0.160860507	0.101694282	0.024679128	0.005729504	0.001002418	0		
D4GV15	Rieske-type (2Fe-2S) iron-sulfur protein	22648.91	18	TRUE	6	14	14	16	18	15	15	15	14	11	6	4	3	2	267.9	5081.8	10254.3	29369.3	50047.9	43469.6	36129	22223.9	10140.9	5890.7	1814.3	806.7	413.4	406	0.005352872	0.101538726	0.204889716	0.586823823	1	0.86855992	0.721888431	0.444052598	0.202623886	0.117701242	0.036251271	0.016118558	0.008260087	0.008112228		Tat/SPI
D4GZR4	Cupin 2 barrel domain protein	13707.02	13	TRUE	11	12	13	13	13	13	13	13	8	5	3	1	0	0	6662	16893.7	24028	36785.8	49174.7	29809.9	22545.5	14831.7	4957.5	3447.9	567.2	127.1	0	0	0.13547617	0.343544546	0.488625248	0.748063537	1	0.606204003	0.458477632	0.301612415	0.100814036	0.070115324	0.011534387	0.002584662	0	0		
D4GVC1	Phosphoribosylformylglycinamidine synthase subunit PurQ	23882.28	13	TRUE	6	13	13	12	12	12	12	11	8	8	8	5	1	0	438.8	19339.5	29154.2	49891.9	48754.2	25863.3	14226.8	12027.9	4827.3	3758.4	1919.2	899.2	113	0	0.008795015	0.387628052	0.584347359	1	0.977196699	0.518386752	0.2851525	0.241079213	0.096755185	0.075330865	0.038467166	0.018022966	0.002264897	0		
D4GZL1	Type II toxin-antitoxin system HicB family antitoxin	9433.06	7	TRUE	1	7	7	7	7	7	6	6	6	4	3	2	1	0	140.6	14050.7	26426.5	42174.9	48342	29181.8	26647.5	32906.9	20618.6	14755.7	7316.2	2723.1	862.1	0	0.002908444	0.290652021	0.546657151	0.872427703	1	0.603653138	0.551228745	0.680710355	0.426515246	0.305235613	0.151342518	0.056329899	0.017833354	0		
D4GXH3	Aminoglycoside N3'-acetyltransferase	28861.75	6	TRUE	6	4	2	2	2	1	1	1	1	1	1	1	1	1	36756.3	8082.7	40165.1	43771.3	46689.3	54923.4	82743.2	62715.1	60573.5	58367.7	31205.3	18760.8	29645.4	24442	0.444221398	0.09768416	0.485418741	0.529001779	0.564267517	0.663781435	1	0.757948689	0.7320662	0.705407816	0.377134314	0.226735248	0.35828201	0.295395875		
D4GXH2	Hydrogenase maturation nickel metallochaperone HypA	25813.52	17	TRUE	9	17	17	17	17	17	16	14	12	8	1	0	0	0	553.8	21935.9	40177.1	50629.7	45895.5	19152.3	9592.4	5737	1869.5	628.3	46.9	0	0	0	0.010938244	0.433261505	0.793548056	1	0.906493619	0.378281918	0.189461917	0.113312937	0.036924967	0.012409712	0.000926334	0	0	0		
D4GZ45	UPF0361 family protein	26240.97	14	TRUE	3	14	14	14	14	13	11	8	6	4	1	0	0	0	115.3	40351.3	53749.9	65147	45562.9	19414.6	8765.3	3528.3	850.5	377.5	11.9	0	0	0	0.001769844	0.61938846	0.825055643	1	0.699386004	0.298012188	0.134546487	0.054159056	0.013055091	0.005794588	0.000182664	0	0	0		
D4GVX1	GIY-YIG nuclease family protein	27711.48	24	TRUE	0	22	24	24	24	24	24	21	17	11	3	0	0	0	0	17207.1	31491.5	54489.3	44547.7	27649	16042.5	8399.6	2301.6	1487.5	329.8	0	0	0	0	0.315788604	0.577939155	1	0.817549501	0.507420723	0.294415601	0.154151365	0.042239486	0.027298938	0.006052564	0	0	0		
A0A1C9J6V5	Uncharacterized protein	3574.88	5	TRUE	0	5	5	5	5	5	5	5	4	2	1	0	0	0	0	5025.7	17118.2	36466.4	43791.3	29353.5	18220.8	10776.6	3795.1	1524.2	345.3	0	0	0	0	0.114764805	0.390904129	0.832731616	1	0.670304376	0.416082647	0.246089977	0.086663333	0.034806	0.007885128	0	0	0		
D4GRT8	Glyoxalase domain protein	14693.03	11	TRUE	5	11	11	11	11	9	9	7	5	4	2	1	1	1	10832.8	50165	61068	60021	43278.6	27423.1	23063.1	18369.9	14172.8	15699.8	8320	9925.3	6695.3	5427.5	0.17738914	0.821461322	1	0.982855178	0.708695225	0.449058427	0.377662606	0.300810572	0.232082269	0.257087182	0.136241567	0.162528657	0.109636798	0.088876335		
D4GYK8	KEOPS complex subunit Cgi121	17825.83	10	TRUE	0	7	9	10	10	10	10	10	9	5	4	2	2	0	0	2544.9	7389.9	22045	42226	40045	37238.4	30762.1	16720.4	13549.2	7108.9	670	212.6	0	0	0.060268555	0.175008289	0.522071709	1	0.948349358	0.8818832	0.72851087	0.395974044	0.320873396	0.168353621	0.015867001	0.005034813	0		
D4GTQ5	Uncharacterized protein	17611.16	12	TRUE	0	11	12	12	12	10	10	8	6	3	2	0	0	0	0	12058.8	27899.8	45920.6	41993.1	23621.3	13341.8	6168.1	1886.4	685.6	106.5	0	0	0	0	0.262601098	0.607566103	1	0.914471936	0.514394411	0.290540629	0.13432098	0.041079603	0.014930119	0.002319221	0	0	0		
D4GXV4	S-adenosylmethionine-dependent methyltransferase	21852.34	11	TRUE	0	11	11	11	11	11	10	10	8	4	3	2	1	0	0	7934.7	20756.1	35647.3	41869.8	24253.7	14850.4	8874.5	2391.8	1374.1	387.2	105.2	10.6	0	0	0.189508906	0.495729619	0.85138453	1	0.579264768	0.354680462	0.211954679	0.057124706	0.032818404	0.009247716	0.002512551	0.000253166	0		
D4GP17	SpoVT-AbrB domain-containing protein	8581.63	5	TRUE	3	5	5	5	5	5	5	5	4	5	4	2	1	1	227.1	30386	42833.2	50957.3	40295.1	15608.5	8757.5	9832.6	4687.1	3764.8	1768.9	842.4	309.1	172.4	0.004456673	0.596303179	0.840570438	1	0.790762069	0.306305475	0.171859577	0.192957633	0.091980933	0.073881465	0.034713378	0.016531488	0.006065863	0.003383225		
D4GYD8	Uncharacterized protein	16060.69	15	TRUE	0	15	15	15	15	15	12	11	5	3	2	1	0	0	0	8162.3	17723.7	40849.9	40078.9	18575.3	7326.1	7122	1733.2	541.5	218	32.5	0	0	0	0.199811995	0.433873767	1	0.981126025	0.454720819	0.179341932	0.174345592	0.0424285	0.013255846	0.00533661	0.000795596	0	0		
D4GS86	Peptidyl-prolyl cis-trans isomerase	17061.65	6	TRUE	3	5	6	6	5	5	5	5	5	3	2	1	0	0	164.1	40372.9	41306.8	50603.2	38929.8	16924.4	7769.9	2942.5	793.8	502.9	76	39.5	0	0	0.003242878	0.797832943	0.816288298	1	0.769314984	0.334453157	0.153545626	0.058148497	0.015686755	0.009938107	0.001501881	0.000780583	0	0		
D4GW09	Transcription initiation factor TFE beta subunit	13156.57	10	TRUE	4	9	9	10	10	10	8	9	8	5	3	1	1	1	85	15376.1	21866.6	33625.7	35663	21528.4	14537.5	10162	3840.5	3020.3	506.1	102.9	31.6	14	0.002383423	0.431149931	0.613145277	0.942873566	1	0.603662059	0.407635364	0.284945181	0.107688641	0.084690015	0.014191179	0.002885343	0.000886072	0.000392564		
D4GSI1	Adenosylcobalamin/alpha-ribazole phosphatase	22141.53	14	TRUE	0	13	14	14	14	14	11	8	8	4	1	0	0	0	0	17446.9	31332.2	41826.5	35177	17322.5	9488.8	4340.6	1619.6	388.1	17.9	0	0	0	0	0.417125507	0.749099255	1	0.84102184	0.414151316	0.226860961	0.103776314	0.038721863	0.009278806	0.000427958	0	0	0		
D4GP64	Probable cobalt-precorrin-6B C(15)-methyltransferase (decarboxylating)	19809.19	15	TRUE	13	15	15	15	15	14	13	13	12	10	10	8	5	2	6533.8	28096	28150.6	33943.5	35089	18392.3	11950.3	13513.5	6813	6415.9	4369.1	2450.1	1360.2	1474.2	0.186206503	0.800706774	0.802262817	0.967354442	1	0.524161418	0.340571119	0.385120693	0.194163413	0.182846476	0.124514805	0.069825301	0.038764285	0.042013167		
D4GWH7	Uncharacterized isochorismatase family protein HVO_2328	20695.79	15	TRUE	9	15	14	15	15	15	13	15	11	7	3	1	0	0	1106.7	5498.7	15770.5	25718.4	32633.9	19029.9	10426	7231	2547.4	1327	175.3	37.5	0	0	0.033912588	0.168496563	0.483255143	0.78808846	1	0.583132877	0.319483727	0.221579401	0.078059932	0.040663237	0.005371715	0.001149112	0	0		
D4GSE4	Uncharacterized protein	23994.41	18	TRUE	5	16	18	18	18	18	14	12	8	3	1	0	0	0	254.4	26458.7	39112.4	43563.2	30427.4	13558.9	6482.9	2606.8	648.9	138.4	17.6	0	0	0	0.005839791	0.607363555	0.897831197	1	0.698465677	0.311246649	0.148815973	0.059839498	0.0148956	0.003176993	0.000404011	0	0	0		
D4GWL6	Uncharacterized protein	14890.17	9	TRUE	0	9	9	9	9	8	7	8	5	2	0	0	0	0	0	20717.7	24926.2	36257.8	30236.9	13777	7392.7	2320.4	567.2	232.9	0	0	0	0	0	0.571399809	0.687471385	1	0.833941938	0.379973413	0.20389268	0.063997264	0.01564353	0.006423445	0	0	0	0		
D4GT97	Inorganic pyrophosphatase	20372.42	11	TRUE	6	7	10	11	11	11	10	11	8	5	4	4	1	0	1932.4	3764.3	8569.7	18707.9	29780.1	19229.2	14997.5	14173.1	6461	4762.7	1821.7	912.5	134.9	0	0.064888969	0.126403202	0.287765991	0.628201383	1	0.645706361	0.503608114	0.475925198	0.216956961	0.159928946	0.061171722	0.030641267	0.004529871	0		
D4GU11	Methylated-DNA--protein-cysteine methyltransferase	15848.73	16	TRUE	0	7	11	14	16	16	15	16	15	14	13	11	3	0	0	195	1844.2	9651.7	28776.4	39768.8	51350.8	47432.4	26055.5	19109.4	6232.4	2228.5	275.3	0	0	0.003797409	0.035913754	0.187956176	0.560388543	0.774453368	1	0.923693496	0.507402027	0.372134417	0.121369093	0.043397571	0.005361163	0		
D4GST4	Uncharacterized protein	16077.62	10	TRUE	0	5	8	9	10	10	10	10	10	9	7	6	1	0	0	764.7	2068.9	10114	27759	35316.6	36432.7	33646.8	18162.6	14272.5	5374	1923.6	109.3	0	0	0.020989386	0.056786897	0.277607753	0.761925413	0.969365433	1	0.92353298	0.498524677	0.391749719	0.147504851	0.052798722	0.003000052	0		
D4GUJ4	Alpha/beta hydrolase fold protein	23098.5	17	TRUE	0	14	15	17	17	17	15	14	12	7	2	1	0	0	0	4393.4	10803.4	22480.9	27514.1	17861.8	11717.3	6131.6	1942.7	969.7	72.5	9.6	0	0	0	0.159678129	0.392649587	0.81706834	1	0.649187144	0.425865284	0.22285301	0.070607434	0.035243748	0.002635013	0.000348912	0	0		
D4GZV6	"3,4-dihydroxy-2-butanone 4-phosphate synthase"	24322.66	11	TRUE	6	10	10	11	11	11	10	11	10	10	7	3	1	0	666.5	3531.4	7518.6	18034.3	27057.2	16727.6	10566.7	10817.9	5492.4	4864.6	1747.3	742.1	19.5	0	0.024633	0.130516092	0.277877977	0.666524991	1	0.618231007	0.39053191	0.399815945	0.20299218	0.179789483	0.064578005	0.02742708	0.000720695	0		
L9VDP5	Death-on-curing family protein	15129.19	14	TRUE	0	7	11	13	13	14	13	13	12	10	6	3	0	0	0	633.1	3311.4	12978.8	26213.9	27987.4	23395.9	16776.8	7653.8	6440.3	1588.6	432.3	0	0	0	0.022620894	0.118317529	0.463737253	0.936632199	1	0.835944032	0.599441177	0.273473063	0.230114266	0.056761257	0.015446237	0	0		
Q9V2V6	Proteasome subunit alpha 1	27613.2	20	TRUE	7	18	20	20	19	18	17	13	11	4	3	3	2	1	268.4	10385.8	15861.6	25215.3	25439.3	10330.9	5215.6	3225.4	1212.3	572.8	194.2	129.1	62.3	39.1	0.010550605	0.408258089	0.623507722	0.991194726	1	0.406100011	0.205021365	0.12678808	0.047654613	0.022516343	0.007633858	0.005074825	0.002448967	0.001536992		
D4GZF2	Alpha/beta hydrolase fold protein	27053.83	14	TRUE	1	13	14	14	14	14	13	13	9	5	0	1	0	0	27.6	12597.2	19637.6	27857.8	24151.3	11288.5	6605.1	3463.4	780.8	417.9	0	46.2	0	0	0.000990746	0.452196512	0.704922858	1	0.866949292	0.405218646	0.237100561	0.124324247	0.028028057	0.015001185	0	0.001658422	0	0		
D4GS51	DUF309 family protein	22417.45	11	TRUE	0	9	11	11	11	10	9	8	6	2	0	0	0	0	0	7691.4	13370.7	23225.3	23161.8	12759.4	6561.9	3123.3	957	419.4	0	0	0	0	0	0.331164721	0.57569547	1	0.997265913	0.549375035	0.282532411	0.134478349	0.041205065	0.018057894	0	0	0	0		
D4GWL4	UspA domain protein	15686.71	12	TRUE	0	11	11	12	12	12	11	12	12	11	8	7	2	0	0	3342.2	5981	13539.4	23027.5	16682.4	15248.4	19792.9	12715.1	10980	4305.8	1687.6	630.5	0	0	0.145139507	0.259732928	0.587966562	1	0.724455542	0.662182173	0.859533167	0.552170231	0.476821192	0.186985126	0.073286288	0.027380306	0		
D4GPS6	S-adenosylmethionine-dependent methyltransferase	23159.21	9	TRUE	0	5	8	9	9	9	9	9	6	3	2	0	1	0	0	2014	7275.8	15424.9	22729.2	16337.6	9095.8	8268.5	2949.7	1791.5	584	0	15.3	0	0	0.088608486	0.320108055	0.678638051	1	0.718793446	0.400181265	0.363783151	0.129775795	0.078819316	0.025693821	0	0.000673143	0		
D4GWL9	Uncharacterized protein	14271.81	10	TRUE	0	6	9	9	9	10	9	9	8	7	6	2	0	0	0	683.8	2902.2	10028.7	22580.6	23349.8	20914.1	14902.7	6917.3	4805.4	1349.6	175.5	0	0	0	0.029285047	0.124292285	0.429498325	0.967057534	1	0.895686473	0.63823673	0.296246649	0.205800478	0.05779921	0.007516124	0	0		
D4GQC7	Amidohydrolase domain protein	31790.43	21	TRUE	0	16	19	20	21	21	19	18	14	11	3	0	0	0	0	4288.3	11181.3	18151.2	22554.3	15326.2	9590.8	6692.7	2070	1760.6	196.6	0	0	0	0	0.190132259	0.495750256	0.804777803	1	0.679524525	0.425231552	0.296737208	0.091778508	0.078060503	0.008716741	0	0	0		
D4GTS5	Beta-lactamase domain protein	27732.97	17	TRUE	0	15	17	17	17	17	15	11	6	3	0	0	0	0	0	10573.5	16135.7	24609.9	22233	13127.3	9240.7	6588.7	480.1	96.7	0	0	0	0	0	0.429644168	0.655658901	1	0.903416918	0.533415414	0.375487101	0.26772559	0.019508409	0.003929313	0	0	0	0		
D4H018	Cell division protein SepF	12640.03	8	TRUE	7	7	8	8	8	8	8	8	8	8	5	4	2	0	5758.7	6157.1	10967.8	16236.8	21819.6	18458	21098.9	21829.8	12979.7	9565.7	3929.5	1225.5	505.8	0	0.263799943	0.282050225	0.502423293	0.743790598	0.999532749	0.845541416	0.966518246	1	0.594586299	0.438194578	0.18000623	0.056138856	0.023170162	0		
D4GZB8	Uncharacterized protein	22587.24	16	TRUE	6	10	12	15	16	16	15	11	10	8	3	0	0	0	350.7	2386.9	6832.3	15192	21473.1	14668.2	9952.7	6260.2	2316.2	1297.6	189.9	0	0	0	0.016332062	0.111157681	0.31817949	0.707489836	1	0.683096525	0.463496188	0.291536853	0.107865189	0.060429095	0.008843623	0	0	0		
D4GY64	Small CPxCG-related zinc finger protein	7372.02	3	TRUE	0	3	3	3	3	3	3	3	3	3	3	3	2	1	0	14323.9	16781	24090.4	20501	9512.8	4325.2	4745.4	2816.7	3215.7	4462	6646.5	4662.1	802.1	0	0.594589546	0.696584532	1	0.851002889	0.394879288	0.179540398	0.196983031	0.116922093	0.133484708	0.185219008	0.275898283	0.193525222	0.033295421		
D4GTN8	Uncharacterized protein	11399.8	13	TRUE	0	10	11	12	13	13	13	13	13	12	9	9	7	6	0	3057.9	7708.5	15242.2	19678.2	17125.5	18674.1	17936.4	13012.2	14993.2	9458.7	8881.9	6322.4	2143	0	0.155395311	0.391727902	0.774572878	1	0.870277769	0.948973992	0.911485807	0.661249505	0.761919281	0.480668964	0.45135734	0.321289549	0.108902237		
D4GRG5	Amidohydrolase domain protein	32882.79	26	TRUE	9	25	25	25	25	25	21	11	8	7	0	0	0	0	908.6	18176.8	26666	27519	19606.1	8952.8	4710.9	1817.3	742.9	292.4	0	0	0	0	0.033017188	0.660518187	0.969003234	1	0.712456848	0.325331589	0.17118718	0.06603801	0.026995894	0.010625386	0	0	0	0		
D4GVJ3	Probable metalloprotease HVO_1016	17677.29	7	TRUE	0	1	2	6	6	5	5	6	3	3	2	0	0	0	0	98.2	3788.7	10697.8	19189.6	19346.6	17166.4	20245.6	6632.3	6625.3	1245.9	0	0	0	0	0.004850437	0.187136958	0.528401233	0.947840518	0.95559529	0.847907694	1	0.327592168	0.327246414	0.061539297	0	0	0		
D4GYR2	Small CPxCG-related zinc finger protein	10480.35	6	TRUE	0	6	6	6	6	6	5	4	3	3	1	0	0	0	0	4791.2	12473.6	19643.7	18821.4	10390.5	5244.2	2627.1	749.7	463.9	169.8	0	0	0	0	0.243905171	0.634992389	1	0.958139251	0.528948212	0.266965999	0.133737534	0.038164908	0.023615714	0.008643993	0	0	0		
D4GTQ7	NUDIX family hydrolase	22250.74	31	TRUE	0	16	24	30	30	31	26	20	13	11	3	0	0	0	0	1892.7	4605.3	13664	18697.7	12170.8	7840.6	4717.3	1654.6	1050.4	139.8	0	0	0	0	0.101226354	0.246303021	0.73078507	1	0.65092498	0.419334998	0.252293063	0.088492167	0.056178033	0.007476855	0	0	0		
D4GZC0	Arsenate reductase (Glutaredoxin)	16645.2	10	TRUE	0	9	10	10	10	10	10	9	7	4	1	0	0	0	0	3485.3	7371.2	15035.1	18565.5	12732.6	7895	4793.3	1830.9	879.6	153.1	0	0	0	0	0.187729929	0.397037516	0.809840834	1	0.685820473	0.425251138	0.258183189	0.098618405	0.047378202	0.008246479	0	0	0		
D4GWE2	4a-hydroxytetrahydrobiopterin dehydratase	10405.19	8	TRUE	0	7	8	8	8	7	7	7	5	5	3	2	1	0	0	6978.7	12726.1	18195.2	18192.3	13276	11604.4	7653.9	3441	3468.8	873.6	257.3	133.3	0	0	0.38354621	0.699420726	1	0.999840617	0.729642983	0.637772599	0.420654898	0.189115811	0.190643686	0.048012663	0.014141092	0.007326108	0		
D4GSY2	Uncharacterized protein	23794.28	10	TRUE	6	10	10	10	10	9	8	8	7	5	4	1	0	0	1307.6	9540.4	16395	21773.2	17997.7	8861.5	4577.3	2980.2	1264	880.6	302.9	130.7	0	0	0.060055481	0.438171697	0.752989914	1	0.826598754	0.406991163	0.210226333	0.13687469	0.058053019	0.040444216	0.013911598	0.006002792	0	0		
D4GRD5	Glyoxalase domain protein	35429.22	25	TRUE	1	25	24	24	25	20	19	11	5	3	0	1	1	0	4.3	16443	22109.7	25201.6	17902.4	7081	3616.2	1138.2	121.1	176.5	0	18.9	66.9	0	0.000170624	0.652458574	0.877313345	1	0.710367596	0.280974224	0.143490889	0.045163799	0.00480525	0.007003524	0	0.000749952	0.002654593	0		
D4H079	Uncharacterized protein	24462.66	13	TRUE	0	12	13	13	13	13	11	11	6	3	1	0	0	0	0	9963.3	15075.2	21517.1	17620.1	7815.3	4495.3	2078.6	325.6	119.8	18.9	0	0	0	0	0.463041023	0.70061486	1	0.818888233	0.363213444	0.208917559	0.096602237	0.015132151	0.005567665	0.000878371	0	0	0		
D4H046	DUF123 domain protein	18163.1	6	TRUE	0	3	6	6	6	6	6	6	5	4	3	1	0	0	0	458	2866.7	9033.9	17191.3	12842	11275.7	9787.5	3833.1	2466.6	1035.4	121.5	0	0	0	0.026641383	0.166752951	0.525492546	1	0.747005753	0.655895715	0.569328672	0.222967431	0.143479551	0.060228139	0.007067528	0	0		
D4GPN8	Uncharacterized protein	10211.09	9	TRUE	0	8	9	9	9	9	8	5	2	0	0	0	0	0	0	2799.1	7450.9	13116.4	16696.7	9046.5	5682.6	2695.7	511.2	0	0	0	0	0	0	0.167643906	0.446249858	0.785568406	1	0.541813652	0.340342702	0.161451065	0.030616828	0	0	0	0	0		
D4H0D9	HTH domain protein	18241.39	17	TRUE	12	8	13	17	17	17	17	17	17	14	8	3	0	0	2588.2	372.8	2589.5	8811.4	16429.3	14872.5	12536	12271.8	6218	4246.8	1154.4	258	0	0	0.157535622	0.022691168	0.157614749	0.536322302	1	0.905242463	0.763027031	0.746946005	0.378470172	0.258489406	0.07026471	0.015703651	0	0		
D4GYM2	Ferritin domain protein	21024.93	9	TRUE	0	8	9	9	9	9	8	7	6	3	0	0	0	0	0	8720	14556.7	18854.8	16174.4	9214.1	4904.4	2097.9	586.4	113.4	0	0	0	0	0	0.462481702	0.772042133	1	0.857839913	0.488687231	0.260114135	0.111266097	0.031100834	0.006014384	0	0	0	0		
D4GSM2	Uncharacterized protein	18576.55	8	TRUE	0	7	8	8	8	8	4	3	2	0	0	0	0	0	0	7671.4	16362.6	19219.8	15490.2	6912.9	2834.9	1087.2	309.4	0	0	0	0	0	0	0.39914047	0.851340805	1	0.805950114	0.359675959	0.147498933	0.056566666	0.016097982	0	0	0	0	0		
D4GYB2	Uncharacterized protein	13728.24	6	TRUE	0	5	5	6	6	6	6	6	6	5	4	2	1	0	0	1278	3439.2	9155.3	15245.3	13270	11514.6	9292.4	4326.9	2818	924	179.2	57.3	0	0	0.083829115	0.225590838	0.600532623	1	0.870432199	0.755288515	0.609525559	0.28381862	0.184843854	0.060608843	0.011754442	0.003758535	0		
D4GQ03	DUF2617 family protein	19001.9	9	TRUE	0	9	9	9	8	8	4	6	2	0	0	0	0	0	0	8987.1	12928.8	15569.9	15218	11464.6	1346.3	2204.5	152.2	0	0	0	0	0	0	0.577209873	0.830371422	1	0.977398699	0.736330998	0.086468121	0.141587293	0.009775272	0	0	0	0	0		
D4GZ13	GNAT family acetyltransferase	21733.82	16	TRUE	0	15	15	16	15	13	12	9	1	0	0	0	0	0	0	18718.6	22264.5	22961.4	15201.6	6037.1	1876.2	815	134.9	0	0	0	0	0	0	0.815220326	0.969649063	1	0.662050223	0.262923864	0.081711045	0.035494351	0.005875077	0	0	0	0	0		
D4GSZ0	PIN domain-containing protein	16654.41	15	TRUE	0	11	14	15	15	15	12	14	8	2	0	0	0	0	0	1396.1	6233.4	13299.4	15072.7	10536.5	6036.2	3578.8	833.9	150.5	0	0	0	0	0	0.092624414	0.413555634	0.882350209	1	0.699045294	0.400472377	0.237435894	0.055325191	0.00998494	0	0	0	0		
D4GPU8	2-oxo-4-hydroxy-4-carboxy-5-ureidoimidazoline decarboxylase	19373.25	17	TRUE	0	13	16	17	17	16	14	10	5	3	1	0	0	0	0	3004.3	7470.6	14320.4	14955.1	8357.8	4360.7	1979.6	554.1	210.4	28	0	0	0	0	0.200887991	0.499535276	0.957559628	1	0.558859519	0.291586148	0.13236956	0.037050906	0.014068779	0.001872271	0	0	0		
D4GR60	HTH domain protein	19550.43	8	TRUE	8	8	8	8	8	8	7	8	4	1	0	0	0	0	12552.5	11248.8	12827.2	15611.6	14656.7	6499.1	2328.8	1319.8	437.5	42.4	0	0	0	0	0.804049553	0.720541136	0.821645443	1	0.938833944	0.416299418	0.149171129	0.084539701	0.028024033	0.002715929	0	0	0	0		
D4GZP4	UPF0212 protein HVO_1680	15961.74	9	TRUE	0	9	9	9	9	9	8	7	4	3	3	1	0	0	0	13354.2	15720.1	18793.5	14544	6927.1	5338.8	5810.9	3125	2545	1009.7	371.1	0	0	0	0.710575465	0.836464735	1	0.773884588	0.368590204	0.284076941	0.309197329	0.166280895	0.135419161	0.053726022	0.019746189	0	0		
D4GSD2	Lipoprotein	51714.7	13	TRUE	2	7	7	11	11	11	11	12	11	10	8	8	9	9	26.2	894.5	2674.4	7453.6	14496.8	10953.2	9425.5	11160.4	7033.5	8294.2	7739.2	8023.7	11551	13442.1	0.001807295	0.061703272	0.184482093	0.514154848	1	0.755559848	0.65017797	0.769852657	0.485176039	0.572140058	0.533855747	0.553480768	0.796796534	0.927246013		Sec/SPII
P41199	Large ribosomal subunit protein uL1	23129.69	23	TRUE	4	22	23	23	23	22	13	13	10	3	0	0	0	0	90.6	14260.5	18593.4	20591.6	13822.1	6558.7	2388	1071.2	2930.1	132	0	0	0	0	0.004399852	0.692539676	0.90296043	1	0.671249442	0.318513374	0.115969619	0.052021213	0.142295888	0.006410381	0	0	0	0		
D4GXG0	Uncharacterized protein	18809.1	15	TRUE	0	6	11	15	15	15	12	8	3	4	1	0	0	0	0	1014.6	4098.6	10568.1	13721.9	10608.5	6435.1	4292.6	1370.1	844.9	29.8	0	0	0	0	0.073940198	0.298690415	0.770163024	1	0.773107223	0.468965668	0.312828398	0.099847689	0.061573106	0.002171711	0	0	0		
D4GY31	phosphoserine phosphatase	23207.98	22	TRUE	0	22	22	22	21	17	15	10	1	0	0	0	0	0	0	14408.5	18166.7	18869	13301	4570.7	2030.5	706.2	6.3	0	0	0	0	0	0	0.763606974	0.962780222	1	0.70491282	0.242233293	0.107610366	0.037426467	0.000333881	0	0	0	0	0		
D4GZV8	Branched-chain-amino-acid aminotransferase	35016.65	26	TRUE	15	26	26	26	26	23	18	17	13	7	6	4	0	0	1657.8	8935	13640.5	15967.4	13143.4	6714.6	3332.3	2369.3	919.6	802.9	445.6	164.3	0	0	0.103824041	0.559577639	0.854271829	1	0.823139647	0.420519308	0.208693964	0.148383582	0.057592344	0.050283703	0.02790686	0.010289715	0	0		
D4GYE4	PTS system fructose-specific EIIA component	16452.63	12	TRUE	0	6	12	12	12	12	12	12	7	5	3	1	0	0	0	540	1977.8	6804.6	12631.2	13455.8	11387.2	7111.6	3126.6	2226.3	426.6	84.1	0	0	0	0.040131393	0.146984943	0.505700144	0.938717876	1	0.846267037	0.528515584	0.232360766	0.165452816	0.031703801	0.006250093	0	0		
D4GQS7	TrmB family transcription regulator	19530.69	4	TRUE	0	4	4	4	4	4	4	4	4	3	1	0	0	0	0	1332.8	5869.6	11094	12540.6	9893.8	5680	3717.7	1556.3	559.7	51.1	0	0	0	0	0.106278806	0.468047781	0.884646668	1	0.788941518	0.452928887	0.29645312	0.12410092	0.044631038	0.004074765	0	0	0		
D4GXA4	Uncharacterized protein	14282.85	5	TRUE	0	5	5	5	5	5	5	3	4	1	1	1	0	1	0	5762.5	8756.2	12480.5	12493	7095.5	4923.2	1883.3	1421.7	912.5	476.2	388.7	0	753.2	0	0.461258305	0.700888498	0.99899944	1	0.567958057	0.394076683	0.150748419	0.113799728	0.073040903	0.038117346	0.031113424	0	0.060289762		
D4GRC8	"Ribonuclease H, type 1"	22467.76	8	TRUE	0	7	7	7	7	8	8	6	2	1	0	0	0	0	0	7224.4	9144.4	12077.8	12453.2	7208.1	4170.9	1515.5	171.3	41.9	0	0	0	0	0	0.580123984	0.734301224	0.969855138	1	0.578815084	0.334925963	0.121695628	0.013755501	0.003364597	0	0	0	0		
D4GUA2	HTH domain protein	22336.68	15	TRUE	2	15	15	15	15	15	13	13	10	10	9	7	6	3	53.9	8258.9	10725.9	12977.4	12354.9	6285.2	4477.7	5002.2	3251.7	2959.1	3079.6	1924.3	2015.5	2371.4	0.004153374	0.636406368	0.82650608	1	0.952031994	0.484318893	0.345038297	0.385454714	0.250566369	0.22801948	0.237304853	0.148280857	0.155308459	0.182733059		
D4GYM9	Thioesterase domain protein	18351.47	11	TRUE	0	8	9	10	10	9	9	8	4	4	0	0	0	0	0	2004.7	4309.3	8476.3	12224.8	7301.4	4920.2	4424.6	2071.9	1790.9	0	0	0	0	0	0.163986323	0.352504744	0.693369217	1	0.597261305	0.402476932	0.361936392	0.169483345	0.146497284	0	0	0	0		
D4GYC3	Ferredoxin (2Fe-2S)	11526.82	7	TRUE	0	3	5	7	7	7	7	6	5	4	2	2	2	1	0	1651.6	4467	8007.3	12154.5	12138.1	9001.1	11657.3	6526.8	5617.3	2566.3	1400.6	523.1	313.3	0	0.135883829	0.367518203	0.65879304	1	0.998650706	0.740556995	0.95909334	0.536986301	0.462158048	0.211139907	0.115233041	0.043037558	0.025776461		
D4GQJ0	TetR family transcription regulator	21636.06	19	TRUE	3	11	15	18	19	18	18	18	17	16	14	12	7	3	18.9	724.2	2147.5	6223.1	12130.2	10240.2	10066.7	10296.4	6618.8	6774	3909.1	2894.8	1122	260.5	0.001558095	0.059702231	0.177037477	0.513025342	1	0.844190533	0.829887389	0.848823597	0.545646403	0.558440916	0.322261793	0.238644045	0.092496414	0.021475326		
D4GU31	Uncharacterized protein	13386.95	8	TRUE	5	7	8	8	8	8	8	7	7	7	5	1	1	0	660.1	3394.1	5197.5	9252.8	11676	7573.8	5819	5766.3	3436.5	3713.9	1248	161	63	0	0.056534772	0.290690305	0.445143885	0.792463172	1	0.648663926	0.49837273	0.493859198	0.294321686	0.318079822	0.10688592	0.013788969	0.005395683	0		
D4GZJ8	L-threonylcarbamoyladenylate synthase	21233.46	21	TRUE	0	15	20	20	20	21	18	13	10	3	0	0	0	0	0	1304.9	5018.2	10567.7	11542.4	7695.6	4933.6	2889.4	615.7	94.6	0	0	0	0	0	0.113052745	0.434762268	0.915554824	1	0.666724425	0.42743277	0.250329221	0.053342459	0.008195869	0	0	0	0		
D4GYJ3	Uncharacterized protein	16960.44	4	TRUE	0	1	2	4	3	4	3	2	3	1	1	0	0	0	0	635.5	2454.6	8327.3	11305.6	11176.8	7536.5	4216.7	2221.6	702.7	144.6	0	0	0	0	0.056211081	0.217113643	0.736564181	1	0.988607416	0.666616544	0.372974455	0.196504387	0.062155038	0.012790122	0	0	0		
D4GRV0	Riboflavin synthase	22144.68	11	TRUE	5	11	11	11	11	11	9	8	5	4	1	0	0	0	493.6	5050.6	8677.7	12024.7	11160.7	5174	2167	1592	465.5	276.9	130.9	0	0	0	0.041048841	0.420018795	0.721656258	1	0.928147896	0.430281005	0.180212396	0.132394155	0.038711984	0.023027602	0.010885926	0	0	0		
D4GTT9	Archaeal Lon protease	75481.69	6	TRUE	0	6	6	6	6	6	6	6	6	4	4	2	1	0	0	1046.9	1911.6	6548.3	11148.7	11783.1	9118.2	5899.4	2510.4	1849.8	826.6	486.5	85	0	0	0.088847587	0.16223235	0.555736606	0.946160179	1	0.773837106	0.500666208	0.213050895	0.15698755	0.070151318	0.041287946	0.007213721	0		
D4GXV3	Uncharacterized protein	18888.96	14	TRUE	0	14	14	14	14	13	10	8	5	2	0	0	0	0	0	7732.7	9616.1	13997.3	11148.6	5192.3	2227.5	1122.7	224.1	69.3	0	0	0	0	0	0.552442257	0.686996778	1	0.796482179	0.370950112	0.159137834	0.080208326	0.016010231	0.004950955	0	0	0	0		
D4H016	PUA domain protein	16704.51	3	TRUE	0	2	3	3	3	3	3	3	3	2	3	0	0	0	0	422.4	1452.1	5485	11118.1	12165.4	11968.5	8108.5	3897.4	2731.5	950.6	0	0	0	0	0.034721423	0.119363112	0.450868858	0.913911585	1	0.983814753	0.666521446	0.3203676	0.224530225	0.078139642	0	0	0		
D4GVW6	HGPRTase-like protein 2	19481.91	5	TRUE	0	4	5	5	5	5	5	5	5	5	4	4	3	3	0	461.6	1609.9	5083.6	11004.6	8249.3	7359.4	8321.6	4734.1	4188.3	2014.1	1252.1	498.9	522.2	0	0.041946095	0.146293368	0.461952275	1	0.749622885	0.668756702	0.756192865	0.430192828	0.380595387	0.183023463	0.113779692	0.045335587	0.047452883		
D4GYZ7	Alpha/beta hydrolase fold protein	29454.02	17	TRUE	0	16	17	17	17	16	14	14	7	3	1	1	0	0	0	2702.6	6104.5	9936.9	10787.4	5498.5	3217.5	1990	537.3	146.3	34.7	8.6	0	0	0	0.250533029	0.565891688	0.921158018	1	0.509715038	0.298264642	0.184474479	0.049808109	0.013562119	0.003216716	0.000797226	0	0		
D4GV39	Ba3-type terminal oxidase subunit II	19378.54	2	TRUE	0	2	2	2	2	2	2	2	2	2	1	1	1	1	0	632.3	1172.9	4677.7	10742.3	13361.4	14070.2	12994.6	8857.4	9707	4793.1	3248	3021.8	4289.1	0	0.044938949	0.083360578	0.332454407	0.763478842	0.949624028	1	0.923554747	0.629514861	0.689897798	0.340656139	0.23084249	0.214765959	0.304835752		
D4GQG0	Uncharacterized protein	11656.97	4	TRUE	2	4	4	3	3	3	3	3	3	3	1	1	0	0	3251.6	5182.6	3981.6	5189.1	10400.4	8014.6	7130.8	8615	3801.1	3214.8	1602.3	605.5	0	0	0.312641821	0.498307757	0.38283143	0.498932733	1	0.770604977	0.685627476	0.828333526	0.365476328	0.309103496	0.154061382	0.058218915	0	0		
D4H006	Uncharacterized protein	7927.76	8	TRUE	0	4	4	8	8	8	8	7	4	4	1	0	0	0	0	1100	2232.8	6563.5	10340.7	8291.5	7168.6	5458.5	2004.6	731	41.6	0	0	0	0	0.106375777	0.215923487	0.634724922	1	0.801831597	0.69324127	0.527865618	0.193855348	0.070691539	0.004022938	0	0	0		
D4GXR3	"6-hydroxymethyl-7,8-dihydropterin pyrophosphokinase"	25001.8	15	TRUE	0	15	15	15	15	14	11	10	4	1	0	0	0	0	0	5520.3	9863.2	12657.4	10211.2	4171.7	2178.5	719.6	93.1	9.8	0	0	0	0	0	0.436132223	0.779243763	1	0.806737561	0.329585855	0.172112756	0.056852118	0.007355381	0.000774251	0	0	0	0		
D4GUZ9	Iron-sulfur protein (2Fe-2S)	15518.53	3	TRUE	0	1	2	3	3	3	2	3	3	1	1	0	0	0	0	93	1361.1	4844.1	9091.6	15959.2	20579.1	17612	9146.8	5757.5	1713.4	0	0	0	0	0.004519148	0.066139919	0.235389303	0.441788028	0.775505246	1	0.855819739	0.444470361	0.27977414	0.083259229	0	0	0		
D4GYJ4	Thioesterase domain protein	17641.82	6	TRUE	5	6	6	6	6	6	5	5	5	3	3	1	1	0	3230.1	7595.5	7348.1	9807.2	8831.8	4121.4	2520.9	2764.8	1860.3	3100	2764.1	260.1	254.4	0	0.329360062	0.774482013	0.749255649	1	0.900542459	0.420242271	0.257045844	0.281915328	0.189687169	0.316094298	0.281843951	0.026521331	0.025940126	0		
D4GYQ4	Nickel import system ATP-binding protein NikD	39416.5	12	TRUE	6	12	11	12	11	12	10	10	7	8	7	4	5	3	625.9	3363	5578.8	7719	8546.8	5157	3773.5	3867.9	2429.1	2828	1910.8	1134.5	670.1	490.3	0.073232087	0.393480601	0.652735527	0.903145037	1	0.603383723	0.441510273	0.452555342	0.284211635	0.330884074	0.223569055	0.132739739	0.078403613	0.0573665		
D4GX13	Uracil-DNA glycosylase superfamily protein	23561.01	11	TRUE	0	10	11	11	11	10	8	8	4	2	1	0	0	0	0	4192	8016.7	9380.1	8471.6	3491.3	1932.7	995.8	228.8	161.1	55.3	0	0	0	0	0.446903551	0.854649737	1	0.903146022	0.372202855	0.20604258	0.106160915	0.024392064	0.017174657	0.00589546	0	0	0		
D4GXK7	Rpa-associated phosphoesterase	27938.12	15	TRUE	0	15	15	15	15	15	9	4	1	1	0	0	0	0	0	10249.4	11363.4	12809	8173.2	3543.2	1347.7	444.9	109.1	75	0	0	0	0	0	0.800171754	0.887141853	1	0.638082598	0.276618003	0.105215083	0.034733391	0.008517449	0.005855258	0	0	0	0		
D4GZL2	UPF0395 family protein	9185.29	6	TRUE	0	6	6	6	6	6	6	4	2	1	1	0	0	0	0	2409.3	4531.1	7462.4	7740.3	4243.1	2441.9	1079.3	218.3	141.8	73	0	0	0	0	0.311267005	0.585390747	0.964096999	1	0.548182887	0.315478728	0.13943904	0.028203041	0.018319703	0.009431159	0	0	0		
D4GWI6	UspA domain protein	17988.25	3	TRUE	0	3	3	3	3	3	3	3	3	2	0	0	0	0	0	870.4	2253.3	5311.7	7124.7	4180.6	2856	2825	1139.6	425.2	0	0	0	0	0	0.122166547	0.316265948	0.745533145	1	0.586775584	0.400858984	0.396507923	0.159950594	0.059679706	0	0	0	0		
D4GZ26	Transcriptional initiation protein Tat	13718.12	2	TRUE	0	1	1	1	1	1	2	1	1	1	1	1	0	0	0	340.7	1028.2	3112.2	6984.3	5771.9	1908.4	3104.3	1464.7	922.3	287.5	89.5	0	0	0	0.048780837	0.147215899	0.445599416	1	0.826410664	0.273241413	0.444468307	0.209713214	0.13205332	0.041163753	0.012814455	0	0		Sec/SPII
D4GYX3	UPF0201 protein HVO_0127	15526.14	10	TRUE	0	5	6	9	9	10	9	7	6	3	2	0	0	0	0	875.9	1511	3990.8	6887.1	5896.2	5990.9	3397.5	1336.3	528.3	138.5	0	0	0	0	0.1271798	0.219395682	0.57946015	1	0.856122316	0.86987266	0.493313586	0.194029417	0.076708629	0.020110061	0	0	0		
D4GYF8	Uncharacterized protein	10317.47	7	TRUE	0	6	7	7	7	6	6	6	4	3	2	0	0	0	0	1851.6	10682.5	17528	6680.8	3192.5	2002	1296.7	597	359.2	174.2	0	0	0	0	0.105636696	0.609453446	1	0.38115016	0.182137152	0.114217252	0.073978777	0.03405979	0.020492926	0.009938384	0	0	0		
D4GWS6	DUF2110 family protein	24462.21	12	TRUE	0	12	12	12	12	12	11	6	3	1	0	0	0	0	0	4462.5	11083	10274.1	6574.5	3652.3	1771.2	659.4	145.4	92.1	0	0	0	0	0	0.402643689	1	0.927014346	0.593205811	0.329540738	0.159812325	0.059496526	0.013119192	0.008310024	0	0	0	0		
D4GSI4	Adenosylcobinamide-phosphate guanylyltransferase	20398.8	4	TRUE	0	3	3	4	4	4	3	3	2	1	0	0	0	0	0	2060.2	4377.4	7114.2	6466.9	3409	1591.7	869.6	259.5	107.7	0	0	0	0	0	0.289589834	0.615304602	1	0.90901296	0.47918248	0.223735627	0.122234404	0.036476343	0.015138737	0	0	0	0		
D4GVR1	HGPRTase-like protein 1	20532.33	8	TRUE	6	5	6	8	8	8	8	8	8	7	6	4	3	1	2095	964.9	1978.2	3849.8	6335	3702.5	3338.6	4383.3	2889.1	2618.2	1730.4	985	401.9	322.9	0.330702447	0.152312549	0.312265193	0.607703236	1	0.58445146	0.527008682	0.691917916	0.45605367	0.413291239	0.273149171	0.155485399	0.0634412	0.050970797		
D4GYU7	Phosphoribosyltransferase	22413.85	12	TRUE	0	9	9	11	12	11	11	9	4	3	0	0	0	0	0	826.7	1118.3	2644.6	6313.8	2628.2	2234.8	1648.2	269.8	101.3	0	0	0	0	0	0.130935411	0.177119959	0.418860274	1	0.416262789	0.353954829	0.26104723	0.042731794	0.016044221	0	0	0	0		
D4GQS4	HTH domain protein	19752.3	6	TRUE	3	4	5	6	6	5	5	6	4	4	4	2	1	0	1094.9	1648.9	2770	4506.3	6176.3	5001.4	5165.1	4518	2972.9	1923	972.4	535.9	215.4	0	0.17727442	0.266972135	0.448488577	0.72961158	1	0.809772841	0.836277383	0.731505918	0.481339961	0.311351456	0.157440539	0.086767158	0.034875249	0		
D4GQV7	IclR family transcription regulator	28802.54	15	TRUE	1	12	15	15	15	15	15	15	12	13	7	3	3	2	18.3	851.8	2079.2	4385.6	6065.8	3965.7	3131.7	2753.2	1637.9	2037.3	978.1	578.2	223	170.6	0.003016915	0.140426654	0.342774242	0.723004385	1	0.65378021	0.516288041	0.453889017	0.270022091	0.335866662	0.16124831	0.09532131	0.036763494	0.028124897		
D4GZN1	TrmB family transcription regulator	16680.98	6	TRUE	2	5	6	6	6	6	4	4	2	2	1	0	0	0	130.3	4983.6	5239.3	6414.5	5821.3	2526.9	895	1060	98.8	135.6	14.7	0	0	0	0.020313353	0.776927274	0.816790085	1	0.90752202	0.393935615	0.139527633	0.165250604	0.015402603	0.021139606	0.002291683	0	0	0		
D4GSN5	ABC-type transport system ATP-binding protein (Probable substrate glutamine/glutamate/polar amino acids)	26639.24	9	TRUE	0	5	9	9	9	9	9	8	7	6	2	1	0	0	0	281.1	1097	3218.3	5738.8	5979.2	4762.6	3824.6	1748.3	1375.5	251.3	21.1	0	0	0	0.047012978	0.18346936	0.538249264	0.959793952	1	0.796527964	0.639650789	0.292396976	0.230047498	0.042029034	0.0035289	0	0		
D4H063	"6-carboxy-5,6,7,8-tetrahydropterin synthase"	17132.04	7	TRUE	7	5	7	7	6	7	6	6	4	2	2	0	0	0	3186.9	1534	3130.1	4740.7	5307.4	3319.6	2039.2	1583.9	584.8	181.4	32.7	0	0	0	0.600463504	0.28903041	0.589761465	0.893224554	1	0.62546633	0.384218261	0.298432377	0.110185778	0.034178694	0.006161209	0	0	0		
D4GPP6	Probable molybdenum cofactor guanylyltransferase	22091.8	8	TRUE	0	3	6	8	8	8	8	8	8	5	3	1	0	0	0	23	1152.5	2584.5	5290	4752.1	5262.2	5319.7	2400	1020.4	208.8	24.4	0	0	0	0.004323552	0.216647555	0.485835667	0.994416978	0.893302254	0.98919112	1	0.451153261	0.191815328	0.039250334	0.004586725	0	0		
D4GQJ9	Uncharacterized protein	15998.28	9	TRUE	0	9	9	9	9	9	9	9	6	2	0	0	0	0	0	387.8	1790.9	4386.1	5068.9	3632.4	1874	1459.5	252	24.2	0	0	0	0	0	0.076505751	0.353311369	0.865296218	1	0.716605181	0.369705459	0.287932293	0.049714928	0.004774211	0	0	0	0		
D4GXT4	UPF0145 protein HVO_1377	12814.2	5	TRUE	4	4	4	4	5	5	4	5	4	4	1	1	0	0	843.4	355.8	889.6	2428.3	4798.2	3569.2	2554.3	2985.1	1311.1	944	190.1	250.8	0	0	0.175774249	0.074152807	0.185402859	0.506085615	1	0.743862282	0.532345463	0.622129132	0.273248301	0.196740444	0.039619024	0.052269601	0	0		
D4GUP9	Phosphotransferase system component IIA	16629.44	4	TRUE	0	2	4	4	4	4	4	4	3	3	2	0	0	0	0	85.2	606.2	2210.4	4772.2	5465.4	5615.8	4330.4	1828	1210.5	404.5	0	0	0	0	0.01517148	0.10794544	0.393603761	0.849780975	0.973218419	1	0.771110082	0.325510168	0.215552548	0.072028918	0	0	0		
D4GX47	Thioredoxin domain protein	24200.44	5	TRUE	0	5	5	5	5	5	4	2	3	1	0	0	0	0	0	1533.3	2933.5	4177.2	4688.8	3159	1393.2	534.3	194.8	54.3	0	0	0	0	0	0.327013308	0.625639823	0.890888927	1	0.673733151	0.297133595	0.113952397	0.041545811	0.011580788	0	0	0	0		Tat/SPII
D4GU02	UPF0045 family protein	11033.33	3	TRUE	3	3	2	3	3	3	3	2	2	2	2	0	0	1	2500.2	2015.5	1312.5	3588.5	4560.9	2927	2560.6	1299	620.3	626.2	363.6	0	0	38.1	0.54818128	0.441908395	0.28777215	0.786796466	1	0.641759302	0.56142428	0.284812208	0.136003859	0.137297463	0.079721108	0	0	0.008353614		
D4GYT8	Uncharacterized protein	37636.85	12	TRUE	0	12	12	12	12	12	9	4	3	0	0	0	0	0	0	5603.3	5172.4	6034.8	4533.3	1739.6	619	209.3	79.3	0	0	0	0	0	0	0.928498045	0.857095513	1	0.75119308	0.288261417	0.102571751	0.034682177	0.013140452	0	0	0	0	0		
D4GPY7	ThuA family protein	23846.26	9	TRUE	0	8	7	9	9	7	6	5	3	0	0	0	0	0	0	2596.5	4029.8	5680.3	4422.8	1906.1	988.9	298.1	80.2	0	0	0	0	0	0	0.457106139	0.709434361	1	0.778620847	0.335563263	0.174092918	0.052479623	0.014118973	0	0	0	0	0		
D4GT61	anthranilate synthase	25014.3	7	TRUE	0	5	5	6	5	5	4	3	3	0	0	0	0	0	0	1039.3	2163.1	4460.2	4338.6	2213.2	840.7	658.4	639.5	0	0	0	0	0	0	0.233016457	0.484978252	1	0.972736649	0.496210932	0.188489305	0.147616699	0.143379221	0	0	0	0	0		
D4GVN7	TrkA domain protein	47760.52	14	TRUE	11	14	14	14	14	14	14	13	13	13	11	9	5	3	1747.6	3140.5	3444.6	4340.1	4292.2	3331.6	3081.3	3047.8	2512.3	2973.3	1759.2	1385.8	560.2	540.2	0.402663533	0.723600839	0.793668349	1	0.988963388	0.767632082	0.7099606	0.702241884	0.57885763	0.685076381	0.405336283	0.319301399	0.129075367	0.124467178		
D4GRQ1	DICT domain protein	27792.23	8	TRUE	4	7	8	7	8	7	6	5	2	3	1	0	0	0	477.4	2194.3	3422.1	4225.5	4234.9	1851.7	1094.6	762.2	231.7	225.5	32.3	0	0	0	0.112729935	0.518146828	0.808071029	0.997780349	1	0.437247633	0.258471274	0.179980637	0.054712036	0.053248011	0.007627099	0	0	0		
D4GS70	SirR/DtxR family transcription regulator Idr2	15392.75	5	TRUE	0	5	4	5	5	5	5	4	2	2	0	0	0	0	0	3008.7	3639.7	4137.5	3958.5	2152.9	1639.8	1476.6	440.8	603.7	0	0	0	0	0	0.727178248	0.879685801	1	0.95673716	0.520338369	0.396326284	0.356882175	0.106537764	0.145909366	0	0	0	0		
D4GVM7	NUDIX family hydrolase	17969.65	3	TRUE	3	2	3	3	3	3	3	3	2	1	0	0	0	0	869	550.4	1028.1	2486.8	3949.1	3143	2661.7	1752.5	700.6	238.3	0	0	0	0	0.220050138	0.139373528	0.260337798	0.629713099	1	0.795877542	0.674001671	0.443771999	0.177407511	0.060342863	0	0	0	0		
D4GTW6	UspA domain protein	14326.72	5	TRUE	1	4	4	5	5	5	5	5	5	3	3	1	0	0	217.7	1089.6	1540.7	2843.1	3795	2834.9	2394.5	3644	2099.6	1756.6	618.6	242.7	0	0	0.057364954	0.287114625	0.405981555	0.74916996	1	0.747009223	0.630961792	0.960210804	0.553254282	0.4628722	0.163003953	0.063952569	0	0		
D4GP67	Thioredoxin domain protein	12488.75	5	TRUE	0	2	5	3	5	4	4	3	2	2	1	1	2	1	0	341.7	1917.8	3319.7	3754.7	4506.1	4454.9	3867.8	1625.9	2108.1	938.5	724.6	581.6	399.1	0	0.075830541	0.425600852	0.736712456	0.833248263	1	0.988637625	0.858347573	0.360821997	0.467832494	0.20827323	0.160804243	0.129069484	0.088568829		
D4GV12	Uncharacterized protein	17737.79	6	TRUE	0	6	6	6	6	6	5	4	2	0	0	0	0	0	0	1217.3	2258.6	3950.6	3733.5	2221.1	1014.7	592.1	37.8	0	0	0	0	0	0	0.308130411	0.571710626	1	0.945046322	0.562218397	0.256847061	0.149875968	0.009568167	0	0	0	0	0		
D4GRW9	UspA domain protein	15266.04	6	TRUE	0	3	5	6	6	6	6	6	5	3	1	0	0	0	0	143.5	375.5	1593.6	3726.4	3047.5	2845.3	3118.8	1205.1	739.5	50.8	0	0	0	0	0.038509017	0.100767497	0.427651353	1	0.817813439	0.763551954	0.836947188	0.323395234	0.198448905	0.01363246	0	0	0		
D4GVF6	NADH dehydrogenase-like complex subunit B	26138.8	9	TRUE	4	9	9	9	9	9	8	7	7	3	1	1	1	0	240.2	1660.6	2752.6	3411.5	3610.3	1752.8	1175.1	1082.1	596.4	461.2	170.8	72	30.2	0	0.066531867	0.459961776	0.762429715	0.944935324	1	0.48549982	0.325485417	0.299725785	0.165194028	0.127745617	0.047309088	0.019942941	0.008364956	0		
D4GSD9	Lipoate--protein ligase domain protein	23785.43	9	TRUE	0	5	8	9	9	9	6	5	2	0	0	0	0	0	0	448.3	1257.3	3120.4	3550.8	1735.1	841.1	474.8	53.6	0	0	0	0	0	0	0.126253239	0.354089219	0.878787879	1	0.488650445	0.236876197	0.133716346	0.01509519	0	0	0	0	0		
D4GRZ1	Hsp20-type molecular chaperone	15169.54	8	TRUE	0	4	8	8	8	8	6	5	2	2	2	1	0	0	0	329	1036.4	2279.4	3296.4	2777.6	1966.1	1783	635.4	471.4	172.9	75.8	0	0	0	0.099805849	0.314403592	0.691481616	1	0.842616187	0.596438539	0.540893095	0.192755734	0.14300449	0.052451159	0.022994782	0	0		
D4GXW3	Halobacterial output domain-containing protein	13352.42	4	TRUE	0	4	4	4	4	4	4	2	3	1	0	0	0	0	0	2910.8	5227.2	6254.9	3210.5	1854.3	934.3	211.1	228.3	28.5	0	0	0	0	0	0.465363155	0.835696814	1	0.51327759	0.296455579	0.149370893	0.03374954	0.036499384	0.004556428	0	0	0	0		
D4GPA3	IclR family transcription regulator	28593.94	14	TRUE	0	12	14	14	14	12	12	12	10	8	6	2	0	0	0	1973.8	2097.3	2962.5	3161.8	1579.6	1082.3	1023.1	661.7	920	446.8	158.5	0	0	0	0.624264659	0.663324688	0.936966285	1	0.499588842	0.342305016	0.323581504	0.209279524	0.290973496	0.141311911	0.050129673	0	0		
D4GVU8	KaiC-type circadian clock protein CirD	25925.38	14	TRUE	0	2	8	13	14	13	14	13	10	5	4	1	0	0	0	43.2	459.7	1357	2974.5	2689.9	4541.7	2940	1651.3	1026.3	456.5	77.5	0	0	0	0.009511857	0.101217606	0.298786798	0.654930973	0.592267213	1	0.647334698	0.363586322	0.225972653	0.100513024	0.017064095	0	0		
D4GSC2	Uncharacterized protein	12929.73	6	TRUE	0	5	6	6	6	6	5	4	3	2	0	0	0	0	0	507.9	1450.6	2760.1	2966.6	2549.1	1385.1	1294.6	61.3	804.5	0	0	0	0	0	0.171206095	0.48897728	0.930391694	1	0.8592665	0.466898133	0.436391829	0.020663386	0.271185869	0	0	0	0		
D4GRD4	Pirin domain protein	27758.83	7	TRUE	4	6	6	7	6	6	7	7	7	6	6	6	4	4	177.2	1033.1	1689.8	2518.9	2761.8	2221.9	2606.9	2500.7	1884.7	2279.3	1748.8	1522.6	677.6	811.9	0.064161054	0.374067637	0.611847346	0.912050112	1	0.80451155	0.94391339	0.905460207	0.682417264	0.825295097	0.633210225	0.551307119	0.245347237	0.293974944		
D4GVU1	AstE domain protein	36922.78	13	TRUE	0	12	13	13	13	12	8	6	1	1	0	0	0	0	0	885.7	1679.4	2857.8	2725.7	1794.2	1424.1	982.7	254	166.6	0	0	0	0	0	0.309923718	0.587654839	1	0.953775632	0.6278256	0.498320386	0.343865911	0.088879558	0.058296592	0	0	0	0		
D4GX39	SCO1/SenC/PrrC family protein	24587.04	5	TRUE	0	2	4	5	5	5	4	4	3	3	2	1	0	0	0	463.5	1268.1	2381.5	2553.6	2580.8	3137.4	2815.2	1833.6	1680.7	619.7	181.2	0	0	0	0.147733792	0.404188181	0.759068018	0.813922356	0.822591955	1	0.8973035	0.58443297	0.535698349	0.19752024	0.057754829	0	0		Tat/SPII
D4GTT7	Nicotinamide-nucleotide adenylyltransferase	20443.68	6	TRUE	0	5	6	6	6	4	2	2	2	1	0	0	0	0	0	1204.2	2070.7	2680.6	2388.5	1454.4	498.7	542	242.2	44.6	0	0	0	0	0	0.449227785	0.772476311	1	0.891031859	0.542565097	0.186040439	0.202193539	0.090352906	0.016638066	0	0	0	0		
D4GX03	Purine-binding taxis protein CheW	17390.3	9	TRUE	0	8	9	9	9	7	3	3	1	0	0	0	0	0	0	1999.6	2545.4	3145.6	2300.1	1192.8	241.2	144.5	11.6	0	0	0	0	0	0	0.635681587	0.809193795	1	0.731211851	0.379196338	0.076678535	0.045937182	0.003687691	0	0	0	0	0		
D4GWS0	"Glycosyltransferase, type 1"	40823.33	11	TRUE	0	8	9	11	10	11	11	10	11	9	4	4	2	3	0	404.1	843.2	1647.5	2293.1	1616.3	1502.1	1894.6	1679.2	2098.2	449	324.3	131	186.8	0	0.176224325	0.367711831	0.718459727	1	0.704853692	0.655052113	0.826217784	0.732283808	0.915005887	0.195804806	0.141424273	0.057127905	0.081461777		
D4GY03	HTH-10 family transcription regulator	25182.18	10	TRUE	8	8	10	10	10	10	9	7	3	2	1	1	0	0	600.3	647.8	1060.7	1609.2	2172.5	1159.8	591.7	900.7	126.5	37.3	51.2	22.1	0	0	0.276317606	0.298181818	0.488239356	0.740713464	1	0.533855006	0.272359033	0.414591484	0.058227848	0.01716916	0.023567319	0.010172612	0	0		
D4GXE9	Pyruvate--ferredoxin oxidoreductase beta subunit	34497.05	11	TRUE	10	11	11	10	11	11	9	11	9	6	6	4	2	3	1481.8	2215.5	2217	2203.3	2039.1	1281.2	881.4	1028.8	716.9	866.5	633.6	586	451	782.4	0.668380695	0.99932341	1	0.993820478	0.919756428	0.57789806	0.397564276	0.464050519	0.323364908	0.390843482	0.28579161	0.264321155	0.203428056	0.352909337		
D4GUK2	HTH domain protein	15623.54	5	TRUE	4	5	5	5	5	5	5	5	4	3	2	0	0	0	1021.2	913.3	958	1531.3	2018.5	1456.8	1244.9	1076	562.4	450.9	214.1	0	0	0	0.505920238	0.452464702	0.474609859	0.758632648	1	0.721724053	0.616745108	0.533069111	0.27862274	0.223383701	0.106068863	0	0	0		
D4GXE4	Triosephosphate isomerase	21332.62	5	TRUE	5	5	5	5	5	5	4	3	2	2	2	0	0	0	1565.2	1990.8	1713.1	3262.7	1984.6	1390.1	558.9	410.8	143.3	207.6	61.7	0	0	0	0.479725381	0.610169492	0.525055935	1	0.608269225	0.426058173	0.171299844	0.12590799	0.043920679	0.063628283	0.018910718	0	0	0		
D4GVN6	HTH domain protein	28811.3	6	TRUE	4	5	5	5	6	5	3	2	3	2	2	0	0	0	839.2	732.9	1334.8	1097.8	1969.6	729.5	483.3	86.4	221.1	117	78.6	0	0	0	0.426076361	0.372106011	0.677701056	0.557372055	1	0.370379773	0.245379773	0.043866775	0.112256296	0.059402924	0.03990658	0	0	0		
D4GV69	HTH domain protein	13807.25	4	TRUE	0	3	4	4	4	3	4	4	4	4	4	1	0	0	0	738.1	1118.7	1627.5	1878.7	925.8	854	1220.6	827.1	920.9	466.6	86.4	0	0	0	0.392878054	0.595464949	0.86629052	1	0.492787566	0.454569649	0.649704583	0.440251238	0.490179379	0.24836323	0.045989248	0	0		
D4GSQ7	GMP synthase [glutamine-hydrolyzing] subunit A	20056.05	4	TRUE	0	1	3	4	4	4	4	4	4	3	2	0	0	0	0	17.2	124	686.5	1847.8	2669.4	2839.2	2541.3	1150.7	764.8	223.8	0	0	0	0	0.006058045	0.043674274	0.241793463	0.650817132	0.940194421	1	0.895076078	0.405290223	0.269371654	0.078825021	0	0	0		
D4GRI2	PaaI family protein	14450.71	2	TRUE	0	2	2	2	2	2	2	2	2	2	1	0	0	0	0	334.9	630.1	1434	1833.8	1891.5	1620.8	1158.9	760.8	1045.4	219.8	0	0	0	0	0.177055247	0.333121861	0.758128469	0.96949511	1	0.856886069	0.612688343	0.40222046	0.552683056	0.116204071	0	0	0		
D4GZH6	Uracil-DNA glycosylase	23057.61	5	TRUE	0	4	4	5	5	4	4	4	2	2	1	0	0	0	0	306.8	925.7	1318.5	1757.2	904.6	668.1	492.9	123.1	45.1	20.9	0	0	0	0	0.174595948	0.526804006	0.750341452	1	0.514796267	0.380207148	0.280503073	0.070054632	0.025665832	0.011893922	0	0	0		
D4GX23	ABC-type transport system ATP-binding protein (Probable substrate branched-chain amino acids)	27614	6	TRUE	0	4	6	6	6	6	6	4	1	0	0	0	0	0	0	342.3	838.7	1468.5	1695.7	1033.5	675.4	338.8	36.8	0	0	0	0	0	0	0.201863537	0.494603998	0.866014036	1	0.609482809	0.398301586	0.199799493	0.021701952	0	0	0	0	0		
D4H070	HTH domain protein	28986.39	9	TRUE	0	8	9	8	8	8	6	7	6	5	3	4	1	2	0	968.2	1166.5	1666.1	1636.9	1091.4	912	1493.4	1014.8	955.3	286.1	357	59.7	168.7	0	0.58111758	0.700138047	1	0.982474041	0.655062721	0.547386111	0.896344757	0.60908709	0.573374947	0.171718384	0.214272853	0.035832183	0.101254427		
D4GXP1	Uncharacterized protein	16311.13	5	TRUE	0	3	5	5	5	5	5	1	1	0	0	0	0	0	0	116.6	282.3	840.7	1634.7	1179.3	699.3	220.5	70.1	0	0	0	0	0	0	0.071328072	0.172692237	0.514283966	1	0.721416774	0.427784915	0.134887135	0.042882486	0	0	0	0	0		
D4GVY4	TATA-binding transcription initiation factor	20072.54	3	TRUE	0	3	3	3	3	3	3	3	2	1	1	0	0	0	0	850.1	969	1383	1508.4	792.8	500.7	297.5	103.3	58.4	37.2	0	0	0	0	0.5635773	0.642402546	0.916865553	1	0.525590029	0.33194113	0.197228852	0.068483161	0.038716521	0.024661893	0	0	0		
D4GUV4	Oxoglutarate--ferredoxin oxidoreductase beta subunit	31045.23	8	TRUE	8	7	7	8	7	7	7	7	5	3	3	1	0	0	321.8	793.5	895.9	1314.7	1500.7	950	965.3	840.1	351.5	284.5	214.6	88.7	0	0	0.214433264	0.528753248	0.596988072	0.87605784	1	0.633037916	0.643233158	0.559805424	0.234224029	0.189578197	0.142999933	0.059105751	0	0		
D4GZ93	Urease subunit gamma	14144.62	5	TRUE	0	4	5	5	5	5	5	3	2	0	0	0	0	0	0	373.3	785.2	1314.2	1492	806.2	372.4	271.1	72.7	0	0	0	0	0	0	0.250201072	0.526273458	0.880831099	1	0.540348525	0.249597855	0.181702413	0.048726542	0	0	0	0	0		
D4GZT6	Secreted glycoprotein	49060.19	11	TRUE	11	2	2	1	3	1	3	2	2	1	1	0	1	1	1203	359.2	643	1066.2	1265.1	892.7	664	452.3	179.2	29.1	11	0	279.3	461.2	0.950912971	0.283930124	0.508260217	0.842779227	1	0.705635918	0.524859695	0.357521145	0.141648882	0.023002134	0.008694965	0	0.220773061	0.364556162		Sec/SPI
D4GY40	Uncharacterized protein	11460.36	5	TRUE	4	5	4	5	4	4	4	3	3	1	1	0	0	0	1156.3	996.8	788.8	1230.8	1256.6	632.2	241.4	345.9	146.9	148	84.6	0	0	0	0.920181442	0.793251631	0.627725609	0.979468407	1	0.503103613	0.192105682	0.275266592	0.116902753	0.117778131	0.067324527	0	0	0		
D4GYU9	Uncharacterized protein	22419.31	2	TRUE	0	1	1	2	2	2	2	2	2	1	1	0	0	0	0	54.5	167.4	582.9	1142.9	602.4	511.1	480.2	197.1	36.7	7.6	0	0	0	0	0.047685712	0.146469507	0.510018374	1	0.527080234	0.44719573	0.420159244	0.172456033	0.032111296	0.006649751	0	0	0		
O30560	Thermosome subunit 2	59297.89	14	TRUE	13	12	11	12	14	11	9	11	7	6	5	1	1	1	617.7	596.5	742.5	785.1	958.8	728.5	314.1	464.5	275.1	304.1	289.1	37.3	15	24.7	0.644242804	0.622131831	0.774405507	0.818836045	1	0.759803922	0.327596996	0.484459741	0.286921151	0.317167292	0.301522737	0.038902795	0.015644556	0.025761368		
D4GXL2	Uncharacterized protein	13602.58	2	TRUE	0	2	2	2	2	2	2	2	1	1	1	0	0	0	0	149.1	271.3	637.9	921.4	679	490.7	584.2	170.2	214.1	81.9	0	0	0	0	0.161818971	0.294443239	0.692316041	1	0.736922075	0.532559149	0.634035164	0.184718906	0.232363794	0.088886477	0	0	0		
D4GZY4	ACT domain protein	20237.49	5	TRUE	0	5	5	5	5	4	4	3	2	3	0	0	0	0	0	651.4	679.8	827.2	867.7	544.6	401.3	153.8	84.5	298.1	0	0	0	0	0	0.750720295	0.783450501	0.953324882	1	0.62763628	0.462487035	0.177250202	0.097383888	0.343551919	0	0	0	0		
D4GSM9	GNAT family acetyltransferase	24408.67	7	TRUE	2	7	7	7	7	7	6	3	2	2	1	0	0	0	70.9	256.8	557.1	945.3	835.5	468.7	197.4	107.1	41.7	54.6	11.1	0	0	0	0.075002645	0.271659791	0.589336719	1	0.883846398	0.495821432	0.208822596	0.113297366	0.04411298	0.057759441	0.011742304	0	0	0		
D4GSY9	Putative ABC transporter anion-binding protein HVO_1888	35912.26	4	TRUE	0	3	2	3	3	3	2	3	1	2	1	0	0	0	0	190.9	214.3	608.7	830.7	1063	265.5	1038.2	150.8	495.3	76.2	0	0	0	0	0.179586077	0.201599247	0.572624647	0.781467545	1	0.249764817	0.976669802	0.141862653	0.465945437	0.071683913	0	0	0		Tat/SPII
D4GY44	ABC-type transport system permease protein	63252.77	2	TRUE	2	2	2	2	2	2	2	2	2	2	2	1	0	0	310.9	85.3	105.6	346.8	813.7	939.9	1203.4	1064.7	764.8	727.9	366.1	213.5	0	0	0.258351338	0.0708825	0.087751371	0.28818348	0.676167525	0.781037062	1	0.884743228	0.635532657	0.604869536	0.304221373	0.177413994	0	0		
D4GWS7	Lipoprotein	27671.88	2	TRUE	0	2	2	1	2	1	1	1	1	1	1	0	0	0	0	305.8	312.4	445.7	784.6	291.1	243.5	236.2	117.1	85.8	70.7	0	0	0	0	0.38975274	0.39816467	0.568060158	1	0.371017079	0.310349223	0.301045119	0.149248024	0.109355085	0.09010961	0	0	0		Sec/SPII
D4GT40	Phosphoribosyltransferase	26983.96	10	TRUE	0	10	10	9	10	9	5	4	1	0	0	0	0	0	0	515.2	693.2	824.9	782.8	399.3	55.6	436.1	8	0	0	0	0	0	0	0.624560553	0.840344284	1	0.948963511	0.484058674	0.067402109	0.528670142	0.009698145	0	0	0	0	0		
D4H091	Lrp/AsnC family transcription regulator	21758.07	3	TRUE	3	3	3	3	3	3	3	1	1	0	0	0	0	0	496.7	360.7	485.9	645.4	725.8	248.5	213.7	22.2	8.2	0	0	0	0	0	0.684348305	0.496968862	0.669468173	0.889225682	1	0.342380821	0.294433728	0.030586939	0.011297878	0	0	0	0	0		
D4GPM4	TIM-barrel domain-containing protein	29853.21	4	TRUE	0	3	4	4	4	4	2	1	1	0	0	0	0	0	0	84.3	138.8	568.7	694.8	284.3	328.9	65.1	16.4	0	0	0	0	0	0	0.121329879	0.199769718	0.818508923	1	0.409182499	0.473373633	0.093696028	0.023603915	0	0	0	0	0		
D4GQD2	ISHwa16-type transposase ISHvo16	38089.62	4	TRUE	0	3	3	4	4	4	3	3	3	1	0	0	0	0	0	63.6	136.4	396.3	619.3	369.6	237.1	231.3	88.1	63	0	0	0	0	0	0.102696593	0.220248668	0.639916034	1	0.596802842	0.382851607	0.373486194	0.142257387	0.101727757	0	0	0	0		
D4GU35	Acetyltransferase	22570.58	5	TRUE	0	2	3	4	5	4	4	4	4	2	1	0	0	0	0	74.1	87.5	269.4	549.8	378.1	307.9	361.9	201.7	144	19.8	0	0	0	0	0.134776282	0.159148781	0.489996362	1	0.68770462	0.560021826	0.65823936	0.366860677	0.261913423	0.036013096	0	0	0		
D4GSJ5	ACT domain protein	19163.29	3	TRUE	3	3	3	3	3	3	3	3	3	3	2	0	0	0	189.4	130.2	207.4	353	469.1	209.7	224.9	252.7	124.5	222.6	73.6	0	0	0	0.403751865	0.277552761	0.442123215	0.752504796	1	0.44702622	0.479428693	0.538691111	0.265401833	0.474525687	0.156896184	0	0	0		
D4GS14	protein-L-isoaspartate(D-aspartate) O-methyltransferase	26447.5	5	TRUE	0	2	4	5	5	5	2	2	2	2	2	1	1	0	0	50.3	142.3	327.6	447.1	287.3	42.6	90	93.8	121.5	112.1	36.7	63.4	0	0	0.112502796	0.318273317	0.732721986	1	0.642585551	0.095280698	0.201297249	0.209796466	0.271751286	0.250726907	0.082084545	0.141802729	0		
D4GVF2	TIGR03663 family protein	62841.68	2	TRUE	0	2	2	2	2	2	2	2	1	1	0	0	0	1	0	178.2	304.9	389.5	396.5	216.3	141.7	141.7	59.2	45.6	0	0	0	112.8	0	0.449432535	0.768978562	0.982345523	1	0.545523329	0.357377049	0.357377049	0.149306431	0.115006305	0	0	0	0.284489281		
D4GR69	ISHwa16-type transposase ISHvo16	38127.71	2	TRUE	0	1	2	2	2	2	2	2	2	1	0	0	0	0	0	27.8	53.9	153.9	327.3	231	124.2	116.8	40.7	16.7	0	0	0	0	0	0.084937366	0.164680721	0.470210816	1	0.705774519	0.379468378	0.356859151	0.124350749	0.051023526	0	0	0	0		
P25062	Cell surface glycoprotein	85188.54	2	TRUE	1	1	1	1	1	1	1	2	2	2	2	2	2	1	80.3	90.1	122.8	300.8	247	90	17.1	132.6	162.3	380.7	433.9	355.7	400.1	158.6	0.185065683	0.207651533	0.283014519	0.693247292	0.569255589	0.207421065	0.039410002	0.305600369	0.37404932	0.877391104	1	0.819774142	0.922101867	0.36552201		Sec/SPI
D4GZ55	Metal-dependent hydrolase domain protein	30600.43	4	TRUE	1	4	4	3	4	3	1	2	1	1	1	0	0	0	70	258.8	246.3	194.8	221.9	142.2	55.6	139.5	32.9	40.3	35	0	0	0	0.270479134	1	0.951700155	0.752704791	0.857418856	0.549459042	0.214837713	0.539026275	0.127125193	0.155718702	0.135239567	0	0	0		
D4GZE0	DUF1931 domain protein	6246.01	17	FALSE	11	17	17	16	14	13	9	10	8	6	5	4	4	3	1401428.4	113157090.1	94386536.7	84123084.2	55864068	22936160.3	14843138.6	6606094.1	3097388.1	2459929.8	1084942.1	706244.4	380735.6	286351.6	0.012384804	1	0.834119511	0.743418588	0.493685972	0.20269309	0.131172855	0.058379851	0.027372462	0.021739069	0.009587929	0.006241274	0.003364664	0.002530567		
D4GQG3	Tat pathway signal sequence domain protein	30836.43	35	FALSE	24	35	35	34	33	33	26	20	17	16	11	9	10	8	916342.6	17071276.6	10916526.6	7609489.6	4336775.5	1492868.6	604947.1	284428.4	129553.3	104390.3	60705.6	48904.1	40160.4	43732.8	0.05367745	1	0.639467502	0.445748129	0.25403932	0.087449148	0.035436547	0.016661226	0.007588964	0.006114967	0.003556008	0.002864701	0.002352513	0.002561777		Tat/SPI
D4GZW2	Orotate phosphoribosyltransferase	18561.84	19	FALSE	19	17	16	17	16	16	14	12	11	11	8	7	6	6	2548011.3	1221621.3	1027711.3	1056009.1	867144.2	507397.4	342502.1	255075.8	120724.2	90659.4	36540.8	17847.5	8514.4	7010.7	1	0.479441084	0.403338596	0.414444434	0.34032196	0.199134674	0.13441938	0.100107798	0.047379774	0.035580454	0.01434091	0.007004482	0.003341586	0.00275144		
D4GTC9	Small ribosomal subunit protein eS24	11632.89	29	FALSE	14	20	19	22	26	27	28	29	28	27	22	19	17	12	59831.4	80545.8	100304	295220.4	839498.8	1606146.2	2759535.7	3631939.3	2722887.7	2971967.6	1234130.8	532345.5	165201.5	73657.1	0.016473678	0.022177078	0.027617202	0.081284508	0.2311434	0.442228261	0.759796757	1	0.74970628	0.818286693	0.339799401	0.146573347	0.045485755	0.020280377		
D4GZF8	Ferritin/Dps domain protein	16908.51	23	FALSE	23	23	23	23	23	21	20	15	15	12	10	8	5	4	1305097.3	1563237	1172759.1	988175.9	628736.1	338261.6	215000.1	132820.5	57684.3	43467.5	19080.5	11258.5	5288.3	3202.8	0.834868481	1	0.750211964	0.632134411	0.402201394	0.216385359	0.137535191	0.084965044	0.036900547	0.027806084	0.012205763	0.007202043	0.003382916	0.002048826		
D4GSR1	Prefoldin subunit beta	13986.23	13	FALSE	10	13	13	13	13	13	11	11	8	6	3	3	3	1	35214.9	789093.1	937188.4	824398.7	582911.1	179314.6	62547.4	37733.5	9972.5	7085.1	3835.3	3363.1	2791	960.1	0.037575049	0.841979158	1	0.879650986	0.621978569	0.1913325	0.066739409	0.040262449	0.01064087	0.007559953	0.004092347	0.003588499	0.002978056	0.001024447		
D4GU54	GalE family epimerase/dehydratase	33840.05	25	FALSE	21	23	22	25	24	25	24	18	14	11	5	3	3	3	48313.2	799127.1	754813.1	703784.8	438239.6	159473.6	60673.8	26548.6	9209.4	6336.1	2294.9	818.4	533.8	532	0.060457467	1	0.944546994	0.880691945	0.548397871	0.199559745	0.075925094	0.033221999	0.011524324	0.007928776	0.002871758	0.001024117	0.000667979	0.000665726		
D4GWG6	Translation initiation factor 5A	14209.09	28	FALSE	3	8	9	13	22	22	28	27	28	28	23	16	16	9	468.4	5777.4	22629.4	89196.7	383903.7	913942.8	2143920.3	3356532.8	3273956.2	3803140.3	1792742	859422	282267.4	124829.2	0.000123161	0.001519113	0.005950188	0.023453434	0.10094387	0.24031267	0.563723694	0.882568755	0.860856014	1	0.471384661	0.225976938	0.07421956	0.032822665		
D4GTQ6	Adenylate kinase	23080.27	19	FALSE	16	19	19	19	19	17	13	13	12	10	8	5	4	3	69470.4	1374981.3	884230	579112.2	282069.3	80574.9	33449.8	13585.9	6208.4	6670.3	3842.1	2972.1	1658.9	1046.4	0.050524614	1	0.64308511	0.421178237	0.205144099	0.058600724	0.024327458	0.009880789	0.004515261	0.004851193	0.002794293	0.002161557	0.001206489	0.000761029		
D4GZY0	Small ribosomal subunit protein uS12	15476.77	15	FALSE	9	12	12	12	14	15	15	15	15	15	14	13	11	9	8636.9	10603.9	22258.9	76328.5	251308.5	471366.7	749502.8	1138186.5	872835.5	930138.1	448689.7	207315.4	70186.9	35251.5	0.007588299	0.009316487	0.019556461	0.067061505	0.220797295	0.414138368	0.658506141	1	0.766865096	0.817210624	0.394214569	0.182145369	0.061665553	0.030971638		
D4GU77	Twin-arginine translocation signal domain-containing protein	17902.65	27	FALSE	4	13	14	20	24	26	26	26	25	25	24	24	20	16	719.6	4928.9	15309.5	56945.9	229753.1	693619.5	1872339.6	3802847	3639638.7	4239911.7	2266918.6	1212516.4	344964.4	131545.9	0.000169721	0.001162501	0.003610806	0.013430916	0.05418818	0.163592912	0.441598725	0.896916556	0.858423231	1	0.534661748	0.285976805	0.081361223	0.031025623		Tat/SPI
D4GVV8	Translation initiation factor aIF-2 beta subunit / probable RNA-binding protein	22169.62	21	FALSE	18	21	21	21	21	20	19	15	11	8	7	4	3	2	58403.3	368224.1	320056.7	319832.9	209989.9	65982.3	27623.3	16381.9	5196.8	3172.7	1668.6	732.1	379.6	289.2	0.158608032	1	0.869189985	0.868582203	0.570277448	0.179190607	0.075017632	0.04448894	0.014113145	0.00861622	0.00453148	0.001988191	0.001030894	0.000785391		
D4GRG3	Peptidyl-prolyl cis-trans isomerase	16897.23	8	FALSE	4	8	8	8	8	8	7	6	5	3	2	1	0	0	5393.2	441352.4	383605.1	356569.9	203693.3	77130.9	45879.9	13571	5420.7	2352.5	899.9	790.8	0	0	0.012219714	1	0.869158296	0.807902937	0.461520771	0.17476035	0.103952986	0.030748672	0.012282022	0.005330208	0.00203896	0.001791765	0	0		
D4GYI8	phosphoenolpyruvate--glycerone phosphotransferase	13033.48	12	FALSE	7	12	12	12	12	11	9	9	8	7	6	5	2	1	16099.3	479864.2	322832.3	308770.4	201358.6	98378.1	38749.7	27522.2	18662.5	27913.8	15267.3	8338	754.8	37.2	0.0335497	1	0.672757626	0.64345371	0.4196158	0.205012376	0.080751388	0.057354143	0.038891211	0.058170207	0.031815876	0.017375749	0.001572945	7.75E-05		
D4GP57	Cobalamin biosynthesis protein	23948.28	15	FALSE	14	15	15	15	15	14	14	13	14	12	7	7	5	4	4799.7	333524	274659.5	304112	198685	83394.6	38145	17078.1	7024	6276.1	2387	1943.4	1044.1	808.5	0.014390868	1	0.823507454	0.911814442	0.595714251	0.250040777	0.114369581	0.051205011	0.021059954	0.018817536	0.007156906	0.005826867	0.003130509	0.002424113		
D4GUM3	Methylglyoxal synthase	13907.64	17	FALSE	5	9	9	12	14	15	17	17	17	15	14	11	9	9	1583.7	5738.7	14662.3	50385.5	176763.2	265674.1	474291	882313.6	619565.5	558674.3	261743.7	97651.3	36314.1	17383	0.00179494	0.00650415	0.016618014	0.057106113	0.200340559	0.301110739	0.537553768	1	0.702205542	0.633192439	0.296656087	0.110676408	0.041157815	0.019701612		
Q1XBW0	Cupin 2 barrel domain protein	11633.62	5	FALSE	2	5	5	5	5	5	5	3	3	2	2	2	2	2	4711.6	317149.5	280491.3	244805.7	166531.3	67943.4	43266.6	27229	14658.6	12562	6214.5	3317.8	1777.1	1437.2	0.014856085	1	0.884413502	0.771893697	0.525087695	0.214231459	0.136423359	0.085855409	0.046219843	0.03960908	0.01959486	0.010461312	0.005603351	0.004531617		
D4GUB9	Methionine aminopeptidase	32275.63	23	FALSE	17	23	23	23	23	21	19	17	9	7	4	3	1	0	17212.1	614784.3	424842.7	298976.8	157336.6	54149.4	24641.7	10690.6	4583.2	4076.6	1117.2	935.8	95	0	0.027996974	1	0.691043509	0.486311703	0.25592163	0.088078697	0.040081863	0.017389188	0.007454972	0.006630944	0.001817223	0.00152216	0.000154526	0		
D4GR24	Uncharacterized protein	23856.03	42	FALSE	41	29	29	28	27	24	24	18	16	13	12	12	11	11	3338600	97209.4	99911.7	144138.4	141071.2	77588.9	48804.3	58559.8	40532	53550	57733.7	58074.9	52974.8	43731.7	1	0.029116815	0.029926227	0.043173306	0.042254598	0.023239951	0.014618193	0.017540226	0.012140418	0.016039657	0.017292787	0.017394986	0.01586737	0.013098814		Tat/SPI
D4GVS5	thioredoxin-dependent peroxiredoxin	16698.93	14	FALSE	1	9	11	12	14	14	14	14	13	13	11	9	5	2	16.2	2388.7	12129.7	50423.5	132465	181533.8	207182.2	218915	113681.5	82449.5	28847.3	11687.2	2080.7	1276.9	7.40E-05	0.010911541	0.055408263	0.230333691	0.605097869	0.829243314	0.946404769	1	0.51929516	0.376627915	0.131773976	0.053386931	0.009504602	0.005832858		
D4GTX4	Large ribosomal subunit protein uL15	17828.21	15	FALSE	10	14	15	15	15	15	11	10	9	7	6	7	2	2	8288.1	265434	235396.1	205668.9	130224.7	51450.5	23415.9	10464.1	4333.1	2715	1448.2	1137.6	366.2	327.9	0.031224711	1	0.886834769	0.774840073	0.490610472	0.193835379	0.08821741	0.039422606	0.016324585	0.010228531	0.00545597	0.004285811	0.001379627	0.001235335		
D4GXU1	UPF0339 family protein	6675.41	19	FALSE	0	7	9	12	14	19	19	19	19	19	16	12	11	6	0	1798.3	5201	30218.9	121852.6	324982.9	680334.6	1019940.1	873960.9	914680.1	371978.2	200053.4	93875.7	51489.3	0	0.001763143	0.005099319	0.029628112	0.119470349	0.318629398	0.667033878	1	0.856874732	0.896797861	0.364705927	0.196142303	0.092040405	0.050482671		
D4GTY9	Large ribosomal subunit protein uL29	7670.55	10	FALSE	9	8	8	8	9	10	10	10	10	10	10	10	9	9	55800.5	53562.9	64642	91136.7	119726.6	153593.8	393721.4	1358252.8	2331780.4	5044576	4691863.6	3142938.5	1445733.8	659789.5	0.011061485	0.010617919	0.012814159	0.018066276	0.023733729	0.030447316	0.078048462	0.269250141	0.462235161	1	0.930080863	0.623033234	0.286591737	0.130791864		
D4GSW1	Small ribosomal subunit protein eS19	16673.55	19	FALSE	8	11	13	17	18	19	18	19	19	18	19	18	12	12	1335.1	2305.2	8212.5	29113.9	105899.2	213216.6	420118.5	704899.9	546134.9	540488.9	277460.2	114213.5	34793.4	14946.5	0.001894028	0.003270252	0.01165059	0.041302176	0.150232962	0.302477841	0.595997389	1	0.774769439	0.766759791	0.393616455	0.16202797	0.049359349	0.02120372		
D4GWH3	Hsp20-type molecular chaperone	13478.15	7	FALSE	5	7	7	7	7	7	6	5	4	3	2	1	0	0	74978.9	156491.7	165035.4	149093.7	104623.2	48889	28563.9	21413.5	8528	5795.8	3232.3	605.9	0	0	0.454320103	0.948231107	1	0.903404361	0.63394399	0.296233414	0.173077412	0.12975095	0.051673762	0.035118526	0.019585495	0.003671334	0	0		
D4GRZ0	Prephenate dehydratase	28698.71	17	FALSE	9	17	17	17	17	16	12	10	10	7	2	0	0	0	4389.4	184509.9	184004.4	165815.7	88057.5	29656.9	10464.3	3828.4	1373.6	715.9	76.6	0	0	0	0.023789509	1	0.99726031	0.898681859	0.477250814	0.160733381	0.05671403	0.020749022	0.007444587	0.003880009	0.000415154	0	0	0		
D4GY62	Uracil phosphoribosyltransferase	24501.81	23	FALSE	23	16	15	17	15	13	9	8	7	7	5	5	3	4	677165.3	13513.4	75038.9	11979.1	83339.1	3506.2	2169.6	1387.7	755.9	839.5	600.8	77297.2	118273.7	51821.5	1	0.019955836	0.110813268	0.017690068	0.123070541	0.005177761	0.003203944	0.002049278	0.001116271	0.001239727	0.000887228	0.1141482	0.174660013	0.076527105		
D4GWA6	Large ribosomal subunit protein eL21	10599.02	16	FALSE	3	5	7	9	12	15	16	16	15	15	14	12	9	4	648.8	1543.6	3674.6	19569.8	80549.3	210317	443881.7	752554.5	659939.7	848645.4	363538.3	181340.1	59164.1	31844.3	0.000764512	0.001818899	0.004329959	0.023060044	0.094915144	0.247826713	0.523047318	0.886771436	0.777638929	1	0.428374796	0.213681828	0.069715926	0.037523682		
D4GYG1	CopG domain protein	7851.73	5	FALSE	0	3	4	3	5	5	5	5	5	5	4	4	4	3	0	399.4	3078	15098.3	77276.5	131381.7	190106.3	291478.4	195641.8	213165.7	106275.8	54507.2	23123.2	12434.3	0	0.001370256	0.010559959	0.051799036	0.265119131	0.450742491	0.652214023	1	0.671205139	0.731325889	0.364609522	0.187002536	0.07933075	0.042659422		
D4GYV3	Iron-sulfur cluster assembly protein	15463.14	13	FALSE	5	12	12	13	12	12	12	13	12	10	7	6	4	2	1396.2	10628.6	22074.3	49109.8	76280.8	56173	53899.3	75451.8	55216.6	58202.4	28836	14969.8	5310.4	2481	0.018303426	0.139335193	0.289382125	0.643802897	1	0.736397626	0.706590649	0.989132259	0.723859739	0.763001961	0.378024352	0.196245975	0.06961647	0.032524567		
D4GWA3	DNA-directed RNA polymerase subunit Rpo4	13635.28	14	FALSE	13	14	14	14	14	13	12	10	10	8	8	8	4	4	114499.8	583350	281376.2	160934.5	75770.2	24370.6	11046.4	9331.3	4600.9	4464.1	3049.3	2930.8	1570.6	1824.7	0.196279763	1	0.482345419	0.275879832	0.12988806	0.041776978	0.018936145	0.015996057	0.007887032	0.007652524	0.005227222	0.005024085	0.00269238	0.003127968		
D4GY71	Aspartate carbamoyltransferase	33674.59	42	FALSE	23	42	42	42	39	35	29	20	10	10	6	5	0	0	7117.7	213474.1	194198.1	144394	74671	25722.5	9651.7	4432.4	1854.9	1529.5	440.8	408.7	0	0	0.033342218	1	0.909703332	0.676400556	0.349789506	0.120494711	0.045212511	0.020763175	0.00868911	0.007164804	0.002064887	0.001914518	0	0		
D4GZ03	NUDIX family hydrolase	17607.58	11	FALSE	11	11	11	11	11	11	11	11	9	9	7	6	4	1	75146.5	49492.1	49645.4	63740.5	73157.8	59463.6	56639.3	48510.8	28328.5	20495.4	8155.2	3459.5	534.4	135.2	1	0.658608185	0.660648201	0.848216484	0.973535694	0.791302323	0.753718403	0.645549693	0.376976972	0.272739249	0.108524016	0.046036742	0.007111442	0.001799152		
D4GXX8	Nonhistone chromosomal protein	11585.88	16	FALSE	2	8	9	10	11	13	16	15	16	16	15	13	14	12	305.4	1048.6	4509.3	18636.1	69736.7	229989.8	764925.6	1922660.7	2873596.8	4166781.3	2745273.7	1548708	578456.6	239572.6	7.33E-05	0.000251657	0.001082202	0.004472541	0.016736348	0.055196033	0.183577093	0.461425873	0.689644259	1	0.658847562	0.371679694	0.138825765	0.057495842		
D4GP63	Cobalt-factor-II C20-methyltransferase	25323.17	25	FALSE	25	25	25	25	25	25	22	23	19	17	17	12	9	6	114038.7	313673	186714.9	120113.6	65595.6	27586.3	17673.4	15336.9	7929	11780	8275.3	6922.9	4688	2337.1	0.363559184	1	0.595253337	0.382926168	0.209120964	0.087946046	0.056343389	0.048894549	0.025277917	0.037555033	0.026381933	0.022070436	0.014945501	0.007450753		
D4GWY1	Large ribosomal subunit protein uL13	16011.15	21	FALSE	2	8	13	19	19	20	20	21	20	17	14	8	4	1	100	1610.1	4714.6	21392.6	63952.7	96343.4	119150.2	123989.9	68830.1	54513.2	18973.9	7577.7	1608.6	635.6	0.000806517	0.012985735	0.038024065	0.172535021	0.515789593	0.777026193	0.960966982	1	0.555126668	0.439658392	0.153027787	0.061115462	0.012973637	0.005126224		
D4GYC1	UspA domain protein	17669.26	14	FALSE	5	13	14	14	13	12	9	7	5	5	4	2	0	1	3157.9	147498.4	105290.9	84392.9	63217.8	22170.1	10239	6014.9	2259.8	1907.5	743.4	490.7	0	93.1	0.021409724	1	0.713844354	0.572161461	0.428599903	0.150307393	0.069417702	0.040779425	0.015320844	0.012932344	0.005040055	0.003326816	0	0.000631193		
D4GZC4	Ribosomal RNA large subunit methyltransferase E	28356.42	28	FALSE	17	28	27	27	27	22	19	15	9	6	3	2	0	0	3627.4	178661.5	135157.1	110628	60088.7	19753.6	8600.7	4240.6	1215.7	1622.2	273.1	388.9	0	0	0.020303199	1	0.756498182	0.619204473	0.336327077	0.110564391	0.048139638	0.023735388	0.006804488	0.00907974	0.001528589	0.002176742	0	0		
D4GYY8	HTH/CBS domain protein	19560.9	16	FALSE	7	16	15	16	15	13	10	9	5	4	3	1	2	0	1297.1	103908.7	96675.9	83080.7	55097.6	21761.6	8834.2	4416.6	1399.8	873	219.9	87.6	240.8	0	0.012483074	1	0.930392739	0.799554801	0.530250114	0.209430009	0.085018868	0.042504622	0.013471442	0.008401606	0.002116281	0.000843048	0.002317419	0		
D4GYC7	Origin-associated protein OapB	14320.08	14	FALSE	0	6	8	13	13	14	13	13	13	12	10	9	3	2	0	551.2	2877.2	15632.6	53319.3	71310.4	89085	100673	55425.4	40653.4	14909.1	5209	756.8	262	0	0.005475152	0.028579659	0.155280959	0.5296286	0.708336893	0.884894659	1	0.550548807	0.403816316	0.148094325	0.051741778	0.007517408	0.002602485		
D4GZY6	Elongation factor 1-alpha	45758.99	61	FALSE	61	39	32	26	29	23	22	24	17	17	16	12	14	11	17985000.7	216452.9	98725.6	69101.6	53273.1	30246.1	23848	24783.4	16137.9	18997.7	13920.6	10242.7	8135.8	6437.4	1	0.01203519	0.00548933	0.003842179	0.002962085	0.00168174	0.001325994	0.001378004	0.000897298	0.001056308	0.000774012	0.000569513	0.000452366	0.000357932		
D4GW29	HAD superfamily hydrolase	19540.44	15	FALSE	0	8	11	13	13	14	14	15	14	13	13	11	11	7	0	535.8	3371.2	16525.5	53204.7	87265.8	138909.6	153035.3	99042.3	86698.8	32552	13121.7	4081.5	1844.3	0	0.003501153	0.022028904	0.10798489	0.347662925	0.570233142	0.90769646	1	0.647185976	0.566528115	0.212709094	0.085742963	0.026670317	0.012051468		
D4GTB1	Uncharacterized protein	9996.82	11	FALSE	0	4	6	8	10	10	11	11	11	7	5	4	2	1	0	485.1	4200	19431.9	51013.5	83656.5	113368.2	118652.9	64761.2	41608	15455.3	6683.9	1410.5	374.2	0	0.004088396	0.035397365	0.163770966	0.429938923	0.7050523	0.955460844	1	0.545803769	0.350669895	0.130256403	0.056331535	0.011887615	0.003153737		
D4GYW4	Large ribosomal subunit protein eL20	6364.15	7	FALSE	7	7	7	7	7	7	7	7	7	7	7	7	7	7	10607.8	21557.2	23116.2	35646.4	48544.5	47572.2	50522.8	66781.7	65949.1	116686.3	121390.8	201359.8	323197.5	512885.2	0.020682601	0.042031238	0.045070905	0.069501713	0.094649836	0.09275409	0.098507034	0.130207891	0.128584525	0.227509587	0.236682205	0.392602087	0.630155637	1		
D4GW13	S-adenosylmethionine-dependent methyltransferase	22617.96	11	FALSE	9	11	11	10	10	9	8	7	5	4	3	1	0	0	44902.6	108735.1	77632.3	68886	48321	23265.9	11934.3	7041.6	2482.3	1656	846.7	478.6	0	0	0.412954051	1	0.71395805	0.633521282	0.444391921	0.213968627	0.109755727	0.064759218	0.022828875	0.015229673	0.007786814	0.004401523	0	0		
D4GZS0	Rpa-associated protein	21991.98	26	FALSE	23	26	26	26	24	22	19	13	10	4	2	1	1	0	43398.8	90748.9	86929.8	78774.4	47229	17488.1	7139.3	2296.3	759.3	222.1	62.3	33.8	6.5	0	0.478229488	1	0.957915743	0.868047987	0.52043606	0.192708672	0.078670926	0.025303888	0.008367044	0.002447413	0.00068651	0.000372456	7.16E-05	0		
D4GWG8	YfiH family protein	26800.59	18	FALSE	13	18	17	17	14	15	13	12	7	6	4	1	0	0	6368.5	209116	143714.6	103637.9	47118.6	17314.4	7323.9	3605.1	375.6	456.7	130	468.6	0	0	0.030454389	1	0.687248226	0.49560005	0.225322787	0.082798064	0.035023145	0.017239714	0.001796132	0.002183955	0.000621665	0.002240862	0	0		
D4H043	CBS/parB domain protein	29421.28	11	FALSE	6	10	10	9	9	8	4	3	3	0	1	0	0	0	1744.6	5143.8	40433.5	2004.9	46917.7	60878.9	216.1	4	70733.6	0	68916.1	0	0	0	0.024664374	0.072720744	0.571630738	0.028344379	0.663301458	0.860678659	0.003055125	5.66E-05	1	0	0.974304998	0	0	0		
D4GXU3	Nascent polypeptide-associated complex protein	13659.93	11	FALSE	11	11	11	11	11	11	10	9	7	6	3	2	1	0	184138.6	153145.1	110944.7	78240.5	46441.3	17918.7	8797.1	10418	4532.4	4440.7	2527.6	1332.4	1013.9	0	1	0.831683851	0.602506482	0.424900048	0.252208391	0.097310939	0.04777434	0.056576948	0.024614068	0.024116073	0.013726617	0.007235854	0.005506178	0		
D4GR56	Lrp/AsnC family transcription regulator	20156.64	8	FALSE	8	6	6	5	5	3	5	4	4	3	4	1	0	0	45692.1	7588.2	40161.6	1982.3	45777.1	814	89639.4	92884.3	74989.3	534.1	606.8	232.8	0	0	0.4919249	0.081695184	0.432383083	0.021341605	0.492840017	0.008763591	0.96506514	1	0.807340961	0.005750164	0.006532859	0.002506344	0	0		
L9VGF7	Receiver box response regulator	15568.47	34	FALSE	0	5	11	13	24	28	33	34	32	27	22	14	9	4	0	267.5	1933.6	10009.6	45135	109140.4	248754	345537.1	269580.5	235971.1	97945.9	41092.4	9927	2485.1	0	0.000774157	0.005595926	0.028968235	0.130622732	0.315857255	0.71990533	1	0.780178163	0.682911039	0.283459866	0.118923265	0.028729187	0.007191992		
D4GQ36	ParA domain protein	30364.87	26	FALSE	12	25	25	26	25	22	16	17	13	11	8	4	2	0	1977.5	104759.2	102580.9	83969.5	45114.4	16855.4	7772.8	5168.6	2151.2	2101.1	849.5	539.9	68.9	0	0.018876624	1	0.9792066	0.80154774	0.430648573	0.160896609	0.074196825	0.04933791	0.020534712	0.020056472	0.008109073	0.005153724	0.000657699	0		
D4GY89	Ferredoxin (2Fe-2S)	14435.85	8	FALSE	0	4	5	7	6	8	8	8	8	8	6	3	3	1	0	3045.5	6078.1	15495.6	44550.2	83733.8	156657.7	210473.9	123522	91720.4	47052.4	19874.3	10035.1	339.2	0	0.014469728	0.028878165	0.07362243	0.21166615	0.397834601	0.744309389	1	0.586875617	0.435780398	0.223554559	0.094426435	0.047678596	0.001611601		
D4GQQ9	Peptide methionine sulfoxide reductase MsrA	20975.72	7	FALSE	6	7	7	7	7	7	7	5	5	3	1	1	0	0	3942.4	115706.6	76047.6	71883.5	44022.8	15928.2	6693.9	2902.3	1322.2	936.1	241.7	178.2	0	0	0.034072387	1	0.657245136	0.621256696	0.380469221	0.137660254	0.057852361	0.025083271	0.011427179	0.00809029	0.002088904	0.001540102	0	0		
D4GU73	Low-salt glycan biosynthesis protein Agl8	17700.49	9	FALSE	9	9	9	9	9	9	8	8	6	5	1	1	0	0	87579.3	14788.3	24898.5	37205.7	43935	22022.7	11756.9	7298.5	2313	1211.2	228.6	91.8	0	0	1	0.168856111	0.284296632	0.424822989	0.501659639	0.251460105	0.134242909	0.083335902	0.02641035	0.013829752	0.002610206	0.001048193	0	0		
D4GSG8	Probable endonuclease 4	31404.48	17	FALSE	16	17	16	17	16	14	9	9	6	5	5	1	0	0	53618	347748.4	193838	105540.3	42812	11979.5	6033.3	3414.3	1290.6	1229.2	784.1	227.6	0	0	0.154186187	1	0.557408747	0.303496148	0.123111997	0.034448757	0.017349613	0.009818305	0.003711304	0.003534739	0.002254791	0.000654496	0	0		
D4GTP5	Uncharacterized protein	14527.06	5	FALSE	0	4	3	4	5	5	5	5	5	5	5	5	4	2	0	551.8	1933.8	10411.2	42129.2	64902.6	97049.7	142870.8	95373.7	101864.4	42667.4	19412.7	5841.9	2191.2	0	0.003862231	0.013535306	0.072871433	0.29487621	0.454274771	0.679282961	1	0.667552082	0.712982639	0.29864325	0.13587591	0.040889391	0.015336934		
D4GY74	1-(5-phosphoribosyl)-5-[(5-phosphoribosylamino)methylideneamino] imidazole-4-carboxamide isomerase	24673.39	19	FALSE	9	19	17	18	16	14	10	8	6	2	2	0	0	0	1564.9	115404.7	121307.3	85012.2	42047.1	15294.7	5584.9	1594.2	438.6	261	100.6	0	0	0	0.012900295	0.951341758	1	0.700800364	0.346616403	0.126082272	0.046039274	0.013141831	0.003615611	0.002151561	0.000829299	0	0	0		
D4GPB5	IclR family transcription regulator RhcR	28428.13	26	FALSE	24	26	26	26	26	25	22	19	17	14	14	12	5	3	19041.6	80797.4	71146.3	64203.7	41295.3	17965.3	9276	6712.2	3986.7	4340.9	2705.8	2266.8	867.5	894.5	0.23567095	1	0.880551849	0.794625817	0.511096892	0.222349977	0.114805674	0.083074455	0.049341934	0.053725739	0.033488701	0.028055358	0.010736732	0.011070901		
D4GTZ1	Large ribosomal subunit protein uL22	16951.99	17	FALSE	4	6	7	9	13	13	15	14	17	16	16	15	10	8	113.7	719.7	3185.4	10805.2	40892	104143.2	213907.2	456194	434630.2	529587.8	300402.2	148485.5	51299.9	25543.2	0.000214695	0.001358981	0.006014867	0.020403038	0.07721477	0.196649545	0.403912628	0.861413348	0.820695265	1	0.567237765	0.280379382	0.096867602	0.048232229		
D4GSS8	UspA domain protein	12954.47	16	FALSE	5	16	14	15	14	12	12	9	5	3	2	1	0	0	1088.5	96428.9	82471.2	71567.3	40825.8	16150.7	6572	3122	992.1	738.9	401.7	166.8	0	0	0.01128811	1	0.855253975	0.742176879	0.423377224	0.16748817	0.068153842	0.032376186	0.010288409	0.007662641	0.004165764	0.001729772	0	0		
D4GW42	ABC-type transport system periplasmic substrate-binding protein (Probable substrate cobalamin)	39640.77	9	FALSE	6	9	9	9	9	8	6	6	5	2	1	3	1	1	2696.9	64637.3	75457.9	63489.6	40768.7	17734.6	9812.6	5367.4	1861	410.6	262.8	658.5	278.8	464.8	0.035740459	0.856600833	1	0.841391027	0.540284052	0.235026419	0.130040725	0.071131055	0.024662759	0.005441445	0.003482737	0.00872672	0.003694775	0.006159726		Sec/SPI
D4GYS8	GlnK-type ammonia transport regulator	12948.6	15	FALSE	14	15	15	15	15	14	11	9	10	6	4	2	1	0	95100.9	115705.4	60243.3	41521	40099	26366.7	27460	26015	12938.2	8083.2	3019.2	688.5	184.5	0	0.821922745	1	0.520661093	0.358851013	0.34656118	0.227877869	0.237326866	0.224838253	0.111820192	0.069860179	0.026093856	0.005950457	0.001594567	0		
D4GUG2	Oxidoreductase (Aldo-keto reductase family protein)	29755.7	16	FALSE	14	16	16	16	15	15	13	10	9	6	4	2	0	0	18567.3	216113.3	131955	82253.8	37830.6	14783.7	11489.4	1850.4	794.2	765.9	474.7	225.4	0	0	0.085914657	1	0.610582505	0.380604988	0.175049847	0.068407173	0.05316378	0.008562175	0.003674924	0.003543974	0.002196533	0.001042971	0	0		
D4GVT1	Alpha/beta hydrolase fold protein	27975.82	19	FALSE	3	19	19	19	19	18	13	9	6	0	0	0	0	0	508.7	53052	65559.1	63746.3	37091.7	16916.7	8055.3	3196.1	1157.6	0	0	0	0	0	0.007759411	0.809224044	1	0.972348614	0.565775003	0.258037404	0.122870814	0.048751432	0.01765735	0	0	0	0	0		
D4GXT3	dihydrofolate reductase	21111.15	26	FALSE	17	26	26	26	26	25	21	17	12	6	2	0	0	0	2412.3	117753.7	98150.3	70096.2	36884.7	12450.3	5057.8	1837.2	549.9	305.6	55.8	0	0	0	0.02048598	1	0.833522004	0.59527811	0.313236017	0.105731709	0.042952366	0.015602058	0.004669917	0.002595248	0.00047387	0	0	0		
D4GX52	DUF54 family protein	16389.36	20	FALSE	8	16	20	20	19	20	20	20	19	16	12	7	3	2	455.8	8102.4	14674	24584.4	36132.8	28765.4	29956.8	41891.2	27107.8	24818.3	13423	5039.2	1111.3	630.8	0.010880567	0.193415324	0.350288366	0.586863112	0.862539149	0.686669277	0.715109617	1	0.647100107	0.592446624	0.320425292	0.120292567	0.026528245	0.015058055		
D4GSR3	DNA-directed RNA polymerase subunit Rpo12	5087.9	3	FALSE	2	3	2	3	3	3	3	3	2	3	3	3	2	2	12042.3	16958.2	20939.4	24923.3	35362.4	26649.5	28041.6	41868.9	30505.2	45589.1	53060.9	49124.9	49573.3	66358.5	0.181473361	0.2555543	0.315549628	0.375585645	0.532899327	0.401598891	0.422577364	0.630950067	0.459702977	0.687012214	0.799609696	0.740295516	0.747052751	1		
D4GVL4	Uracil-DNA glycosylase superfamily protein	22736.26	12	FALSE	2	4	7	10	11	12	12	12	12	10	9	4	1	1	1654.4	1934.8	4362.7	13024.7	34531.5	40223	46942.7	61331.9	33113.7	27932.7	12487.4	4237.7	1029	496.4	0.026974543	0.031546389	0.071132641	0.212364202	0.563026745	0.655825109	0.765387995	1	0.5399099	0.4554351	0.203603671	0.069094549	0.016777566	0.008093667		
D4GXM1	Ribosome maturation protein Sdo1	26560.54	22	FALSE	15	22	22	21	20	19	13	9	5	5	3	1	0	0	9213.6	152025.6	131619.9	77232.1	33209.6	12566.7	4030.6	1710.6	685.8	674.4	284	99.6	0	0	0.060605582	1	0.86577458	0.50802036	0.218447419	0.082661736	0.02651264	0.011252052	0.004511082	0.004436095	0.001868106	0.000655153	0	0		
D4H027	UspA domain protein	16403.31	14	FALSE	13	12	12	12	12	11	11	10	8	6	4	2	1	0	326293.3	49376.3	30512.7	29238.7	33204.5	21626.4	14612.5	12309.5	4866.5	2686.4	912.2	260.9	180.6	0	1	0.151324897	0.093513106	0.089608644	0.101762739	0.06627902	0.044783328	0.037725261	0.014914496	0.008233084	0.002795644	0.000799587	0.00055349	0		
D4GZF7	Glyoxalase domain protein	13525.93	15	FALSE	8	14	15	15	13	11	8	6	6	5	2	1	0	0	3423.4	92780.9	83384.3	59208.4	33193.2	12528.6	5915.5	2858.7	1372.5	1248.6	215	76.9	0	0	0.03689768	1	0.89872269	0.638152896	0.357758978	0.135034258	0.063757735	0.030811298	0.014792915	0.013457511	0.002317287	0.000828834	0	0		
D4GWW0	UspA domain protein	15630.41	12	FALSE	3	7	8	9	10	11	11	12	12	12	12	8	7	6	71.6	1703.4	4091	14214.7	32815.9	25439.8	22534	35119.3	22766.9	23550.1	14423.7	7816.9	4042	3015.1	0.002038765	0.048503245	0.116488654	0.404754651	0.934412132	0.72438232	0.641641491	1	0.648273172	0.6705743	0.410705794	0.222581316	0.11509341	0.085853078		
D4GRT9	Uncharacterized protein	13755.4	13	FALSE	0	5	10	10	10	13	13	13	13	13	11	10	8	8	0	364.9	1395.2	7510	32453.5	81556.7	189012.6	287784.9	250972.9	284364.3	120981	53758.2	17028.7	6600.6	0	0.001267961	0.004848065	0.026095879	0.112769989	0.283394646	0.656784286	1	0.872085019	0.988114039	0.420386893	0.186799933	0.059171624	0.02293588		
D4GTY4	Small ribosomal subunit protein eS4	26665.37	18	FALSE	18	17	18	18	18	17	14	10	7	6	4	2	1	0	28954.6	171292.1	106835.7	70570.2	32318.7	13534.5	5608.7	3061.8	1511.9	884	489.5	505.3	38.9	0	0.1690364	1	0.623704771	0.411987476	0.188675952	0.079014152	0.032743483	0.01787473	0.008826443	0.005160775	0.002857692	0.002949932	0.000227097	0		
D4GP19	ParA domain protein	31672.66	26	FALSE	16	26	25	25	24	21	14	11	8	6	4	1	0	0	1811.8	98619.7	86230.7	65117.8	30997	11880	4486.5	1599.4	572.6	370.7	134.4	18.8	0	0	0.018371583	1	0.874376012	0.660292011	0.314308399	0.120462747	0.045492939	0.016217855	0.005806142	0.003758884	0.001362811	0.000190631	0	0		
D4GVL8	DNA-directed RNA polymerase subunit Rpo11	10383.37	6	FALSE	6	5	6	6	5	6	5	6	6	5	5	5	5	4	257439.4	20457.8	22021.3	29115.2	30919.2	28729.5	43712	107495.2	140759.4	235390.9	182818.4	104084.8	45334.6	25995.3	1	0.079466469	0.085539743	0.113095354	0.120102828	0.111597137	0.169795299	0.417555355	0.546767123	0.914354602	0.710141493	0.404307965	0.176098142	0.100976385		
D4GP55	DUF3209 family protein	13905.24	14	FALSE	14	13	11	12	11	11	11	11	11	11	9	7	5	3	609458.1	111883.8	62048.7	39928.6	30817.1	28633.1	41161.9	41201.4	26134.4	23735.7	7716	3625.7	1216.2	316.7	1	0.18357915	0.101809624	0.065514922	0.050564756	0.046981244	0.067538523	0.067603335	0.042881373	0.038945581	0.012660427	0.005949055	0.001995543	0.000519642		
D4GVL2	Cupin 2 barrel domain protein	13666.97	9	FALSE	9	9	9	9	9	9	6	6	6	6	3	3	3	1	31130.1	117954.2	82880.4	51202.3	29858	14295.1	8087	7956.2	3971.8	3504.3	1506.1	745.7	308.5	86.6	0.263916842	1	0.702648994	0.434086281	0.253132148	0.121191954	0.068560509	0.067451604	0.033672391	0.029708989	0.012768515	0.006321945	0.002615422	0.000734183		
D4GY66	Repressor of tryptophan metabolism TrpY	18313.61	12	FALSE	7	12	11	12	12	11	7	7	4	3	1	2	1	0	6840.9	66872.6	47559.7	41984.3	29194.1	11185.4	5053.9	2649.8	838.7	492.3	73.6	141.5	32.6	0	0.102297503	1	0.711198608	0.627825148	0.436562957	0.167264321	0.075575049	0.0396246	0.012541759	0.00736176	0.0011006	0.002115964	0.000487494	0		
D4GV31	Glyoxalase domain protein	36563.17	31	FALSE	13	30	31	31	29	27	24	15	14	6	7	0	1	0	1417.5	58769.5	57187.8	44591.8	28912.7	10012.9	5060.1	2083.6	813	703.6	705	0	436.7	0	0.024119654	1	0.97308638	0.758757519	0.491967772	0.17037579	0.086100784	0.035453764	0.013833706	0.011972196	0.011996018	0	0.007430725	0		
D4GQN4	CRISPR-associated endoribonuclease Cas6	31051.36	27	FALSE	25	27	26	27	26	22	19	16	7	3	4	1	1	0	13023.8	128380.9	83684	54613.1	28349.8	7832.3	3021.5	1654.5	200.2	1156.6	22688.4	20.5	16.4	0	0.101446555	1	0.651841512	0.42539895	0.220825684	0.061008296	0.023535432	0.012887431	0.001559422	0.009009128	0.176727223	0.000159681	0.000127745	0		
D4GT98	PadR family transcription regulator RosR	13643.27	16	FALSE	7	15	14	16	13	12	7	4	3	2	1	1	0	0	999.4	44849.1	35737.6	29001.5	28338.1	3449.8	1101.5	587.8	237.3	367.9	67.3	40.7	0	0	0.022283613	1	0.796840962	0.646646198	0.631854374	0.076920161	0.024560136	0.013106172	0.005291076	0.008203063	0.001500588	0.000907488	0	0		
D4GWW8	Small ribosomal subunit protein uS2	28319.89	14	FALSE	14	8	7	8	9	9	9	8	6	4	4	2	0	0	326548.8	12113.9	18044.1	28050.7	28293.4	21915.1	17866.8	11524.5	5261.2	2369.7	875.8	332.1	0	0	1	0.037096752	0.055256978	0.085900484	0.086643711	0.067111256	0.054714027	0.035291815	0.016111528	0.007256802	0.002681988	0.001017	0	0		
D4GVS8	Glutaredoxin	12782.19	15	FALSE	1	3	6	6	11	13	13	15	15	15	12	12	7	6	148.7	736.8	2434	8044.8	28000.1	73119.8	143339.1	286420.1	257561	306518.7	160657.6	86458.6	28063.9	12486	0.000485125	0.002403769	0.007940788	0.026245707	0.09134875	0.23854923	0.467635743	0.934429449	0.84027826	1	0.524136374	0.282066314	0.091556894	0.040734872		
D4GYM0	Putative thiosulfate sulfurtransferase	32073.53	16	FALSE	16	15	15	14	12	12	9	8	7	6	4	4	5	2	626568.8	146674.1	87714.2	49334	26370.3	10122.7	6799.5	6146	3736.4	4121.2	2749.6	2116.1	1816.2	631.8	1	0.234090973	0.139991331	0.078736764	0.042086839	0.016155768	0.010851961	0.009808979	0.005963272	0.00657741	0.004388345	0.003377283	0.002898644	0.001008349		
P18304	Indole-3-glycerol phosphate synthase	26753.96	31	FALSE	15	31	30	30	29	22	20	13	6	4	2	0	0	0	1241.9	92011.7	67881.6	49510.4	25692.2	7629.1	2720.6	891.2	166.5	148.4	60	0	0	0	0.013497197	1	0.737749656	0.538088091	0.279227533	0.082914455	0.029567979	0.009685725	0.001809552	0.001612838	0.000652091	0	0	0		
D4GW40	Signal recognition particle 19 kDa protein	10159.33	12	FALSE	8	8	8	8	8	8	9	9	10	9	10	12	12	11	12883.2	12393.5	15030.9	20990.5	23977.8	24797	31526.6	51404.8	78534.5	247607.8	473026.1	869849.4	865003.9	819362.2	0.01481084	0.014247869	0.017279888	0.024131189	0.027565461	0.028507234	0.036243745	0.059096207	0.090285169	0.284655942	0.543802295	1	0.994429495	0.941958688		
D4GPZ9	Cupin 2 barrel domain protein	12357.47	12	FALSE	9	12	12	12	10	9	6	5	4	4	3	1	0	0	21550.5	181261.1	86858.1	53861.4	23952.7	8225.7	5200.2	3678	1670.3	2523.6	1731.6	116.3	0	0	0.118892029	1	0.479187757	0.297148147	0.132144735	0.045380393	0.028689002	0.020291171	0.009214884	0.013922458	0.00955307	0.000641616	0	0		
D4GP45	N4-hydroxy-1-aminopropane O-acetyltransferase	23935.76	21	FALSE	8	20	20	21	20	18	10	10	7	4	1	0	0	0	567.5	38274.5	39924.3	39810	23734.6	8416.3	3082.6	1372	425.6	299.5	13.1	0	0	0	0.014214401	0.958676796	1	0.997137082	0.594490072	0.210806451	0.077211122	0.034365036	0.010660174	0.007501697	0.000328121	0	0	0		
D4GP60	Cobalt-factor-III C17-methyltransferase	31842.91	28	FALSE	28	26	23	20	17	14	13	14	11	11	7	7	5	4	477268.4	65147.6	40896.7	31187.6	23201	10706.7	7324.3	7812.1	4572.4	5821	4135.1	2350	1549.3	1398.4	1	0.136500971	0.085689101	0.06534604	0.04861206	0.022433289	0.015346292	0.016368358	0.009580354	0.012196492	0.008664098	0.004923854	0.003246182	0.002930008		
D4GQQ8	CBS domain protein	14511.27	3	FALSE	2	3	3	3	3	3	3	2	2	1	1	1	0	0	1275.4	47767.3	32739	31635.8	22803.9	9516.7	5061.6	3001.4	1438.7	813.6	243.5	114.3	0	0	0.026700274	1	0.68538519	0.662289893	0.477395624	0.199230436	0.105963703	0.06283378	0.030118931	0.017032572	0.00509763	0.00239285	0	0		
D4GZP2	Translation initiation factor aIF-2 beta subunit	14922.4	11	FALSE	0	4	6	8	10	11	11	11	10	8	3	2	1	0	0	666.4	1813.3	7757.2	22500.6	30880.5	33070.3	33989.6	17984.2	14508.3	4767.8	2156	783.2	0	0	0.019605997	0.053348671	0.22822275	0.661984842	0.908527903	0.972953492	1	0.529108904	0.42684527	0.140272319	0.063431167	0.023042342	0		
D4GX88	Receiver box response regulator	21996.43	16	FALSE	11	16	15	15	14	13	8	6	3	2	1	0	0	0	10218.2	74611.1	52410.4	38037.8	22403.6	7201.2	2220.7	835.4	179.2	206.9	17.3	0	0	0	0.136952813	1	0.702447759	0.509814223	0.300271675	0.09651647	0.029763668	0.011196725	0.002401787	0.002773046	0.000231869	0	0	0		
D4GWJ0	TetR family transcription regulator	24433.04	17	FALSE	12	17	17	17	17	16	14	13	9	6	6	5	4	3	3566.3	32166.3	34251.5	32156.3	22254.5	9814.2	5660.3	4099.8	2197.3	1985.2	1367.9	938.8	733.4	294.8	0.104120987	0.939120914	1	0.938828956	0.649737968	0.286533436	0.165256996	0.119696948	0.064151935	0.057959505	0.039936937	0.027409019	0.021412201	0.008606922		
P50563	Large ribosomal subunit protein uL18	20197.5	7	FALSE	2	3	6	7	7	7	7	7	7	7	3	1	1	0	411.7	707.3	3862.6	10974.5	22156.7	26951.3	27235	40099.8	21547.4	16662.2	4989.2	575.8	228.1	0	0.010266884	0.017638492	0.09632467	0.273679669	0.552538915	0.672105597	0.679180445	1	0.537344326	0.415518282	0.124419573	0.014359174	0.005688308	0		
D4GWR3	3'-5' ssDNA/RNA exonuclease TatD	30863.17	26	FALSE	14	25	26	23	23	22	18	11	6	3	1	0	0	0	1245.8	57672	56294.2	40990.1	21710.4	7603.6	3605	1039.1	238.1	260.9	15.7	0	0	0	0.02160147	1	0.976109724	0.710745249	0.376446109	0.131842142	0.06250867	0.018017409	0.00412852	0.004523859	0.000272229	0	0	0		
D4GTT8	Lrp/AsnC family transcription regulator	15481.34	8	FALSE	4	8	8	8	8	8	7	6	7	5	4	2	0	0	915.4	30894.1	19508.7	23792.5	21632.6	11645	8977.5	6474.9	3849.4	3776.6	1218.2	495.2	0	0	0.029630253	1	0.631470087	0.770130866	0.700217841	0.376932812	0.290589465	0.209583707	0.124599843	0.122243406	0.039431477	0.016028951	0	0		
D4GTD2	DNA-directed RNA polymerase subunit Rpo7	20965.33	11	FALSE	10	11	11	11	10	7	4	2	2	2	2	2	0	0	34899	155975.3	87319.2	50574.2	21108.6	6200.5	1617.7	1012.5	475.7	653.5	420.4	402.7	0	0	0.223746965	1	0.559827101	0.324244929	0.135332966	0.039753089	0.010371514	0.006491412	0.003049842	0.004189766	0.002695299	0.002581819	0	0		
D4GZX3	DNA-directed RNA polymerase subunit Rpo5	8536.74	7	FALSE	7	6	7	7	6	7	7	7	7	7	7	7	6	6	46072.7	16243	16660	19430.2	21039	17380.7	27090.3	65812	88053	166755.7	142971.2	88227	42272.3	25153.9	0.276288607	0.097405966	0.09990663	0.116518956	0.126166602	0.104228521	0.162455017	0.394661172	0.528035923	1	0.857369193	0.529079366	0.253498381	0.15084282		
D4GWF1	Uncharacterized protein	14719.05	5	FALSE	0	2	3	5	5	5	5	5	5	4	3	3	2	1	0	123.9	1566.8	6370	20866.6	37046	52529.9	67992.6	37583.5	32357.6	10657.5	4323.2	1086.3	195.7	0	0.001822257	0.023043684	0.093686666	0.306895162	0.544853411	0.772582605	1	0.552758683	0.475898848	0.156744999	0.06358339	0.015976739	0.002878254		
D4GTX2	Uncharacterized protein	26477.07	17	FALSE	8	17	17	17	17	17	15	13	8	6	1	0	0	0	221.4	28271.6	38535.8	36036	20779.5	8093.2	3454.2	1279.6	283.7	231.6	19	0	0	0	0.005745307	0.733645078	1	0.93513045	0.539225863	0.210017698	0.089636131	0.033205487	0.007361985	0.006009996	0.000493048	0	0	0		
D4GSG7	Lipoate--protein ligase domain protein	30543.73	28	FALSE	13	28	28	27	24	22	16	10	5	2	1	0	0	0	1902.3	71012.4	58882.7	42248.1	20766.2	7002.7	2965.3	1125.7	286.1	224.6	59.1	0	0	0	0.026788279	1	0.829188987	0.594939757	0.292430618	0.098612355	0.041757496	0.015852161	0.004028874	0.003162828	0.000832249	0	0	0		
D4GYC0	Uncharacterized protein	10352.36	7	FALSE	0	1	3	4	5	7	6	7	6	6	5	5	4	3	0	104.1	1091.8	5245.9	20759.3	50796.8	105569.5	140293	98989.7	77802.7	30720	11708	3837.8	1493.7	0	0.000742018	0.007782284	0.037392457	0.147971032	0.362076511	0.752492997	1	0.705592581	0.55457293	0.218970298	0.083453914	0.027355606	0.010647003		
D4GYE9	3-isopropylmalate dehydratase	22013.07	15	FALSE	8	15	15	14	12	9	5	3	1	1	0	0	0	0	2344	86434.5	69893.7	43763.5	20590.6	4422.4	1458.7	732	74.1	76.4	0	0	0	0	0.027118801	1	0.80863197	0.506319814	0.238222006	0.051164755	0.016876363	0.008468841	0.000857297	0.000883906	0	0	0	0		
D4GY83	Phosphoribosyl-AMP cyclohydrolase	13601.75	5	FALSE	3	5	5	5	5	5	5	4	2	1	2	0	0	0	812.7	40375.1	35850.3	33365.5	20457.7	7205.5	2107.4	968	235.1	238.3	143.8	0	0	0	0.020128743	1	0.887930928	0.826388046	0.506691005	0.178463954	0.052195536	0.023975173	0.005822896	0.005902153	0.003561601	0	0	0		
D4H098	Type II toxin-antitoxin system HicB family antitoxin	9485.09	5	FALSE	0	4	4	5	5	4	4	5	5	4	4	4	2	1	0	5667.1	11029.8	15882.1	19444.5	13632.6	15153.9	27015.5	20431.6	17848.2	10710.5	3719.8	1330	428.8	0	0.209772168	0.40827673	0.587888434	0.719753475	0.504621421	0.560933538	1	0.756291758	0.660665174	0.396457589	0.137691325	0.049230997	0.01587237		
D4GTE7	Beta-lactamase domain protein	33995.57	30	FALSE	23	27	28	27	25	18	14	12	9	9	6	4	1	0	51065.8	132795.8	82812.5	45827.6	19076.6	6078.6	3839.3	2022.6	1208.6	1294.1	599.8	339.1	33.1	0	0.384543788	1	0.623607825	0.345098264	0.14365364	0.045774038	0.028911306	0.015230903	0.009101191	0.009745037	0.004516709	0.002553545	0.000249255	0		
D4GPP7	Oxidoreductase (Short-chain dehydrogenase family)	26887.06	16	FALSE	16	16	16	16	13	12	10	10	8	7	3	2	1	0	30653.5	117265.7	69795.3	44020.7	18927.1	5315.3	1873.7	1298.8	694.9	646.1	129.3	99.5	58	0	0.261402098	1	0.595189386	0.375392805	0.161403548	0.04532698	0.015978244	0.011075702	0.005925859	0.00550971	0.001102624	0.0008485	0.000494603	0		
D4GU43	Lrp/AsnC family transcription regulator	16901.61	16	FALSE	16	15	11	10	8	9	8	6	6	6	5	4	2	1	445032.6	107573.9	46503.4	29053.9	18880.5	9188.5	6441.1	4792	2411	2375.7	1122.3	893.4	543.9	646.1	1	0.241721393	0.104494367	0.06528488	0.042424982	0.020646802	0.014473322	0.01076775	0.005417581	0.005338261	0.002521838	0.002007493	0.001222158	0.001451804		
D4GTA2	"Ribonuclease H, type 1"	21481.68	21	FALSE	0	7	10	17	20	19	21	21	21	18	14	9	6	2	0	228.2	1076.1	5711.4	18778.7	30007.5	48482.7	51847	35675.1	34021.1	14028.1	6035.8	1720.5	332.4	0	0.004401412	0.020755299	0.110158736	0.362194534	0.578770228	0.935111	1	0.688084171	0.656182614	0.270567246	0.116415607	0.033184177	0.006411171		
D4H0E1	Tat (Twin-arginine translocation) pathway signal sequence domain protein	37504.17	24	FALSE	24	20	20	19	18	19	16	15	11	10	8	6	3	2	229993	72859.7	43708.2	29792.5	18430	8988.9	6547.9	5861.5	3901.6	4054.4	2906.5	2140.3	1299.5	521.8	1	0.316790946	0.190041436	0.129536551	0.080132874	0.039083363	0.028469997	0.025485558	0.016963995	0.017628363	0.012637341	0.009305935	0.005650172	0.002268765		Tat/SPI
D4GW78	Small ribosomal subunit protein eS28	7993.91	13	FALSE	6	5	6	8	10	10	9	10	10	11	12	12	13	12	1739.6	2764.8	3307.1	7118.1	18278.7	22472.1	50938.1	201372.4	494970.6	1700838	2253942.5	2583157.3	1595347.5	982075.6	0.000673439	0.001070318	0.001280255	0.002755581	0.007076108	0.00869947	0.019719318	0.077955919	0.19161458	0.65843377	0.872553328	1	0.617595955	0.380184203		
D4GTI4	Aconitate hydratase	70406.35	39	FALSE	39	34	36	36	36	32	29	28	26	25	19	19	14	8	44241.5	13554.3	12852.5	14854.4	17624	9088.6	7053.4	7517.6	5410.7	6577.9	4204.7	3480.2	2067.4	1058.4	1	0.306370715	0.290507781	0.335757151	0.398359007	0.205431552	0.159429495	0.169921906	0.122299199	0.148681668	0.095039725	0.078663698	0.04672988	0.023923239		
D4GZB4	Crossover junction endodeoxyribonuclease Hjc	15369.97	10	FALSE	7	10	9	10	10	10	9	9	9	9	7	3	1	1	3269.1	20422.2	25322.4	24683.5	17321.9	10714.9	9415.3	8010.5	5416	5629.9	3067.9	1218.2	425.6	291.9	0.129099138	0.806487537	1	0.974769374	0.684054434	0.423139197	0.371817047	0.316340473	0.213881781	0.222328847	0.121153603	0.048107604	0.016807254	0.011527343		
D4GSY6	TrkA domain protein	23416.17	11	FALSE	11	11	10	10	10	7	5	5	1	0	0	0	0	0	15377.2	6642.8	12322.2	5969	16743	1530.7	547.5	413.3	24	0	0	0	0	0	0.918425611	0.396750881	0.735961297	0.356507197	1	0.091423281	0.032700233	0.024684943	0.001433435	0	0	0	0	0		
D4GZB9	DNA polymerase sliding clamp	26672.06	12	FALSE	11	12	12	11	12	9	8	7	5	5	2	2	1	0	22325.1	89717.6	60659.7	37265.4	16544.7	6294.9	2681.5	1812.1	774.5	1352.5	244.8	246.9	50.2	0	0.248837463	1	0.676118175	0.415363318	0.184408633	0.070163491	0.029888227	0.020197821	0.008632643	0.01507508	0.002728562	0.002751968	0.000559533	0		
D4GUZ5	Diphthine synthase	29117.32	19	FALSE	17	19	18	19	18	16	12	8	7	5	2	1	0	2	22437.2	46151.1	40473.8	29202.5	16521.7	5435.9	2319.2	868.7	353.3	306.2	81	51.7	0	1164.2	0.48616826	1	0.876984514	0.632758482	0.357991467	0.117784842	0.050252323	0.018822953	0.007655289	0.006634728	0.001755104	0.001120233	0	0.025225834		
D4GSR0	DUF3194 family protein	9328.92	2	FALSE	0	0	1	2	2	2	2	2	2	2	2	2	0	0	0	0	334.3	4019.4	16470.7	49270	95134.6	109188.6	71518	48465.8	15007.7	7014.9	0	0	0	0	0.003061675	0.036811535	0.150846334	0.451237583	0.871286929	1	0.654995119	0.443872346	0.137447499	0.064245718	0	0		
D4GSS9	GNAT family acetyltransferase Pat2	20438.41	7	FALSE	0	2	3	7	7	7	6	7	7	7	7	5	3	2	0	67	743.9	5623.8	16444.8	29375.7	45607.7	58859.6	43580.5	42268.3	18193.7	7930.6	1890.9	731.4	0	0.001138302	0.01263855	0.095546011	0.279390278	0.499080864	0.774855758	1	0.740414478	0.718120748	0.309103358	0.134737579	0.032125601	0.01242618		
D4GTR1	Uncharacterized protein	14831.33	21	FALSE	0	2	4	8	13	19	21	21	21	20	17	14	11	7	0	113.5	490.3	3384.9	16302.7	48061.4	120487.2	173795.9	165541.5	194814.3	104373.2	59024.9	24800.3	16746.3	0	0.000582606	0.002516756	0.017375008	0.083683282	0.246703656	0.618472053	0.892110589	0.849739983	1	0.535757385	0.302980325	0.127302257	0.085960322		
D4GW82	Methyltransferase activator Trm112	6858.68	10	FALSE	7	7	6	4	5	4	3	5	9	10	10	10	10	8	30565.1	33270.6	22868.6	16626.8	16020.8	11347.8	12065.7	27039.8	59609	155253.9	182197.4	183538	165072	119691	0.166532816	0.181273633	0.124598721	0.090590504	0.087288736	0.061828068	0.06573952	0.14732535	0.32477743	0.845895128	0.992695791	1	0.899388682	0.652131984		
D4GRC3	ParA domain protein	32215.2	24	FALSE	10	23	23	23	18	13	10	7	2	1	1	0	0	0	1124.4	54104.6	42442.1	29676.2	15349.5	3436.9	810.2	431.2	72	34.1	53.5	0	0	0	0.020781967	1	0.784445315	0.548496801	0.283700462	0.063523249	0.014974697	0.007969747	0.001330756	0.000630261	0.000988825	0	0	0		
D4GT58	Iron-sulfur protein (2Fe-2S)	15548.88	5	FALSE	0	2	4	5	5	5	5	5	5	5	4	3	3	2	0	327.2	1598.4	7666.3	15346.1	17300.5	22623.9	28481.9	22362	27231.5	15311.7	8609.1	2785.8	966.7	0	0.011487998	0.056119852	0.269163925	0.538801836	0.607420853	0.794325519	1	0.785130205	0.956098434	0.537594051	0.302265649	0.097809486	0.033940854		
D4GV14	UspA domain protein	15205.77	11	FALSE	7	11	11	11	11	11	9	10	10	9	8	5	4	3	623.1	33780.6	21335.4	19896.1	14903.9	7248.3	4991.7	6041	4559	5881.6	3419.1	2173.9	854.4	604.9	0.018445498	1	0.631587361	0.588980065	0.441197018	0.214569901	0.147768246	0.178830453	0.134959119	0.174111768	0.101214898	0.064353505	0.025292624	0.017906728		
D4GVS6	Uncharacterized protein	21151.43	18	FALSE	18	16	15	15	14	13	12	9	5	5	2	0	0	0	95320.5	11269.9	13257.4	15886.2	14893.5	8550.9	4393	2877.5	689.5	625.6	238.6	0	0	0	1	0.11823165	0.139082359	0.166660897	0.156246558	0.089706831	0.046086624	0.03018763	0.007233491	0.006563121	0.002503134	0	0	0		
D4GZY7	Small ribosomal subunit protein uS10	11482.98	10	FALSE	6	9	8	8	7	7	4	6	7	7	7	6	4	3	4377.9	30535.7	19490.8	18140.9	14892.8	8889.5	8045.3	15282.4	17453.3	29863.1	31579.7	24565.7	17641.8	13301	0.138630196	0.966940788	0.617193957	0.574448142	0.471594094	0.281494124	0.254761762	0.483931133	0.552674661	0.945642296	1	0.777895293	0.558643686	0.421188295		
D4GSA9	Uncharacterized protein	6116.33	6	FALSE	1	1	2	3	5	6	6	6	6	6	6	5	2	1	216	693.8	1675.2	4572	14819.1	23801.6	41393.8	63093.9	49705.3	54459.5	38146.2	20538.4	10155	4340.4	0.003423469	0.010996309	0.026550903	0.072463424	0.234873736	0.377240906	0.656066593	1	0.78779882	0.863150003	0.604594105	0.325521168	0.160950583	0.068792704		
D4GUL0	SirR/DtxR family transcription regulator	16588.46	11	FALSE	11	11	8	9	8	9	7	7	7	6	6	5	4	4	17677	7379.6	8482	12749.4	14625.7	9542.2	7855	6812.1	4090.2	4249.4	2283.5	1873.8	950.1	972.2	1	0.417469028	0.479832551	0.721242292	0.827385869	0.539808791	0.444362731	0.385365164	0.231385416	0.240391469	0.129179159	0.10600215	0.053747808	0.05499802		
D4GWY3	Large ribosomal subunit protein eL18	12751.37	19	FALSE	4	5	8	9	10	16	19	19	19	19	19	19	17	13	184.4	325.2	1226.8	4811.6	14425.5	41661.8	152326.8	488819.4	840853.7	1616734.4	1194187	801341.8	328180	155969.7	0.000114057	0.000201146	0.000758814	0.002976123	0.008922616	0.025769106	0.094218815	0.302349848	0.5200939	1	0.738641424	0.495654574	0.202989434	0.096472061		
D4GPQ1	fructose-bisphosphatase	28767.52	17	FALSE	17	17	17	17	16	12	8	7	1	0	1	1	0	0	26718.9	59616.5	44167.4	28269.3	14373.5	3844.3	1254	543.8	25.9	0	41.5	24.6	0	0	0.448179615	1	0.740858655	0.474185838	0.24109936	0.064483826	0.021034445	0.009121636	0.000434443	0	0.000696116	0.000412637	0	0		
D4GXJ0	GNAT family acetyltransferase	22518.88	14	FALSE	0	13	13	14	13	13	8	5	3	2	0	0	0	0	0	6089	8791	14405.2	14135.6	6668.1	1046.7	352.2	209.2	250.1	0	0	0	0	0	0.422694583	0.610265737	1	0.981284536	0.462895343	0.072661261	0.024449504	0.014522534	0.017361786	0	0	0	0		
D4GSR9	Peptidyl-tRNA hydrolase	11897.37	14	FALSE	0	0	4	8	10	13	14	14	14	14	13	10	10	7	0	0	74	1858.4	14072.9	43220.6	109017.9	164614.4	142726.6	179549.6	94990.8	64064.6	32894.8	23770.3	0	0	0.000412142	0.010350343	0.078378899	0.240716771	0.607174285	0.916818528	0.794914609	1	0.529050469	0.356807255	0.183207314	0.132388488		
D4GT62	Succinate--CoA ligase [ADP-forming] subunit beta	41004.5	22	FALSE	22	22	21	21	20	15	14	14	9	9	7	5	4	4	22470.4	38732.1	29696.4	22966	13945.9	6461.6	2046.3	1582.1	799.6	1136.7	704.9	648.5	627.8	432.5	0.580149282	1	0.766712882	0.59294487	0.360060518	0.166828032	0.052832147	0.040847256	0.020644375	0.02934775	0.018199375	0.016743218	0.016208778	0.011166449		
D4GXE8	Lrp/AsnC family transcription regulator	15432.39	17	FALSE	11	17	17	17	15	15	8	5	5	1	1	0	0	0	9822.9	47243.8	28037.2	19131.8	13428.7	7417.9	4055.5	2242.3	919	562.5	323.8	0	0	0	0.207919346	1	0.593457766	0.404958958	0.284242588	0.157013195	0.085841952	0.047462313	0.019452288	0.011906324	0.006853809	0	0	0		
D4GTZ2	Small ribosomal subunit protein uS19	15974.97	11	FALSE	4	2	5	7	9	11	11	11	11	11	10	9	5	1	248.7	234.3	1007.9	3563.2	12981.6	28504.6	44615.4	88479	64692.9	66809.4	30463.7	13469.4	3687.7	757.6	0.002810836	0.002648086	0.011391404	0.040271703	0.146719561	0.322162321	0.504248466	1	0.731166718	0.755087648	0.344304298	0.152232733	0.041678816	0.008562484		
D4GUK6	Fe-S cluster assembly complex ATPase SufC	33454.16	38	FALSE	38	31	26	22	19	21	17	14	15	13	8	9	5	3	1250513.4	55734.1	25449.7	16978	12966.6	6435.7	4415.9	3556.3	2401.2	3312.6	1881.3	2028.3	867.1	158.4	1	0.044568975	0.020351401	0.013576824	0.010369021	0.005146446	0.00353127	0.002843872	0.001920171	0.002648992	0.001504422	0.001621974	0.000693395	0.000126668		
D4GUK8	SufB domain protein	44684.83	21	FALSE	21	21	21	20	20	18	17	18	16	15	12	10	9	6	22704.4	21435.9	16636.4	15789	12940.3	7306.4	4113.6	4751.7	3518.4	4081.9	2975.9	1815.5	1518.3	1060.9	1	0.944129772	0.732739029	0.695415867	0.569946794	0.321805465	0.18118074	0.209285425	0.154965557	0.179784535	0.13107151	0.079962474	0.0668725	0.046726626		
D4GZ05	GalE family epimerase/dehydratase	33943.13	11	FALSE	10	11	11	11	11	10	7	6	4	2	1	0	0	0	9343.8	34073.3	24282.1	19904.9	12516.8	3865.3	1308.6	751	337.3	66.9	15.7	0	0	0	0.274226447	1	0.712643037	0.584178814	0.367349215	0.113440729	0.038405438	0.022040718	0.009899247	0.001963414	0.000460771	0	0	0		
D4GWJ2	Uncharacterized protein	22617.77	10	FALSE	8	8	9	8	8	8	6	4	1	0	0	0	0	0	7962.8	31598.3	27299	21640.2	12471.1	3555.5	767.5	430	152.1	0	0	0	0	0	0.252000899	1	0.863938883	0.684853299	0.394676296	0.112521876	0.024289281	0.013608327	0.00481355	0	0	0	0	0		
D4GXC5	Uncharacterized protein HVO_1289	14220.26	6	FALSE	3	6	6	5	6	3	2	2	2	1	1	1	0	0	7289.6	47436.4	26552.6	19196.5	12112.9	5454	3826.1	2584	982.2	714.9	627.8	462.5	0	0	0.153671021	1	0.559751583	0.404678686	0.255350322	0.114974998	0.08065747	0.054472936	0.020705618	0.015070705	0.013234562	0.009749897	0	0		
D4GW97	PadR family transcription regulator	12161.5	9	FALSE	2	9	9	9	9	8	8	8	8	8	7	7	7	7	56	17075.5	15839.3	16339.8	12019.9	6998.6	5451.8	5444.2	4772.6	8036.8	6295.4	7130.2	6270.6	5502	0.003279553	1	0.927603877	0.956914878	0.703926679	0.409862083	0.319276156	0.318831074	0.279499868	0.470662645	0.368680273	0.417569032	0.3672279	0.322216041		
D4GS78	HMA domain protein	6619.11	4	FALSE	0	2	1	3	3	3	3	2	4	4	3	3	3	3	0	1892.6	2910.5	5850.6	11994.1	12809.5	23183.5	52320.9	77590.2	151317.9	137214.2	96796.6	69523.1	51455.3	0	0.012507443	0.01923434	0.038664295	0.079264251	0.084652906	0.153210559	0.345768082	0.512762865	1	0.906794239	0.639690347	0.4594506	0.340047674		
D4GVS2	Diphthine--ammonia ligase	26049.66	11	FALSE	1	10	10	10	9	9	9	5	2	0	0	0	0	0	3.3	16747	20045.7	19375	11913.3	4839.5	2627.8	1156.6	36.8	0	0	0	0	0	0.000164624	0.835441017	1	0.966541453	0.594307008	0.241423348	0.131090458	0.05769816	0.001835805	0	0	0	0	0		
D4GUV1	Oxidoreductase (Aldo-keto reductase family protein)	30669.56	22	FALSE	19	22	22	21	20	18	13	11	9	1	1	0	0	0	19820	89547.8	54901.2	29838.9	11845.6	4051.5	1606.9	618.8	460.2	72.4	45.6	0	0	0	0.221334304	1	0.613093789	0.333217566	0.132282423	0.045243993	0.017944606	0.006910276	0.005139155	0.000808507	0.000509225	0	0	0		
D4GWC8	Sec-independent protein translocase protein TatAt	9687.64	3	FALSE	0	0	1	1	1	2	3	3	3	3	1	1	1	1	0	0	514.6	3492.9	11692.2	21960.4	35489	55224	42436.6	37889.7	16392.4	9595.4	4656.5	2213.6	0	0	0.009318412	0.063249674	0.211723164	0.397660437	0.642637259	1	0.768444879	0.6861093	0.29683471	0.173754165	0.084320223	0.040084021		
D4GTX6	Small ribosomal subunit protein uS5	23284.25	24	FALSE	7	7	13	12	14	15	18	22	22	23	23	22	24	23	1277.6	1841.9	3415	6235.7	11625.9	19595.3	84039.2	328821.7	437235.3	594581.2	452173.5	413231.9	495189.6	930838.4	0.001372526	0.001978754	0.003668736	0.006699015	0.012489708	0.021051237	0.09028334	0.353253261	0.469722027	0.638758779	0.48577014	0.443935166	0.531982351	1		
D4GWR0	Elongation factor 1-alpha	45628.06	37	FALSE	37	26	21	17	16	13	12	11	7	3	4	4	3	2	3307698.3	46283.8	17286	13871.1	11574.1	6242.8	4386.3	4467.7	3239.5	4507.5	2735.1	2829.4	1763.1	1494	1	0.013992751	0.005225991	0.004193581	0.00349914	0.001887355	0.001326088	0.001350698	0.000979382	0.00136273	0.000826889	0.000855398	0.000533029	0.000451674		
D4GUZ3	Glyoxalase domain protein	29943.39	23	FALSE	23	22	21	20	19	18	16	12	10	5	3	1	0	0	74682	30609.5	25313.7	21236.3	11530.6	4660	3164	1785.9	738	1030.7	712.3	81.4	0	0	1	0.409864492	0.338953161	0.284356338	0.154395972	0.0623979	0.0423663	0.023913393	0.009881899	0.013801184	0.009537773	0.001089955	0	0		
D4GZ98	Lipoprotein	15847.41	8	FALSE	4	8	8	8	7	8	8	6	7	6	5	3	2	1	2775.3	28332.9	22734.5	17575	11503.4	7233.2	8727.2	9222.9	7414.4	7487.1	3900.5	2487.7	828	622	0.097953263	1	0.80240639	0.620303605	0.406008562	0.255293316	0.308023534	0.325519096	0.261688708	0.26425463	0.137666811	0.087802519	0.029223976	0.021953277		Tat/SPII
D4GTX1	Uncharacterized protein	13094.08	10	FALSE	0	3	4	6	8	9	9	10	10	10	9	8	6	5	0	42.1	393.1	2297.2	11448.8	30644.6	89289.6	148801.4	149815.7	177530.5	82178.2	41641.4	13231.2	4938.4	0	0.000237142	0.002214267	0.012939748	0.0644892	0.172615973	0.502953577	0.838173722	0.843887107	1	0.462896235	0.234559132	0.074529165	0.027817192		
D4GS16	UCP015877 family protein	23847.4	12	FALSE	5	12	12	12	11	8	6	5	2	1	1	1	1	1	1548.1	25569.1	19081.6	15870.1	11355.4	3390.2	1246.5	810.5	186.2	173.6	112.3	55.4	31.9	44.6	0.060545737	1	0.746275778	0.620674955	0.444106363	0.132589727	0.048750249	0.031698417	0.007282227	0.006789445	0.00439202	0.002166678	0.0012476	0.001744293		
D4GRU4	YbaK domain protein	16696.48	7	FALSE	0	4	6	7	7	7	7	7	7	6	4	4	4	5	0	373.6	1513.2	5788.6	11224.6	9708	8655.2	11918.6	7132.2	7513.1	3706.3	4152.5	3782	3874.3	0	0.031345963	0.12696122	0.485677848	0.941771685	0.814525196	0.726192674	1	0.598409209	0.630367661	0.310967731	0.348405014	0.317319148	0.325063346		
D4GW62	TIGR04031 family protein	11726.53	14	FALSE	14	13	13	13	13	12	9	9	8	3	2	1	0	0	98567.7	11412.8	10046.6	10819.4	11199.5	7153.2	4964.4	4133.4	1536	924.1	250.5	2254.8	0	0	1	0.115786409	0.101925884	0.109766181	0.113622414	0.072571441	0.050365383	0.04193463	0.015583198	0.009375282	0.0025414	0.022875648	0	0		
D4GZJ0	Phosphoesterase	18683.69	17	FALSE	0	0	6	14	16	17	17	17	16	16	15	12	6	1	0	0	319.9	2419.9	11080.7	23459	47575.9	56884	42414.2	42857.3	15638.1	7220.6	1629.9	161.4	0	0	0.005623725	0.042540961	0.19479467	0.412400675	0.836366992	1	0.745626187	0.753415723	0.274912102	0.126935518	0.028653048	0.002837353		
D4GZX4	DNA-directed RNA polymerase	58897.16	48	FALSE	48	41	42	44	43	39	35	35	35	33	30	23	16	8	44106	11529.9	9805.3	13274.5	11018	7053.5	3707.1	7970.2	3603.2	4823.2	3162.5	2498.9	1355.6	895.2	1	0.261413413	0.222312157	0.300968122	0.249807282	0.159921553	0.084049789	0.180705573	0.081694101	0.109354736	0.071702263	0.056656691	0.030735047	0.020296558		
D4GXI0	Chorismate mutase	11799.16	11	FALSE	11	11	11	11	11	10	7	4	4	3	2	0	0	0	13454.6	91043.9	43132.5	25713.4	10826.3	2918.9	1025.4	455.7	158.9	201.2	58.2	0	0	0	0.147781455	1	0.473754969	0.282428587	0.118912964	0.032060358	0.011262699	0.005005278	0.001745312	0.002209923	0.000639252	0	0	0		
D4GY76	Glycoside hydrolase domain protein	32791.93	17	FALSE	17	16	17	17	16	15	14	13	13	13	8	6	2	1	27518.9	10509.6	10837.1	12644.9	10819.8	6852.8	5803.2	5061.1	3389	3335	1616.1	985	94.2	71	1	0.3819048	0.393805712	0.459498744	0.393177053	0.249021582	0.210880522	0.183913601	0.123151725	0.121189437	0.058726911	0.035793582	0.003423102	0.002580045		
D4GYK5	Tryptophanase	48543.31	42	FALSE	42	33	28	27	26	25	22	21	19	18	14	13	8	6	1225971.7	19833	13894.9	13044.1	10765.9	8038.4	6059	6797.5	5487.9	4128.8	2818.6	2313.7	1272	963.4	1	0.016177372	0.011333785	0.010639805	0.008781524	0.006556758	0.004942202	0.005544581	0.004476368	0.003367778	0.002299074	0.001887238	0.001037544	0.000785826		
D4GUU6	DUF371 family protein	15310.62	8	FALSE	0	2	5	6	6	6	8	8	7	7	7	7	6	5	0	210.9	529.6	3543.6	10655	20300.5	56559	95028.8	107823.4	173033.9	94741.8	58976.4	20175.1	9665.5	0	0.001218836	0.003060672	0.020479224	0.061577529	0.117320941	0.326866585	0.549191806	0.623134542	1	0.547533171	0.340837258	0.116596228	0.055858996		
D4GPI3	Probable deoxyhypusine synthase	35667.3	13	FALSE	13	12	12	12	13	12	12	10	11	8	7	8	7	4	11794.8	8927.8	7338.8	9902.5	10555.9	6435.4	5285.7	5851.7	4245.1	6219.3	4350	4179.7	2892.5	3088.9	1	0.756926781	0.622206396	0.839564893	0.894962187	0.545613321	0.448138163	0.496125411	0.359912843	0.527291688	0.368806593	0.354368027	0.245235188	0.261886594		
D4GQT2	HTH domain protein	15854.75	11	FALSE	0	3	8	9	11	11	11	11	10	9	7	4	1	0	0	54.1	505.2	3725.8	10345.6	11154	11775.6	13134.8	6588.2	4656.7	1463.7	476.8	52.5	0	0	0.004118829	0.03846271	0.283658678	0.78764808	0.849194506	0.89651917	1	0.501583579	0.354531474	0.111436794	0.036300515	0.003997016	0		
D4GVR4	ThiJ/PfpI domain protein	23963.19	13	FALSE	13	12	13	10	10	8	7	6	6	3	1	0	0	0	113034.7	26485	21331.5	18220.5	10321.1	3687.8	1652	2004.1	424.6	349.8	212	0	0	0	1	0.23430858	0.188716385	0.161193863	0.091309129	0.03262538	0.014614981	0.017729954	0.003756369	0.003094625	0.00187553	0	0	0		
D4GTG5	Coenzyme F420:L-glutamate ligase	27451.42	15	FALSE	13	15	15	15	14	14	10	8	5	1	1	0	0	0	3075.3	13596.7	15033.7	14027.5	10263.4	3074.9	971.5	705.2	168.8	121.7	51.8	0	0	0	0.204560421	0.904414748	1	0.933070369	0.682692883	0.204533814	0.064621484	0.046907947	0.011228108	0.008095146	0.003445592	0	0	0		
D4GU72	Low-salt glycan biosynthesis protein Agl12	34141.4	21	FALSE	21	21	21	21	21	19	14	11	8	8	3	0	0	0	98434.8	102970.6	47076.2	24011.7	10247.9	3229.9	1193	625.5	481	797.6	365.3	0	0	0	0.955950533	1	0.457180982	0.233189862	0.099522582	0.031367206	0.011585831	0.006074549	0.004671236	0.0077459	0.003547615	0	0	0		
D4GZW6	Glutaredoxin	9311.23	7	FALSE	0	1	3	3	4	6	7	7	6	7	7	7	6	5	0	29.4	551.5	2261.2	10247.4	32394.9	128795.2	403170.5	652703.8	1172732.4	768521.2	491397.3	180648.6	78281	0	2.51E-05	0.000470269	0.001928147	0.008738055	0.027623437	0.109824884	0.343787295	0.556566698	1	0.65532529	0.419019121	0.154040768	0.066750948		
Q48328	DNA repair and recombination protein RadA	37320.49	24	FALSE	23	23	23	21	19	14	10	10	9	6	6	4	4	1	594191.1	102843.5	49183	24974.1	10112.3	3264.5	1805.3	1679.8	948.2	1078.6	976.7	795.3	969.5	60.5	1	0.173081522	0.082773034	0.042030417	0.017018599	0.005494024	0.003038248	0.002827037	0.001595783	0.001815241	0.001643747	0.001338458	0.00163163	0.000101819		
D4GXP3	BolA family protein	9810.69	10	FALSE	0	0	2	7	8	8	9	10	10	10	10	9	9	7	0	0	278.5	1964.1	10048.6	32918.3	141400.9	343210.2	446767.9	699576.4	421326.8	226339.1	90498.5	33062.4	0	0	0.000398098	0.002807556	0.014363835	0.047054618	0.202123599	0.490597167	0.638626317	1	0.602259882	0.323537358	0.129361854	0.047260599		
D4GYL9	Rhodanese domain protein	28435.15	14	FALSE	1	14	13	13	11	10	9	6	2	1	1	1	1	1	3	26401.2	20797.1	17001.2	10015.2	3325.7	1395.9	1405.9	2049.7	12910.8	31140.7	85077.3	140893.1	218041.1	1.38E-05	0.121083594	0.095381559	0.077972456	0.045932625	0.015252629	0.006402004	0.006447867	0.009400521	0.05921269	0.142820321	0.390189281	0.646176799	1		
D4GZH5	Histidine triad family protein	14334.82	4	FALSE	3	4	4	4	3	3	3	3	3	2	1	1	0	0	12899.8	57235.5	42162.8	24143.9	9987.2	2971.3	2296.5	1920.6	1445.4	2024.5	288.9	126	0	0	0.225381101	1	0.736654699	0.421834351	0.174493103	0.051913585	0.040123699	0.033556097	0.025253558	0.035371404	0.005047567	0.002201431	0	0		
D4GZG7	Uncharacterized protein	12621.09	9	FALSE	3	9	9	9	9	9	7	6	1	1	0	0	0	0	40	16755.8	17598.2	17916.7	9736.4	3293.3	857	389	15	31.4	0	0	0	0	0.002232554	0.935205702	0.982223289	1	0.543425966	0.183811751	0.047832469	0.021711588	0.000837208	0.001752555	0	0	0	0		
D4GVG6	Uncharacterized protein	14392.86	19	FALSE	0	15	15	16	17	18	18	19	19	19	19	18	19	13	0	3635	4369.5	6746.6	9702.1	10292.7	15595	31396.1	39434.9	66280.4	51786.4	36447.6	18946.1	10862.7	0	0.054842759	0.065924466	0.101788764	0.146379624	0.155290252	0.23528826	0.473686037	0.594970761	1	0.781322985	0.549900121	0.285847702	0.163890079		
D4GW35	MiaB-like tRNA modifying enzyme	16926.53	15	FALSE	0	1	6	9	11	14	14	15	15	14	14	13	13	9	0	41.6	397.2	2219.4	9693	27677.6	75079.4	160860.2	196246.7	309492.6	174302	104941.4	37895.6	17619.1	0	0.000134414	0.001283391	0.007171092	0.031319004	0.089428956	0.242588676	0.519754592	0.634091736	1	0.563186325	0.339075635	0.122444285	0.056928986		
D4GTZ6	Large ribosomal subunit protein uL3	37178.75	33	FALSE	26	32	33	31	27	24	13	12	3	3	0	0	0	0	8925	53932.9	38626.2	23308.1	9621.5	2434.7	664.2	568.4	65.7	69.5	0	0	0	0	0.165483406	1	0.716189932	0.432168491	0.178397601	0.045143132	0.012315303	0.010539022	0.00121818	0.001288638	0	0	0	0		
D4GX19	Uridine kinase	26336.34	20	FALSE	20	17	20	18	18	16	12	13	12	10	9	7	4	4	24686.4	13693.4	11489.6	11613.2	9414.6	4982.4	3248.4	4019.4	2158.4	2521.4	1519.4	1063.7	377.4	360.6	1	0.554694083	0.465422257	0.470429062	0.381367879	0.201827727	0.131586623	0.162818394	0.087432756	0.102137209	0.061548059	0.043088502	0.01528777	0.014607233		
D4GTR4	UspA domain protein	16387.08	11	FALSE	11	8	10	10	10	10	8	7	7	5	2	0	0	0	19755.7	2942.6	4134.1	7887.7	9349.5	6546.1	4546.2	2718.9	1039.4	780.1	156.6	0	0	0	1	0.148949417	0.209261125	0.399261985	0.47325582	0.33135247	0.230120927	0.137626103	0.052612664	0.039487338	0.007926826	0	0	0		
D4GU28	Volactin	37757.63	35	FALSE	35	28	23	22	19	18	14	13	11	7	8	8	4	5	3403086.7	57309.1	21242.9	14284.5	9294.5	5606.2	4070.3	3415.9	2152.9	2198.5	1769.2	1647.3	791.5	1077.5	1	0.016840329	0.006242245	0.004197513	0.002731197	0.001647387	0.001196061	0.001003765	0.000632632	0.000646031	0.000519881	0.000484061	0.000232583	0.000316624		
D4GT59	Succinate--CoA ligase [ADP-forming] subunit alpha	29864.11	16	FALSE	15	16	16	14	15	9	8	6	4	5	2	0	0	0	10459.6	53073.7	33792.1	18754.7	9016	2787.1	1279	785.1	577.6	821.3	147.8	0	0	0	0.197076895	1	0.636701417	0.353370879	0.169876982	0.052513769	0.024098565	0.014792637	0.01088298	0.015474708	0.002784807	0	0	0		
D4GU52	ABC-type transport system periplasmic substrate-binding protein	43383.28	12	FALSE	12	4	2	1	1	1	1	2	2	1	2	2	1	2	9163.3	35	7070	11207.6	8935	13422.6	14947.1	18279.2	13184.7	326.6	12333.2	9047.7	432.7	6402.7	0.501296556	0.001914745	0.386778415	0.613134054	0.48880695	0.734310035	0.817710841	1	0.721295243	0.017867303	0.674712241	0.494972428	0.023671714	0.350272441		Tat/SPII
D4GTH5	Protein translation factor SUI1 homolog	10833.06	13	FALSE	0	5	4	5	6	8	8	10	11	12	12	11	12	8	0	629.2	1419.4	3648.2	8771.3	14088.9	31716.6	88583.3	141689.7	376225.8	437820.4	398454.1	218094.4	140466.2	0	0.001437119	0.003241969	0.008332641	0.020034014	0.032179633	0.072442033	0.202327941	0.323625167	0.859315372	1	0.910085734	0.498136679	0.320830642		
D4GT17	Two component response regulator	10981.01	12	FALSE	0	0	4	7	7	11	11	12	11	11	11	11	5	3	0	0	312.1	1672.9	8670.9	26623.1	75385.4	133969.2	139273.6	178326.9	76239	35066	11349.9	4025.8	0	0	0.001750157	0.009381086	0.048623623	0.149293797	0.422737119	0.75125626	0.781001632	1	0.427523834	0.196638869	0.063646595	0.022575394		
D4GUP3	NAD-dependent epimerase/dehydratase-like protein	22213.59	12	FALSE	10	12	11	10	10	10	7	5	5	3	0	0	0	0	6058.6	9317.6	11126.3	11752.7	8651.7	3861.3	1797.9	881	289.8	260.8	0	0	0	0	0.515507075	0.792805058	0.946701609	1	0.736145737	0.328545781	0.152977614	0.074961498	0.024658164	0.022190646	0	0	0	0		
D4GV02	D-2-hydroxyacid dehydrogenase	34262.2	19	FALSE	16	19	19	18	18	16	12	12	7	2	1	1	0	0	16190.1	31765.6	21054	15380.5	8585.5	3222.4	1464.8	1058.7	365	143.2	60.9	53.2	0	0	0.509673987	1	0.662792455	0.484187297	0.270276651	0.10144307	0.046112776	0.033328506	0.011490417	0.004508021	0.001917168	0.001674768	0	0		
D4GRL6	DUF162 domain protein	23727.89	8	FALSE	4	7	8	8	7	5	4	2	1	0	0	0	0	0	2384	40867.7	26969	17196.8	8408.7	2350.7	705	357.9	69.2	0	0	0	0	0	0.058334577	1	0.659909904	0.42079197	0.205754178	0.057519753	0.017250787	0.008757527	0.001693269	0	0	0	0	0		
D4GY35	Recombinase RecA	22304.25	19	FALSE	0	9	14	15	19	19	19	19	19	19	14	10	7	1	0	1682.7	2772.2	4416.7	8332.3	8427.9	13418.9	18108.8	17077.3	21196.5	12588	6216.4	2230.5	672	0	0.079385748	0.130785743	0.208369306	0.393097917	0.397608096	0.633071498	0.854329724	0.80566603	1	0.59387163	0.293274833	0.105229637	0.031703347		
D4GZ06	DUF293 domain protein	19377.69	17	FALSE	17	15	16	16	16	14	12	11	7	5	2	0	0	0	13991.1	7061.1	8038.5	9989.6	8314.9	4922.9	2510.2	1467.6	424.7	333.6	9.1	0	0	0	1	0.504685121	0.574543817	0.713996755	0.594299233	0.351859396	0.179414056	0.104895255	0.030355011	0.023843729	0.000650413	0	0	0		
D4GW10	GFO family oxidoreductase	41032.03	22	FALSE	21	21	19	20	16	14	10	9	5	5	3	2	0	0	56612.7	53244.6	29401.6	17473.2	8303.8	2662.3	994.4	577.9	207.1	297	142.6	89.7	0	0	1	0.940506282	0.519346366	0.308644527	0.146677336	0.047026551	0.017564963	0.010207957	0.00365819	0.005246173	0.002518869	0.00158445	0	0		
D4GYA5	YuiH family molybdopterin-binding domain protein	22540.69	9	FALSE	0	5	8	8	9	9	8	9	7	5	3	2	0	0	0	650.5	1457.4	3981.2	8160	5859.5	7913.6	8510.7	2820.2	2272.2	653.4	234.1	0	0	0	0.076433196	0.171243258	0.467787609	0.958793049	0.688486258	0.929841259	1	0.331371098	0.266981564	0.076773943	0.027506551	0	0		
D4GWJ4	Flavin-dependent pyridine nucleotide oxidoreductase	45796.33	39	FALSE	39	21	18	19	19	16	15	10	9	7	3	4	3	1	407594.7	7376.5	7554.5	8807	8079.9	6370.1	1340.8	954.9	5449.4	651.6	334.1	307.7	320.8	30.6	1	0.018097635	0.018534343	0.021607249	0.019823369	0.015628515	0.003289542	0.002342768	0.013369654	0.001598647	0.000819687	0.000754917	0.000787056	7.51E-05		
D4GYV5	Cysteine desulfurase	46807.66	3	FALSE	2	1	1	2	2	2	2	2	0	0	0	0	0	0	44.2	13153.3	7600.8	9304.1	8039.3	3999.4	2457.9	1215.1	0	0	0	0	0	0	0.003360373	1	0.57786259	0.70735861	0.611200231	0.304060578	0.186865653	0.092379859	0	0	0	0	0	0		
D4GYW5	Prefoldin subunit alpha	17492.71	6	FALSE	6	5	5	5	4	4	2	2	2	0	0	0	0	0	39247.6	48428.8	22026.6	15476.9	8034.4	2345.9	875.3	545.3	188.1	0	0	0	0	0	0.810418594	1	0.454824402	0.319580498	0.165901282	0.048440184	0.018073956	0.011259829	0.003884052	0	0	0	0	0		
D4GWY0	Flagellin A1	22311.62	7	FALSE	6	7	7	6	6	6	5	4	4	2	2	1	0	0	1362.8	27623	23556.1	15876.6	7967.3	3057.6	1551.4	920.4	714.3	974.8	673.6	468.1	0	0	0.049335699	1	0.852771241	0.574760164	0.288429932	0.110690367	0.056163342	0.033320059	0.025858886	0.035289433	0.024385476	0.016946023	0	0		
D4GRY9	Imidazole glycerol phosphate synthase subunit HisH	23393.77	8	FALSE	3	6	4	6	6	5	6	5	5	7	7	8	7	7	1267.9	3304.7	4031.4	6073.7	7895.2	7313.4	9703.8	13640.3	14472.1	34372.4	48821.8	91884.1	114824.5	171127.8	0.007409083	0.019311298	0.023557832	0.035492188	0.046136279	0.042736481	0.056704989	0.079708265	0.08456896	0.200858072	0.285294382	0.536932632	0.67098683	1		
D4GU99	Probable inosine/xanthosine triphosphatase	17616.47	15	FALSE	15	14	11	10	8	7	6	6	5	5	3	0	0	0	51469.1	18040.6	9753.5	8400	7630.3	5087.4	4361.1	4036.8	2121.2	1964.7	771.8	0	0	0	1	0.350513221	0.189502051	0.163204719	0.148250115	0.098843772	0.084732393	0.078431525	0.041213077	0.038172418	0.014995405	0	0	0		
D4GUL3	Alanine-tRNA ligase-like protein	27077.4	11	FALSE	8	11	11	11	10	9	9	7	5	0	0	0	0	0	1285.8	28576.1	18212.5	12905.6	7545.2	2130.1	867.6	526.4	184.2	0	0	0	0	0	0.044995643	1	0.637333296	0.45162216	0.26403883	0.074541312	0.030361036	0.018420988	0.006445946	0	0	0	0	0		
D4GYD1	MOSC domain protein	20630.64	11	FALSE	0	11	11	11	10	9	7	4	2	1	0	0	0	0	0	16562.7	11290.5	11196.3	7539.3	2761.3	1100.8	426.7	80.1	116.2	0	0	0	0	0	1	0.681682334	0.675994856	0.455197522	0.166717987	0.066462594	0.025762708	0.004836168	0.007015764	0	0	0	0		
D4GSD0	Lipoprotein	52336.38	12	FALSE	5	11	11	11	11	10	8	7	6	5	2	2	2	2	206.8	10381.5	9930	10267.8	7536.7	3208.4	1659.3	1518.8	644.8	558.5	317.5	645.6	492.4	862.3	0.01992005	1	0.956509175	0.989047825	0.725974089	0.309049752	0.159832394	0.146298704	0.062110485	0.053797621	0.030583249	0.062187545	0.047430525	0.083061215		Sec/SPII
D4GSV6	UspA domain protein	16026.87	11	FALSE	0	3	6	9	11	11	11	11	11	10	7	4	1	1	0	185.7	854.7	2919.3	7529.7	7025	7943.6	11644.8	8912.8	7564.2	3461.3	1434.2	175.7	132.6	0	0.015947032	0.073397568	0.250695589	0.646614798	0.603273564	0.68215856	1	0.765388843	0.649577494	0.29723997	0.12316227	0.01508828	0.011387057		
D4GXV8	Bis(5'-nucleosyl)-tetraphosphatase [asymmetrical]	17451.32	11	FALSE	0	0	7	10	11	11	11	11	11	8	5	1	0	0	0	0	399.3	2401.1	7488	9827.9	12894.6	11073	5342.9	3953.7	921	112.2	0	0	0	0	0.030966451	0.186209731	0.580708203	0.762171762	1	0.858731562	0.414351744	0.306616723	0.071425248	0.008701317	0	0		
D4GYV9	Phosphatase (Histidine phosphatase family protein)	22248.36	11	FALSE	0	11	11	11	10	10	8	5	2	0	0	0	0	0	0	11384.6	12946	12872.2	7466.5	2630.5	1006.9	231.9	58.3	0	0	0	0	0	0	0.879391318	1	0.994299397	0.576741851	0.203190175	0.07777692	0.017912869	0.004503321	0	0	0	0	0		
D4GP04	DUF336 family protein	14720.4	5	FALSE	0	0	0	0	1	1	0	1	3	3	4	4	4	4	0	0	0	0	7383.8	5761.2	0	29.6	871.2	748.9	2067.1	2214.9	2222.8	2100.3	0	0	0	0	1	0.780248652	0	0.004008776	0.117988028	0.101424741	0.279950703	0.299967496	0.301037406	0.284447033		
D4GQY5	Lrp/AsnC family transcription regulator	19445.63	12	FALSE	12	10	11	11	9	10	8	5	3	0	0	0	0	0	27954.4	5310.5	4961.1	7478.4	7327.8	3303.1	1734.8	973	452.6	0	0	0	0	0	1	0.189970094	0.177471167	0.267521392	0.262134047	0.11816029	0.062058209	0.034806685	0.016190653	0	0	0	0	0		
D4GTY1	Small ribosomal subunit protein uS8	14147.74	10	FALSE	7	6	7	7	8	9	9	9	10	10	9	10	10	10	5256.2	2730.6	4950.4	5588.6	7257.3	7147.9	12104.2	27862.6	69573.2	251263.8	328771.4	398575.2	323786.5	219145.7	0.013187474	0.006850903	0.012420241	0.014021444	0.018208107	0.01793363	0.030368673	0.069905503	0.174554764	0.630405003	0.824866675	1	0.812359876	0.549822719		
D4GVM0	Imidazole glycerol phosphate synthase subunit HisF	29163.29	11	FALSE	8	11	11	11	9	8	7	8	5	2	1	0	0	0	7210.4	20782.4	14313.6	10939.4	6945.2	2588.8	1958.2	2084.7	609.7	149.8	72.8	0	0	0	0.346947417	1	0.688736623	0.526378089	0.334186619	0.124566941	0.094223959	0.10031084	0.029337324	0.007208022	0.003502964	0	0	0		
D4GW76	Large ribosomal subunit protein eL8	12636	9	FALSE	4	5	6	7	7	8	8	9	8	9	7	4	1	0	1148.8	951.6	3899.9	4583.2	6894.4	13201.7	16869	35020.8	26815.2	27792.5	12867.4	6057.4	397.3	0	0.032803363	0.027172423	0.111359535	0.130870797	0.196865863	0.376967402	0.48168517	1	0.765693531	0.793599804	0.367421647	0.17296578	0.011344687	0		
D4GZ24	DUF7122 domain-containing protein	20216.31	15	FALSE	15	10	11	13	13	13	12	10	8	3	0	0	0	0	29485.9	1371.3	3409.8	5988.2	6719.1	4771.1	2569.5	1502.6	582.5	200.8	0	0	0	0	1	0.046506975	0.115641713	0.203086899	0.227875018	0.161809543	0.087143346	0.05095995	0.019755205	0.006810035	0	0	0	0		
D4GZM0	Thioredoxin	13719.08	5	FALSE	0	1	2	4	5	5	5	5	5	4	2	1	0	0	0	15.2	373.5	2868	6644.7	9286.7	10002.9	9783.7	4564.8	3314.4	1039.8	273.9	0	0	0	0.001519559	0.037339172	0.286716852	0.66427736	0.928400764	1	0.978086355	0.456347659	0.33134391	0.103949855	0.027382059	0	0		
D4GWS3	GalE family epimerase/dehydratase	34888.41	18	FALSE	18	17	16	16	15	16	13	14	13	12	8	6	4	1	46185.1	17107.6	11287.1	8602.9	6621.2	2694.5	1542.8	1751.8	1348	1843.4	1092.2	684.4	207.1	133.2	1	0.370413835	0.244388342	0.186270031	0.143362253	0.058341327	0.033404713	0.037929982	0.029186902	0.039913305	0.023648319	0.014818632	0.00448413	0.002884047		
D4GRP8	HTH domain protein	16065.86	7	FALSE	5	7	6	6	6	4	4	4	3	3	0	0	0	0	3313.8	9647.7	8535.7	8108.1	6578.5	3265.2	2019.7	1462.3	558.4	416.5	0	0	0	0	0.34348083	1	0.884739368	0.840417923	0.681872363	0.33844336	0.209345233	0.151569804	0.05787908	0.043170911	0	0	0	0		
D4GW81	Large ribosomal subunit protein eL24	7476.22	6	FALSE	2	5	5	5	6	5	5	6	6	6	6	6	6	5	203.7	3579.5	3104	5197.4	6457.2	6733.5	9112	18907.2	32119	113369.4	174745.3	223145.8	173626.7	127731.3	0.000912856	0.016041082	0.013910188	0.023291498	0.028937134	0.030175338	0.040834289	0.084730253	0.143937282	0.50805079	0.783099211	1	0.778086345	0.572411849		
D4GYK6	Phosphoesterase	23937.69	16	FALSE	0	1	5	11	14	16	16	16	16	13	10	5	0	0	0	40.9	320.7	2033.5	6428.9	12463.6	16884.1	18824	12721.1	9346.1	2458.4	515.8	0	0	0	0.002172758	0.017036762	0.108026987	0.341526774	0.662112197	0.896945389	1	0.675791543	0.49649915	0.130599235	0.02740119	0	0		
D4GWA5	Small ribosomal subunit protein eS1	24814.45	17	FALSE	14	17	17	15	14	8	5	4	4	3	2	2	1	1	26090.7	47575	24674.4	14966.7	6419.7	2055.5	1033.3	589.2	339.8	483	117.2	103.7	11.2	55	0.548411981	1	0.518642144	0.314591697	0.134938518	0.043205465	0.02171939	0.012384656	0.007142407	0.010152391	0.002463479	0.002179716	0.000235418	0.001156069		
D4GSW9	Uridylate kinase	24607.56	20	FALSE	20	13	13	15	11	9	8	7	1	1	0	0	0	0	182873.3	5331.5	6756.6	8231.1	6353.1	2552.6	835.5	559	34.4	42.5	0	0	0	0	1	0.029154065	0.036946892	0.045009851	0.034740446	0.013958298	0.004568737	0.003056761	0.000188108	0.000232401	0	0	0	0		
D4GU79	CARDB domain-containing protein	41998.07	15	FALSE	15	12	11	11	11	11	10	11	5	5	3	2	1	0	27166.2	5415.2	5765.2	4337.7	6321.3	4888.8	3393.5	2872.1	2148.7	1352.2	354.6	316.9	103.9	0	1	0.19933594	0.212219596	0.159672681	0.232689887	0.17995892	0.124916256	0.105723288	0.07909461	0.049775088	0.013052985	0.011665231	0.003824606	0		Sec/SPI
D4GWU8	HTH-10 family transcription regulator	26939.89	13	FALSE	11	13	12	13	12	12	10	4	0	1	0	0	0	0	1908.3	15964.1	11068.9	10998	6277.3	2038.7	554.6	202.5	0	124	0	0	0	0	0.119536961	1	0.693361981	0.688920766	0.393213523	0.127705289	0.034740449	0.012684711	0	0.007767428	0	0	0	0		
D4GTE0	ArNOG05511 family protein (AAA-type ATPase core domain protein)	53410.26	31	FALSE	31	23	26	28	24	24	19	20	15	15	15	12	9	9	57238.1	6085.3	6516.1	7028.3	6263.9	4315.8	3365.8	3966.7	2620.4	3271.2	2668	1735.1	1082.4	1199.6	1	0.106315549	0.113842004	0.122790589	0.109435848	0.075400826	0.058803489	0.069301741	0.045780695	0.057150744	0.046612309	0.030313725	0.018910481	0.020958068		
D4GYM3	Uncharacterized protein	9873.83	14	FALSE	0	3	4	6	6	8	10	14	14	14	14	13	12	8	0	69.2	230.9	1712.1	6105.8	18158.6	68563.6	259156.8	611585.2	1594152.6	1334177.7	932178.2	429909.3	206425.2	0	4.34E-05	0.000144842	0.001073988	0.003830123	0.011390754	0.043009433	0.162567122	0.383642821	1	0.83691969	0.584748411	0.269678888	0.129488984		
D4GZG6	Uncharacterized protein	10786.63	11	FALSE	4	11	11	10	7	6	2	3	1	1	0	0	0	0	1677.8	27020.5	15601.5	11564.5	6029.4	1661.1	556.8	497.1	47.3	51.3	0	0	0	0	0.062093596	1	0.577394941	0.42798986	0.223141689	0.061475546	0.020606576	0.018397143	0.001750523	0.001898559	0	0	0	0		
D4GUR2	Oxidoreductase (Aldo-keto reductase family protein)	29721.94	17	FALSE	3	17	16	16	15	14	14	4	0	0	0	0	1	0	157.4	17792.1	14804.6	11320.1	6028.4	1813.6	733.4	84	0	0	0	0	2601.1	0	0.008846623	1	0.832088399	0.636243052	0.338824534	0.10193288	0.041220542	0.004721196	0	0	0	0	0.146194097	0		
D4GXH1	Flagella cluster protein	8674.65	7	FALSE	0	0	2	5	6	7	7	7	7	5	6	5	3	2	0	0	15.8	1080.7	6018.3	14467.3	27068.2	34938.8	27310	28176.2	11990.7	5038	1481.5	486.8	0	0	0.000452219	0.030931228	0.172252625	0.414075469	0.774731817	1	0.781652489	0.806444411	0.343191523	0.144194992	0.042402716	0.013932934		
D4GRB0	Uncharacterized protein	12911.24	8	FALSE	0	0	2	5	5	7	6	7	5	4	1	1	0	0	0	0	610.3	2607.9	5995.7	8055.5	9276.8	7990.3	3508.5	2480.8	614.9	80.8	0	0	0	0	0.065787772	0.281120645	0.646311228	0.868349	1	0.861320714	0.378201535	0.2674198	0.066283632	0.0087099	0	0		
D4GWZ7	Small ribosomal subunit protein uS13	18923.92	13	FALSE	7	13	13	11	8	7	3	3	3	2	1	2	2	0	8565.4	22335.5	12337.2	9533.7	5991.3	2819.5	1215.2	1225.7	534.7	803.8	321.8	466.2	332.4	0	0.383488169	1	0.552358353	0.42684068	0.268241141	0.126234022	0.054406662	0.054876766	0.023939469	0.035987553	0.014407557	0.020872602	0.014882138	0		
D4GXR0	Uncharacterized protein	22272.24	10	FALSE	7	10	9	9	8	5	4	2	1	0	0	0	0	0	8429.1	23658.9	13220	9740.7	5816.6	938.1	264.1	85.6	19.4	0	0	0	0	0	0.356276074	1	0.558774922	0.411713985	0.245852512	0.03965104	0.011162818	0.003618089	0.000819987	0	0	0	0	0		
D4GY48	Cupin 2 barrel domain protein	13641.84	5	FALSE	5	5	5	5	5	4	4	4	1	1	0	0	0	0	24794.2	26279.7	12105.3	8489.8	5725.3	3279.3	2021.4	1819.6	418.6	186.6	0	0	0	0	0.94347348	1	0.460633112	0.323055438	0.217860173	0.12478453	0.076918686	0.069239755	0.015928645	0.007100538	0	0	0	0		
D4GXX4	Phosphohexomutase (Phosphoglucomutase / phosphomannomutase)	47499.69	28	FALSE	28	24	24	24	21	22	15	15	15	11	10	5	5	4	23945.1	5732.7	5416.2	6291.7	5532.8	3483.8	1612.1	2009.1	2764.6	1664.6	1204.5	847.6	510	532.6	1	0.239410151	0.226192415	0.262755219	0.231061887	0.145491144	0.067324839	0.083904431	0.115455772	0.069517354	0.050302567	0.035397639	0.021298721	0.022242546		
D4H072	HTH domain protein	21650.63	9	FALSE	5	9	9	9	7	5	4	4	3	1	1	0	0	0	992.3	19076.5	15308.4	9986.7	5496.5	1965.5	686.9	406.6	242.1	187.3	237.3	0	0	0	0.052016879	1	0.802474248	0.523507981	0.288129374	0.103032527	0.036007653	0.021314182	0.012691007	0.009818363	0.012439389	0	0	0		
D4GYK2	Acetyltransferase domain protein	15356.18	9	FALSE	0	0	6	7	8	8	9	9	7	6	4	0	0	0	0	0	375.6	2004.6	5410.6	6876.9	8618.3	7249.3	3609.8	2406.7	652.9	0	0	0	0	0	0.043581681	0.232598076	0.627803627	0.797941589	1	0.841151967	0.418852906	0.279254609	0.0757574	0	0	0		
D4GZM6	Globin family protein	12818.09	8	FALSE	0	0	2	5	6	7	7	7	8	6	6	6	4	0	0	0	104.3	1365.2	5408	12519.7	24150.8	31083.9	23592.8	22972.7	11517.8	6433.6	2982.2	0	0	0	0.003355435	0.043919843	0.173980742	0.40277121	0.776955273	1	0.759003857	0.739054623	0.370539089	0.206975315	0.095940342	0		
D4GWA1	Probable ribosomal RNA small subunit methyltransferase A	31781.55	31	FALSE	27	31	30	27	25	18	8	5	1	1	0	0	0	0	15639.5	42892	21659.8	12204	5382.9	1527.3	469.5	103.9	4.9	18.2	0	0	0	0	0.364625105	1	0.504984613	0.284528583	0.125498928	0.035608039	0.010946097	0.002422363	0.00011424	0.000424322	0	0	0	0		
D4GWX5	DNA-directed RNA polymerase subunit Rpo10	7286.36	3	FALSE	3	3	3	3	3	3	3	3	3	2	2	2	1	1	9312.1	4890.2	4900.1	5313.9	5377.5	2724.7	2149.8	3109.8	2795.3	2287.2	1788.1	1498.8	512.3	810.6	1	0.525144704	0.526207837	0.570644645	0.577474469	0.292597803	0.230860923	0.333952599	0.300179337	0.245615919	0.192018986	0.16095188	0.055014444	0.087048034		
D4GR87	HTH-10 family transcription regulator	27862.01	13	FALSE	11	13	13	12	13	11	9	9	4	2	1	0	0	0	2616.1	5844.5	4805.8	5553.4	5371.7	2039.3	1431.5	1174.9	666.6	101.4	6	0	0	0	0.447617418	1	0.822277355	0.950192489	0.919103431	0.348926341	0.244931132	0.201026606	0.11405595	0.017349645	0.001026606	0	0	0		
D4H0A3	Ribbon-helix-helix protein CopG domain-containing protein	12009.25	9	FALSE	9	9	9	8	7	7	4	5	4	2	0	0	1	0	8702.1	5475.9	5370.3	5003.9	5248.9	2706.7	1274.5	2081.7	770.9	150.6	0	0	142.7	0	1	0.629261902	0.6171269	0.575022121	0.603176245	0.311039864	0.146458901	0.23921812	0.088587812	0.017306167	0	0	0.016398341	0		
D4GRS8	Lipoprotein	21969.92	5	FALSE	0	5	5	4	5	5	4	3	2	1	2	1	1	1	0	2126.2	5518.3	839.9	5236	8112.8	9585.3	17550.2	6490.2	8356.8	5403.8	4276.7	5347.1	2820.2	0	0.121149617	0.314429465	0.047857004	0.298344178	0.462262538	0.546164716	1	0.369807751	0.476165514	0.307905323	0.243683833	0.304674591	0.160693325		Tat/SPII
D4GR55	Cupin 2 barrel domain protein	11826.14	4	FALSE	2	4	4	4	4	4	3	1	1	0	0	0	0	0	14.7	12222.1	12257.5	8659.9	5149.6	1472.1	421	96.4	18.2	0	0	0	0	0	0.001199266	0.997111972	1	0.706498062	0.420118295	0.120097899	0.034346319	0.007864573	0.001484805	0	0	0	0	0		
D4GUG5	Methylmalonyl-CoA mutase subunit B (Cobalamin-binding subunit)	14955.88	7	FALSE	0	0	4	5	7	7	7	7	7	7	5	4	2	0	0	0	455.8	1485.4	5140.3	9821.1	14294.4	19208.2	14237.6	13626	7753.8	5476.9	369.2	0	0	0	0.023729449	0.077331556	0.267609667	0.511297258	0.744182172	1	0.741225102	0.709384534	0.403671349	0.285133433	0.019220958	0		
D4GXV7	GNAT family acetyltransferase	22434.01	8	FALSE	8	7	7	7	7	6	7	7	7	7	6	7	6	5	64247.9	4497.3	4094	4815.1	5120.4	3589.4	3297.6	4098	3931.7	6660.8	5846.4	6310	4559	3852.9	1	0.069999175	0.063721927	0.07494564	0.079697547	0.055867974	0.051326191	0.063784186	0.061195774	0.103673427	0.090997527	0.098213327	0.070959518	0.059969275		
D4GPK0	tRNA(adenine(34)) deaminase	17145.07	14	FALSE	8	14	14	13	12	11	6	4	5	4	4	2	0	0	1089.5	17486.5	11629.2	9618	5118.1	1401.9	737.8	289.1	289.4	616.3	326.1	181.6	0	0	0.062305207	1	0.665038744	0.550024304	0.292688646	0.080170417	0.042192549	0.016532754	0.01654991	0.035244331	0.018648672	0.010385154	0	0		
D4GYB0	rRNA methyltransferase	22387.88	15	FALSE	4	15	14	15	14	13	9	3	0	0	0	0	1	0	188.7	14818	13761.9	9015.3	5063.9	1386.9	458	50.7	0	0	0	0	1239.1	0	0.012734512	1	0.928728573	0.608401944	0.341739776	0.093595627	0.030908355	0.003421514	0	0	0	0	0.083621271	0		
D4GWX7	Small ribosomal subunit protein uS9	14689.7	15	FALSE	8	9	8	10	9	8	8	9	12	13	14	14	14	14	3236.4	2557.9	2834.8	4345.9	5052	4412.4	5049.2	9148	16362.6	63901.8	114782.1	202208.3	203140.6	216469.8	0.014950815	0.011816429	0.013095591	0.020076242	0.023338128	0.020383444	0.023325194	0.042259936	0.075588373	0.295199608	0.530245328	0.934117831	0.938424667	1		
D4GYD9	Uncharacterized protein	5815.26	9	FALSE	0	0	2	2	3	6	7	8	9	9	9	7	6	5	0	0	175.3	1122.1	4986.7	16293.9	44641.3	176796.3	256300.2	512268.7	400078.1	287849.7	129354.4	63887.6	0	0	0.000342203	0.002190452	0.00973454	0.031807331	0.087144305	0.345124151	0.500323756	1	0.78099267	0.561911551	0.252512793	0.124715018		
D4GTZ4	Large ribosomal subunit protein uL23	9430.7	13	FALSE	7	7	6	7	7	7	7	8	9	11	11	12	13	12	2515.5	2527.9	2593.3	3817.9	4973	3937.2	5063.1	14380.2	31621.8	144107.4	321045.6	474339.7	568201.7	436077.4	0.004427125	0.004448948	0.004564048	0.006719269	0.008752174	0.00692923	0.008910744	0.025308266	0.055652421	0.253620149	0.565020485	0.83480866	1	0.767469369		
D4GVL7	Beta-lactamase domain protein	35773.47	23	FALSE	23	23	22	22	21	17	13	9	6	5	3	0	0	0	81397.2	48642.7	27935.4	12324.6	4836.7	1420.3	643.1	271.4	106.5	170.9	69.1	0	0	0	1	0.597596723	0.343198538	0.151413071	0.059420963	0.017449003	0.007900763	0.003334267	0.001308399	0.002099581	0.000848924	0	0	0		
D4GYI9	Phosphoenolpyruvate--dihydroxyacetone phosphotransferase subunit DhaL	24837.5	27	FALSE	27	19	16	15	15	11	9	10	7	7	8	5	4	3	1793616	9785.1	6450.7	6398	4784.5	2883.3	2638.4	2352.9	1533.8	2020	1482.1	1061.6	539.7	463.1	1	0.005455516	0.003596478	0.003567096	0.002667516	0.001607535	0.001470995	0.001311819	0.000855144	0.001126217	0.00082632	0.000591877	0.000300901	0.000258194		
D4GP43	Siderophore biosynthesis protein IucC	70146.76	39	FALSE	39	34	34	35	32	34	32	34	25	27	22	17	15	8	10623.6	4076.4	3819.8	4278.7	4747.3	2940.3	2542	2945.1	1987.7	2774	1945.3	1386.5	803.1	580.2	1	0.383711736	0.359557965	0.402754245	0.446863587	0.276770586	0.239278587	0.27722241	0.187102301	0.261116759	0.183111186	0.130511314	0.075595843	0.054614255		
D4GZV5	Riboflavin kinase	25958.69	20	FALSE	19	20	20	19	15	14	8	5	2	3	1	0	0	0	13851.5	23418.2	15726.4	9890.7	4744.9	1526.1	722.2	397.2	50.3	37.2	5.4	0	0	0	0.591484401	1	0.671546062	0.422350992	0.202615914	0.065167263	0.030839262	0.016961167	0.002147902	0.001588508	0.00023059	0	0	0		
D4GVK4	Sec-independent protein translocase protein TatAo	9582.59	10	FALSE	0	0	4	7	8	10	10	10	10	10	9	8	7	3	0	0	339.2	1065.9	4694.9	11681.5	27813.8	47565.1	52158.7	72323.1	36938.9	24096.2	10333.8	2279.7	0	0	0.004690064	0.01473803	0.064915636	0.161518242	0.384576989	0.657675072	0.721190049	1	0.510748295	0.333174325	0.142883809	0.031521049		
D4GYT6	PHP domain protein	28596.61	19	FALSE	8	19	19	18	17	16	12	9	3	2	1	0	0	0	769.5	16807.8	12217.1	8237.3	4673.9	1580.9	612.1	395.5	168	66.9	25.7	0	0	0	0.045782315	1	0.726870858	0.490087935	0.278079225	0.094057521	0.036417616	0.023530742	0.009995359	0.003980295	0.001529052	0	0	0		
D4GYJ2	Lipoprotein	22250.39	5	FALSE	0	0	1	3	4	5	4	4	4	3	2	0	0	0	0	0	10.7	4324.9	4668.4	2838.3	1808.7	1159.4	616.9	504.3	98.3	0	0	0	0	0	0.002292006	0.926420187	1	0.607981321	0.387434667	0.248350613	0.132143775	0.108024162	0.021056465	0	0	0		Tat/SPII
D4GRD7	Oxidoreductase	20737.49	5	FALSE	5	4	3	5	5	5	4	4	1	0	0	1	0	0	4415.6	1416.1	935.5	4611.7	4607	2082.6	1745	1633.5	826.5	0	0	383.7	0	0	0.95747772	0.307066808	0.202853611	1	0.998980853	0.45159052	0.378385411	0.354207776	0.179218076	0	0	0.083201422	0	0		
D4GRK7	TetR family transcription regulator	22966.75	12	FALSE	12	12	11	11	10	11	9	9	8	8	7	4	3	1	16143.7	7600.7	5458.1	4827	4598.4	2720.4	1708.6	1708.4	1062.8	1450.5	822.4	618.2	353.4	153	1	0.470815241	0.338094737	0.299002088	0.284841765	0.168511556	0.105836952	0.105824563	0.065833731	0.089849291	0.050942473	0.038293576	0.021890892	0.009477381		
D4GV33	Oxidoreductase (Aldo-keto reductase family protein)	32506.05	16	FALSE	15	16	16	16	14	11	5	5	0	0	0	0	0	0	12761.2	22885.9	17751.5	10504.9	4586.9	1350	175.6	432	0	0	0	0	0	0	0.557600968	1	0.775652258	0.459011881	0.200424716	0.058988285	0.007672847	0.018876251	0	0	0	0	0	0		
D4GRQ8	PadR family transcription regulator	10733.03	8	FALSE	0	0	2	6	6	7	8	8	7	6	3	2	1	0	0	0	234.4	1788.7	4584.6	7427.6	14371.2	13545.2	8336.1	6802.6	2176.1	634	47.5	0	0	0	0.016310399	0.124464206	0.319013026	0.516839234	1	0.942523937	0.580055945	0.473349477	0.151420897	0.04411601	0.003305222	0		
D4H0A7	ParA domain protein	32701.46	14	FALSE	14	14	13	14	13	10	11	9	7	5	3	2	1	1	26400	19207.1	10450.9	6819	4520.5	1680.7	1190.7	897.6	569.8	819.7	347.2	295.7	136.6	141	1	0.727541667	0.395867424	0.258295455	0.171231061	0.063662879	0.045102273	0.034	0.021583333	0.031049242	0.013151515	0.011200758	0.005174242	0.005340909		
D4GYE7	HTH-type transcriptional regulator GlpR	27977.49	17	FALSE	17	16	15	14	12	12	8	3	0	0	0	0	0	0	10347.6	10366.9	8934.3	7276.8	4518.7	1606.3	218.3	76.6	0	0	0	0	0	0	0.998138306	1	0.861810184	0.701926323	0.435877649	0.154945066	0.021057404	0.007388901	0	0	0	0	0	0		
D4GZB1	Adenosylhomocysteinase	46624.62	41	FALSE	41	26	20	23	19	16	13	14	6	7	2	1	0	0	68615.6	5670.8	3277.4	6075.9	4427.8	2338.9	4064.2	1584	301.5	523	212.2	164.6	0	0	1	0.082645929	0.047764648	0.088549834	0.064530515	0.034087001	0.059231428	0.023085129	0.004394045	0.007622173	0.003092591	0.002398871	0	0		
D4GYA8	UPF0058 family protein	10341.52	10	FALSE	0	3	4	5	7	6	7	9	9	8	8	7	10	10	0	186.7	545.8	1754.9	4400.7	4407.7	4937.5	11015.3	9739.3	16258	20468.2	33754.4	46460	82538.4	0	0.002261977	0.00661268	0.021261619	0.053317002	0.053401811	0.059820641	0.13345667	0.117997199	0.196974984	0.247983969	0.408953893	0.562889516	1		
D4GUA5	Thioredoxin domain protein	23787.89	7	FALSE	1	7	7	7	7	7	4	2	0	0	0	0	0	0	10.8	4763.6	5429.9	6603.9	4396.8	2652.6	312.7	72.2	0	0	0	0	0	0	0.001635397	0.721331335	0.82222626	1	0.665788398	0.401671739	0.047350808	0.010932934	0	0	0	0	0	0		
D4GTY6	Large ribosomal subunit protein uL14	14234.4	13	FALSE	3	3	3	5	6	12	12	13	13	12	12	12	11	6	224.2	153.6	452.1	1070.6	4393.6	9858.1	31909.9	91221	140871.9	261698.1	201111.2	125922.4	57507.3	28097.9	0.000856712	0.000586936	0.001727563	0.004090974	0.016788811	0.037669742	0.121934015	0.348573413	0.538299285	1	0.768485518	0.4811743	0.219746723	0.107367612		
D4GVR8	HTH domain protein	10751.83	7	FALSE	0	1	1	1	2	4	6	7	6	7	7	7	6	5	0	56.9	241.1	657.6	4374.9	3805.7	8619	27720.1	42065.5	92879.5	82811.2	71720.6	56242	36985.4	0	0.000612622	0.002595837	0.007080141	0.047102967	0.040974596	0.092797657	0.298452296	0.452904032	1	0.891598254	0.772189773	0.605537282	0.398208431		
D4GVP3	Oxidoreductase	28014.56	15	FALSE	15	15	12	14	13	12	8	9	8	7	6	3	1	0	29207.8	8039.7	6092.2	5847.4	4311.3	1661	1071.2	1094.8	584.8	616.2	439.8	266.9	154.8	0	1	0.275258664	0.208581269	0.200199947	0.147607831	0.056868371	0.036675135	0.037483138	0.020022049	0.021097104	0.015057622	0.00913797	0.005299954	0		
D4GTB5	Propionyl-CoA carboxylase biotin carboxylase component	65345.9	34	FALSE	31	33	34	34	31	31	28	29	29	21	19	15	8	5	6248.3	3199.9	3321.4	4050.8	4279.5	2944	2634.1	2885.5	1917.3	2409.6	1833.4	1572.4	592	357.5	1	0.512123298	0.531568587	0.648304339	0.684906295	0.471168158	0.421570667	0.461805611	0.306851464	0.385640894	0.293423811	0.251652449	0.094745771	0.057215563		
D4GUK7	Fe-S cluster assembly complex protein SufB	53247.35	30	FALSE	29	24	23	24	23	21	18	18	14	12	9	8	5	3	14981.9	5677.4	4445.6	5689.6	4180.5	1733	1436.7	3069.1	1245.9	1454.6	1032.8	898.1	427.1	272.8	1	0.3789506	0.296731389	0.379764916	0.279036704	0.115672912	0.095895714	0.204853857	0.083160347	0.097090489	0.068936517	0.059945668	0.028507733	0.018208638		
D4GVS0	Sugar nucleotidyltransferase	35852.56	17	FALSE	17	14	13	10	9	9	4	3	3	1	1	1	0	0	255663	21462.8	10436.4	6533.5	4138.4	2717	646.2	400.2	239.9	322.4	119.1	135.6	0	0	1	0.083949574	0.040820924	0.025555125	0.016186934	0.010627271	0.002527546	0.001565342	0.000938345	0.001261035	0.000465848	0.000530386	0	0		
D4GTI9	Uncharacterized protein	12719.91	4	FALSE	0	0	0	3	2	3	3	4	3	3	3	1	1	1	0	0	0	6854.6	4136.2	1675.2	15711.2	12239.1	9981.3	10169.8	7109.3	828.9	647.7	520.9	0	0	0	0.436287489	0.263264423	0.106624574	1	0.779004786	0.635298386	0.647296196	0.452498854	0.052758542	0.041225368	0.033154692		
D4GUS8	"Fructose-1,6-bisphosphatase class 1"	31339.85	15	FALSE	2	15	15	15	14	13	7	4	0	0	0	0	0	0	38.5	9375.5	10346.4	8029.2	4087.6	1294.7	612.5	206.4	0	0	0	0	0	0	0.003721101	0.906160597	1	0.776038042	0.395074615	0.125135313	0.059199335	0.019948968	0	0	0	0	0	0		
D4GZP5	DNA-(apurinic or apyrimidinic site) lyase	34270.06	23	FALSE	9	23	20	19	17	13	8	3	0	0	0	0	0	0	338.5	18317.4	15376.1	10043.1	4076.7	1309.3	779.5	31.2	0	0	0	0	0	0	0.018479697	1	0.839425901	0.548281961	0.222558878	0.071478485	0.042555166	0.001703299	0	0	0	0	0	0		
D4GT06	4-phosphopantoate--beta-alanine ligase	26560.62	18	FALSE	17	18	18	18	18	14	8	9	2	2	0	0	0	0	3971.8	16526.9	9838.6	7038.3	4012.8	1175.8	218.8	370.2	40.9	83	0	0	0	0	0.240323352	1	0.595308255	0.42586934	0.242804156	0.071144619	0.013239022	0.022399845	0.002474753	0.005022115	0	0	0	0		
D4GXN8	Uncharacterized protein	12277.42	5	FALSE	3	5	5	5	5	5	5	4	0	0	0	0	0	0	51.6	2988.9	2599.8	3729.2	3968.7	2339.1	1681.3	516.3	0	0	0	0	0	0	0.013001739	0.75311815	0.655075969	0.939652783	1	0.589386953	0.423639983	0.130092978	0	0	0	0	0	0		
D4GXD7	AstE domain protein	31367.64	18	FALSE	17	18	18	16	16	13	10	8	6	3	2	0	0	0	28391.6	49163	40021.3	38662.4	3965.6	1496.3	32074.2	486.7	204.4	169	30.8	0	0	0	0.577499339	1	0.814053251	0.786412546	0.080662287	0.03043549	0.652405264	0.009899721	0.004157598	0.003437544	0.000626487	0	0	0		
D4GWY4	DNA-directed RNA polymerase subunit Rpo3	28087.07	21	FALSE	21	17	13	13	12	11	10	9	7	7	7	6	6	4	124450.8	7585.7	4832.8	4356.5	3893.4	2552.2	2109.2	2209.5	1734.3	2143.8	1592.9	1163.5	636.7	711.6	1	0.060953405	0.038833017	0.035005801	0.031284652	0.020507703	0.016948063	0.017754004	0.013935628	0.017226085	0.012799436	0.009349076	0.005116078	0.005717922		
D4GTA0	RnhA operon protein	20854.47	9	FALSE	8	8	8	8	7	6	5	5	3	1	2	0	0	0	10854.8	6337.1	6025.5	5332.1	3770.5	1821.6	655	511.8	213.9	132.7	127.8	0	0	0	1	0.583806242	0.555100048	0.491220474	0.347357851	0.16781516	0.060341969	0.047149648	0.019705568	0.012225006	0.011773593	0	0	0		
D4GP59	Cobalt-factor-III C17-methyltransferase	36369.68	12	FALSE	11	9	10	11	9	10	7	8	5	5	6	4	2	1	31308.7	4087.3	4894	5318.5	3696.7	2308.8	1405.8	2394.1	1224.5	1184	956.4	444.9	185.3	65.8	1	0.130548378	0.156314379	0.169872911	0.118072612	0.073743081	0.044901257	0.076467563	0.039110535	0.037816965	0.03054742	0.014210108	0.005918483	0.002101652		
O07118	tRNA-splicing endonuclease	37417.52	17	FALSE	15	17	16	16	14	12	11	7	2	0	0	0	0	0	4040.8	7063.1	6213.6	6049.4	3673.3	1085.5	414.2	163.1	5.7	0	0	0	0	0	0.572100069	1	0.879727032	0.85647945	0.520069091	0.153686059	0.058642806	0.023091844	0.000807011	0	0	0	0	0		
D4GZ62	DUF964 family protein	13746.04	13	FALSE	13	11	8	10	8	7	7	4	4	1	1	1	0	0	365177.9	8051.8	5196.2	4775.7	3629.7	1937.5	1220.6	510	292.5	16.6	59.3	82.3	0	0	1	0.022048979	0.014229229	0.013077736	0.009939539	0.005305633	0.00334248	0.00139658	0.000800979	4.55E-05	0.000162387	0.00022537	0	0		
D4GV06	FAD-dependent oxidoreductase	50690.15	31	FALSE	31	24	22	22	21	19	18	16	12	12	12	7	5	2	263879.4	4114.9	2629.3	3042.5	3606.5	2178.6	2252.9	1144.9	570.3	896.3	3381.8	550.6	450.3	111.7	1	0.015593866	0.009964021	0.011529888	0.013667228	0.008256044	0.008537612	0.004338724	0.002161215	0.003396627	0.012815703	0.002086559	0.001706461	0.000423299		
D4GPF2	Putative nickel-responsive regulator	16115.08	8	FALSE	8	8	8	8	7	4	3	3	1	1	0	0	0	0	22261	24461.5	14136.4	8544.9	3567.8	879.5	385.2	262.1	13.1	187.9	0	0	0	0	0.910042311	1	0.577904053	0.349320361	0.145853688	0.035954459	0.015747195	0.010714797	0.000535535	0.007681459	0	0	0	0		
D4GWN2	CBS domain protein	42520.82	47	FALSE	47	37	28	24	22	17	14	14	10	9	3	4	1	1	950444.2	25044.4	11217.8	5905.8	3559.1	1537.4	1060.7	1230.4	651.6	682.5	1401.2	352.3	201	267.9	1	0.026350206	0.011802692	0.006213726	0.00374467	0.001617559	0.001116004	0.001294553	0.000685574	0.000718085	0.001474258	0.000370669	0.00021148	0.000281868		
D4GVX0	Uncharacterized protein	26426.67	14	FALSE	0	14	14	14	14	10	9	3	1	0	1	0	0	0	0	5965.1	7408.4	6627.8	3557.7	1339.7	495.9	99.7	20.8	0	8.6	0	0	0	0	0.805180606	1	0.894633119	0.48022515	0.180835268	0.06693753	0.013457697	0.002807624	0	0.001160844	0	0	0		
D4GXW1	GTP-binding protein	43517.07	22	FALSE	22	16	18	15	16	15	13	11	8	8	6	3	3	1	75766.6	4215.7	3024.7	3234.7	3550.8	1704.6	1161.5	1689.1	976.1	1286.7	781.4	364.3	287.8	67.3	1	0.055640612	0.039921285	0.042692954	0.046864977	0.02249804	0.015329974	0.022293464	0.012882985	0.016982417	0.010313251	0.004808187	0.003798508	0.000888254		
D4GZM5	Diadenylate cyclase	28952.82	10	FALSE	10	10	10	10	10	10	10	10	9	9	9	8	7	5	4439.2	1691.7	1886.6	2754.5	3535.7	2372.8	2510	3129.7	2581.5	3159.6	2665	1793.1	1291.3	1243.1	1	0.381082177	0.424986484	0.620494684	0.796472337	0.534510723	0.565417192	0.705014417	0.581523698	0.711749865	0.600333393	0.40392413	0.290885745	0.280027933		
D4GP61	Cobalt-precorrin-5A hydrolase	34502.98	33	FALSE	32	21	21	22	20	16	15	13	12	9	6	4	1	0	211429.7	5255.2	3764.7	3248.2	3529.8	1588.7	1096.5	1663.8	976.9	1570.6	529.2	1207.9	14.1	0	1	0.024855543	0.017805918	0.015363026	0.016694911	0.007514082	0.005186121	0.007869282	0.004620448	0.007428474	0.00250296	0.00571301	6.67E-05	0		
D4GW20	Diaminopimelate epimerase	29905.07	17	FALSE	12	17	17	14	13	8	3	0	1	0	0	0	0	0	1347.2	18269.3	12059.7	6421.2	3504.5	613	271.6	0	7.5	0	0	0	0	0	0.073741194	1	0.660107393	0.351474879	0.191824536	0.033553557	0.01486647	0	0.000410525	0	0	0	0	0		
D4GQ53	Transcriptional coactivator p15 (PC4) C-terminal domain-containing protein	14881.21	12	FALSE	12	11	9	10	10	9	7	4	1	1	0	0	0	0	51642.3	3576.6	3613	3937.3	3469.9	1707.2	775.1	766.4	383.8	822.9	0	0	0	0	1	0.069257179	0.069962027	0.076241763	0.067191043	0.033058171	0.015009014	0.014840547	0.007431892	0.015934612	0	0	0	0		
D4GXN5	Small CPxCG-related zinc finger protein	6912.34	2	FALSE	1	1	1	1	1	1	1	1	1	1	2	1	1	1	1291.4	1447.5	1816.6	2578.9	3397.9	2683.8	3189.2	5692.4	6730.2	17057	23270	21671	12451.9	8025.6	0.055496347	0.062204555	0.07806618	0.110825097	0.146020627	0.115333047	0.137051998	0.244623979	0.289222174	0.733003868	1	0.931284916	0.535105286	0.344890417		
D4GX09	Iron-sulfur cluster carrier protein	36819.58	31	FALSE	31	30	26	24	19	12	9	9	8	7	4	0	0	0	109000.5	32762.6	17190.3	8560.6	3363	1153.3	523.6	431.4	171.2	296.1	60.3	0	0	0	1	0.300572933	0.157708451	0.078537254	0.030853069	0.010580685	0.004803648	0.00395778	0.001570635	0.002716501	0.000553208	0	0	0		
D4GTS3	Oxidoreductase (Short-chain dehydrogenase family)	24785.49	14	FALSE	14	10	10	12	11	8	6	4	3	1	0	0	0	0	74658.7	2998.6	3001.9	3439.9	3311.7	559.5	260	156.5	40.6	67	0	0	0	0	1	0.040164107	0.040208308	0.046075005	0.044357858	0.007494103	0.003482514	0.002096206	0.000543808	0.000897417	0	0	0	0		
D4GZS6	Tfx-type DNA-binding protein	17715.67	18	FALSE	18	10	10	12	13	13	8	6	1	0	0	0	0	0	21536.6	1020.8	1066.4	2389.7	3297.3	2114.8	1395.8	638.8	41.6	0	0	0	0	0	1	0.047398382	0.049515708	0.110959947	0.153102161	0.09819563	0.064810601	0.029661135	0.001931596	0	0	0	0	0		
D4GZ53	ATP phosphoribosyltransferase	32854.84	15	FALSE	12	14	14	14	13	12	8	8	7	5	5	4	1	0	5594.3	8558.4	6008.1	5080.4	3293.2	1249.8	1062.7	1169	992	1036.4	702.1	577	123	0	0.653661899	1	0.702012058	0.593615629	0.38479155	0.146031969	0.124170406	0.136590952	0.115909516	0.121097401	0.082036362	0.067419144	0.014371845	0		
D4GYL4	S-adenosylmethionine-dependent methyltransferase	25581	12	FALSE	12	7	6	6	5	4	5	2	2	0	1	0	0	0	288308.2	4397.4	5186.9	4977.4	3266.1	1471.6	905.7	338.6	214	0	208.8	0	0	0	1	0.015252428	0.017990817	0.017264164	0.011328502	0.00510426	0.00314143	0.001174438	0.000742261	0	0.000724225	0	0	0		
D4GS53	SGNH-type esterase	25180.7	12	FALSE	0	12	12	12	11	11	7	1	0	1	0	0	0	0	0	3622.3	4188.3	4595.8	3258.4	1117	498	46.3	0	648.2	0	0	0	0	0	0.788176161	0.911332086	1	0.70899517	0.243048	0.108359807	0.010074416	0	0.141041821	0	0	0	0		
D4GTP6	NAD-dependent epimerase/dehydratase-like protein	32330.6	23	FALSE	22	23	22	21	19	15	3	2	0	0	0	0	0	0	9041.8	21381.3	10257.3	6234.2	3228.9	885.8	46.2	17.5	0	0	0	0	0	0	0.422883548	1	0.479732289	0.291572542	0.151015139	0.041428725	0.002160767	0.000818472	0	0	0	0	0	0		
D4GV89	UspA domain protein	31601.96	12	FALSE	12	12	11	11	11	11	5	6	4	2	1	0	0	0	6395	12486.5	6154.2	4924	3182.9	1197.8	472	482.6	167.6	201.6	53.4	0	0	0	0.512153125	1	0.492868298	0.394345894	0.2549073	0.095927602	0.037800825	0.038649742	0.013422496	0.016145437	0.004276619	0	0	0		
D4GYS1	Uroporphyrinogen-III synthase	25499.14	9	FALSE	6	9	9	9	8	6	4	1	0	0	0	0	0	0	778.9	20657.3	11720.6	7583.1	3178	949.5	211.9	9.6	0	0	0	0	0	0	0.037705799	1	0.567382959	0.367090568	0.15384392	0.045964381	0.010257875	0.000464727	0	0	0	0	0	0		
D4GWG3	GNAT family acetyltransferase	15880.58	8	FALSE	0	0	1	6	7	8	8	8	7	6	3	1	0	0	0	0	255.8	1301.8	3175	3816.5	4531.9	4401.3	2303	3084.4	436.2	101.9	0	0	0	0	0.056444317	0.287252587	0.700589157	0.842141265	1	0.971182065	0.508175379	0.680597542	0.096251021	0.02248505	0	0		
D4GWP3	Glutaredoxin	8873.82	7	FALSE	5	7	5	7	6	5	6	6	6	6	6	7	7	7	961.7	1717.4	1794.4	2595.9	3170.3	2907.7	3762.4	6491.4	8929.4	28206.8	57570.4	112619.7	142522.5	167425.7	0.00574404	0.010257684	0.01071759	0.015504788	0.018935564	0.017367107	0.022472058	0.038771825	0.053333509	0.168473538	0.343856409	0.672654796	0.8512582	1		
D4GTJ4	rRNA maturation endonuclease Nob1	16809.74	12	FALSE	0	0	5	8	10	12	12	12	12	12	12	8	4	1	0	0	43.5	746.1	3151.3	6632	11308.9	18620.3	17112.4	21801	11293.9	3827	1038.3	51.6	0	0	0.001995321	0.034223201	0.144548415	0.304206229	0.518733086	0.854103023	0.784936471	1	0.518045044	0.175542406	0.047626256	0.002366864		
D4GXQ6	MaoC domain protein	17191.85	7	FALSE	7	7	7	7	6	3	3	2	2	1	1	1	1	0	44701.7	12771.3	10206.2	6162.9	3142.4	1723.7	1399.6	660.8	847.4	311.4	162.6	22.1	61.5	0	1	0.285700544	0.228317939	0.13786724	0.070297103	0.038560055	0.031309771	0.014782436	0.018956773	0.006966178	0.003637446	0.000494388	0.001375787	0		
D4GU26	Tubulin-like protein CetZ5	41499.83	27	FALSE	27	18	17	16	16	13	8	8	8	6	5	2	0	0	57882	3947.9	3546.8	3366.3	3135.6	1369.6	812.5	1045.9	738.2	729.6	499.4	503	0	0	1	0.068206005	0.06127639	0.058157977	0.054172282	0.023661933	0.014037179	0.018069521	0.012753533	0.012604955	0.008627898	0.008690094	0	0		
D4GSI0	Oxidoreductase (Aldo-keto reductase family protein)	36207.87	16	FALSE	16	16	16	16	16	11	5	2	0	0	0	0	0	0	5423.1	12887.4	8325	6115.5	3132.9	807.6	132.6	16.2	0	0	0	0	0	0	0.420806369	1	0.645979794	0.474533265	0.24309791	0.06266586	0.01028912	0.001257042	0	0	0	0	0	0		
D4GVK1	Acetyl-CoA C-acetyltransferase small subunit	13541.69	5	FALSE	0	0	2	4	5	5	5	5	5	4	2	0	0	0	0	0	99.5	1147	3118.9	4948.6	6261	7132.7	4309.8	4089.5	770.8	0	0	0	0	0	0.013949837	0.16080867	0.437267795	0.69379057	0.877788215	1	0.604231217	0.573345297	0.108065669	0	0	0		
D4H023	Glycine cleavage system protein T-like protein	39014.25	19	FALSE	19	19	18	18	17	13	7	6	4	4	2	1	1	0	24184.8	24425	13268.1	7380.6	3071.9	886	220.3	214	96.9	118.1	23.6	4.6	1.3	0	0.990165814	1	0.543218014	0.302174002	0.12576868	0.036274309	0.009019447	0.008761515	0.003967247	0.00483521	0.000966223	0.000188332	5.32E-05	0		
D4GRF9	UspA domain protein	31465.86	17	FALSE	11	16	16	16	14	10	3	1	1	0	0	0	1	0	2088.9	27272.1	13742.4	7917.1	3061.1	711.2	40.7	15.3	8	0	0	0	330.8	0	0.076594762	1	0.50389959	0.290300344	0.112242915	0.026077933	0.001492368	0.000561013	0.00029334	0	0	0	0.012129612	0		
D4GYY1	RIO-type serine/threonine-protein kinase Rio1	33008.45	21	FALSE	19	21	19	20	18	13	8	4	0	0	0	0	0	0	11914.6	24909.6	12317.1	7561.1	3043.7	776.6	198.8	101.8	0	0	0	0	0	0	0.478313582	1	0.494472011	0.303541606	0.122189838	0.031176735	0.007980859	0.004086778	0	0	0	0	0	0		
D4GTZ0	Small ribosomal subunit protein uS3	33444.21	13	FALSE	13	12	10	12	11	10	8	9	9	10	8	7	2	2	7328.4	2637.9	2456.5	2667.4	3023.8	2499.6	1707.9	1912.8	1448.1	1972.1	1195	870.8	268.7	165.5	1	0.359955788	0.335202773	0.363981224	0.41261394	0.341084002	0.233052235	0.261011953	0.197601113	0.269103761	0.163064243	0.118825392	0.036665575	0.022583374		
D4GWZ1	Small ribosomal subunit protein uS11	13438.05	16	FALSE	4	6	7	8	8	12	11	16	16	16	12	8	7	5	378.6	186.9	855.3	1109.9	2973.8	7002.9	14948.2	32209.5	34467.1	51640.8	28817.3	14794.2	5377.9	2430	0.007331412	0.003619231	0.016562485	0.021492696	0.05758625	0.135607891	0.289464919	0.623721941	0.667439312	1	0.55803357	0.286482781	0.104140525	0.047055816		
D4GYW1	Large ribosomal subunit protein eL39	6071.1	3	FALSE	2	2	2	2	2	2	2	2	2	3	3	3	3	3	1983.9	1484.5	2475.2	2350.4	2972.3	1980.5	2476.7	3950.3	3452.3	6215.4	9015.4	12662.2	20218.7	44430.1	0.044652161	0.033412034	0.05570998	0.052901074	0.066898341	0.044575637	0.055743741	0.088910446	0.077701828	0.13989165	0.20291199	0.284991481	0.455067623	1		
D4GYH1	UTP--glucose-1-phosphate uridylyltransferase AglF	27534.94	20	FALSE	20	15	15	14	15	13	11	7	6	6	1	1	0	0	52894.8	3920.8	2945.3	3366.1	2969.2	1572	867.8	586.9	169.8	302.7	20.6	15.2	0	0	1	0.074124489	0.055682222	0.063637635	0.056134062	0.029719367	0.01640615	0.011095609	0.003210145	0.00572268	0.000389452	0.000287363	0	0		
D4GSX7	Oxidoreductase (Aldo-keto reductase family protein)	39865.6	22	FALSE	21	18	16	16	14	12	13	13	8	7	0	1	1	0	412840.5	23832.9	10064.6	5432.8	2968	1288.6	1039.1	988.7	305.3	510.8	0	84.6	75.2	0	1	0.057729075	0.024378907	0.013159562	0.007189217	0.003121302	0.002516953	0.002394872	0.000739511	0.001237282	0	0.000204922	0.000182153	0		
D4GZ77	S-adenosylmethionine synthase	43498.01	42	FALSE	42	28	24	20	22	19	18	18	16	15	12	10	3	1	1024260.5	9657.1	4566.1	3150.8	2933	1429.2	1069.8	1173.7	695.7	1026.5	683.8	566.1	159.3	72.8	1	0.009428363	0.004457948	0.003076171	0.002863529	0.001395348	0.001044461	0.0011459	0.000679222	0.001002186	0.000667604	0.000552691	0.000155527	7.11E-05		
D4H055	Glycoside hydrolase domain protein	75067.06	25	FALSE	22	19	19	19	15	12	8	2	3	1	0	0	0	0	3903.2	14058	10165.3	6002.2	2863.3	951	334.8	74.3	35.7	16.1	0	0	0	0	0.277649737	1	0.723097169	0.426959738	0.203677621	0.067648314	0.023815621	0.005285247	0.002539479	0.001145255	0	0	0	0		
D4GQF1	Cyclase family protein	25530.2	16	FALSE	16	13	13	14	11	11	7	6	1	0	0	0	0	0	41178.9	2850.9	3758.7	3849.7	2850.6	929	270.7	94.6	2.8	0	0	0	0	0	1	0.069232058	0.091277329	0.093487199	0.069224773	0.022560098	0.006573755	0.002297293	6.80E-05	0	0	0	0	0		
D4GXF3	Lrp/AsnC family transcription regulator	17644.74	21	FALSE	21	21	17	12	14	10	10	9	6	3	2	0	0	1	37877.9	14996.9	6603.1	4131.7	2812.4	976.8	644.7	469.3	143.9	204.4	50.5	0	0	127.3	1	0.395927441	0.174325926	0.109079437	0.0742491	0.025788124	0.017020479	0.01238981	0.003799049	0.005396286	0.001333231	0	0	0.003360799		
D4GQL1	Uncharacterized protein	21975.12	8	FALSE	0	7	7	7	7	7	3	2	1	0	0	0	0	0	0	6851.9	7051.9	7444.1	2768.1	1251.4	382.8	136	132.5	0	0	0	0	0	0	0.920447065	0.94731398	1	0.371851533	0.168106286	0.051423275	0.018269502	0.017799331	0	0	0	0	0		
D4H071	TATA-box-binding protein 2	19882.49	7	FALSE	0	6	6	6	6	6	7	7	7	7	7	6	5	6	0	485.4	745.9	1357.8	2762.3	2685.5	4073.4	4652	4323.9	6706	7058.5	6453.2	4176.5	4021.6	0	0.068768152	0.10567401	0.192363817	0.39134377	0.380463271	0.57709145	0.65906354	0.612580577	0.950060211	1	0.914245236	0.591697953	0.56975278		
D4GU70	Low-salt glycan biosynthesis nucleotidyltransferase Agl11	37865.35	24	FALSE	24	24	23	20	18	12	8	8	4	3	1	0	1	0	102486.1	26254.2	11700.5	6114.9	2760.9	659	251.4	261.1	116.3	55.7	17.6	0	23.9	0	1	0.256173276	0.114166702	0.059665652	0.026939263	0.00643014	0.002453016	0.002547663	0.001134788	0.000543488	0.000171731	0	0.000233202	0		
D4GWR6	Hydroxymethylglutaryl-CoA synthase	50103.49	46	FALSE	46	33	26	26	26	22	21	15	16	11	9	7	3	2	792131.4	10257.5	5454.3	4315.5	2756.6	1977.3	1532.6	1314.9	895.6	905.8	666.4	426.7	171.6	129.8	1	0.01294924	0.0068856	0.00544796	0.003479978	0.002496177	0.00193478	0.001659952	0.001130621	0.001143497	0.000841275	0.000538673	0.000216631	0.000163862		
D4GTQ0	Cytidylate kinase	21598.73	19	FALSE	18	9	11	10	11	10	8	6	4	1	1	1	0	0	57497.7	919.6	1266.7	2243.7	2741.1	1520.3	793.1	529	177.6	24.9	22.1	30.7	0	0	1	0.015993683	0.022030446	0.03902243	0.047673211	0.026441058	0.013793595	0.009200368	0.003088819	0.000433061	0.000384363	0.000533934	0	0		
D4GU92	Isocitrate dehydrogenase [NADP]	45810.19	25	FALSE	25	18	19	19	21	17	18	18	16	17	13	15	8	7	14423.9	2222.1	2244.6	2925.7	2718.1	2100.6	2275.2	2164.7	1493.8	2332.3	1496.5	1716.5	588.1	938.1	1	0.154056808	0.155616719	0.202836958	0.188444179	0.145633289	0.157738198	0.150077302	0.103564223	0.161696906	0.103751413	0.119003876	0.040772607	0.065037889		
D4GWQ0	Probable glycine cleavage system H protein	13910.04	5	FALSE	0	0	0	3	4	3	4	5	3	4	2	1	0	0	0	0	0	637.9	2703.4	4059.4	5612	7349.4	2678.8	2564.5	558.2	168.4	0	0	0	0	0	0.086796201	0.367839552	0.552344409	0.76359975	1	0.36449234	0.34894005	0.075951778	0.022913435	0	0		
D4GW56	HTH-10 family transcription regulator	23325.88	14	FALSE	1	13	12	12	12	11	6	4	4	2	1	1	1	0	97.7	4106.8	3949.9	3770	2677.5	1099.9	237.8	301.7	1386.9	702.5	50.5	43.4	19.8	0	0.023789812	1	0.961795072	0.917989676	0.651967469	0.267824097	0.057903964	0.073463524	0.337708191	0.171057758	0.012296679	0.010567839	0.004821272	0		
D4GSG4	non-specific serine/threonine protein kinase	34463.67	17	FALSE	14	17	16	16	14	11	5	2	0	0	0	0	0	0	5829.2	19912.1	12017	6912.9	2671.8	598.8	127.9	41.9	0	0	0	0	0	0	0.292746621	1	0.603502393	0.347170816	0.13417972	0.030072167	0.00642323	0.002104248	0	0	0	0	0	0		
D4GTB0	HTH domain protein / biotin--[acetyl-CoA-carboxylase] ligase	35678.48	10	FALSE	10	10	10	10	7	5	5	4	4	2	1	2	0	1	14729.3	11331.8	7828.5	4734.5	2669	928.8	614.2	515	310.4	544.2	65.4	335.1	0	188.7	1	0.769337307	0.531491653	0.321434148	0.181203452	0.063057986	0.041699198	0.034964323	0.021073642	0.036946766	0.00444013	0.022750572	0	0.012811199		
D4GTF2	16S rRNA aminocarboxypropyltransferase	18334.64	13	FALSE	0	3	4	5	7	10	9	13	13	13	11	9	6	3	0	6.8	20.9	711.4	2640.3	5423.6	11568.9	26522.7	30717	53876.2	33362.7	19596.3	7139.3	1737.6	0	0.000126215	0.000387926	0.013204346	0.049006797	0.100667827	0.21473118	0.492289731	0.570140433	1	0.61924746	0.363728325	0.132513058	0.032251718		
P18284	Tryptophan synthase alpha chain	29664.79	11	FALSE	8	11	11	11	6	5	4	3	0	0	0	0	0	0	3773.9	26620.9	11584.4	7055	2605.1	573.2	120.4	53.3	0	0	0	0	0	0	0.141764553	1	0.435161847	0.265017336	0.097859201	0.021531954	0.004522762	0.002002186	0	0	0	0	0	0		
D4H0C8	DNA (cytosine-5-)-methyltransferase	45523.68	37	FALSE	37	11	6	4	1	1	2	1	0	0	0	0	0	0	33402.1	2530.3	2054.9	28.9	2573	3784.8	4044.1	15.1	0	0	0	0	0	0	1	0.075752722	0.061520084	0.000865215	0.077031085	0.113310241	0.121073226	0.000452067	0	0	0	0	0	0		
D4GXE3	Cro/C1 family transcription regulator	18901.56	22	FALSE	22	21	17	14	10	5	1	3	0	0	0	0	0	0	40138.7	24859.5	11219.5	5873.9	2544.9	470.3	70.8	90	0	0	0	0	0	0	1	0.619339939	0.27951827	0.146340066	0.063402651	0.011716872	0.001763884	0.002242225	0	0	0	0	0	0		
D4GQV1	fructose-bisphosphatase	29157.05	18	FALSE	18	15	15	15	12	9	6	5	2	0	0	0	0	0	56431.2	14649.8	9530.3	6561.5	2542.8	529.6	110.9	133.4	70	0	0	0	0	0	1	0.259604616	0.168883525	0.116274331	0.045060179	0.009384879	0.001965225	0.002363941	0.001240449	0	0	0	0	0		
D4GU80	TetR family transcription regulator	23690.18	11	FALSE	3	6	7	7	11	11	11	9	10	10	7	5	2	1	90.9	472.9	1096.7	1866.8	2507.3	1209	1897.3	1468.8	1730.9	2573	1591.5	1254.6	221.9	211.4	0.03532841	0.183793237	0.426233968	0.725534396	0.974465604	0.469879518	0.737388263	0.570851147	0.672716673	1	0.618538671	0.487602021	0.086241741	0.082160902		
D4GWL3	Nitroreductase family protein	24905.3	11	FALSE	7	11	10	9	8	4	1	0	0	1	0	0	0	0	435.3	5984.1	3565.4	3177.5	2497.7	112.2	36.2	0	0	3235.4	0	0	0	0	0.072742768	1	0.595812236	0.530990458	0.417389415	0.018749687	0.006049364	0	0	0.540666098	0	0	0	0		
D4GX17	Uncharacterized protein	12053.16	12	FALSE	7	4	9	7	8	10	11	11	11	11	10	10	8	6	1616.7	65.9	754.4	1117.9	2400.8	7273	18748.6	50758.6	57955.5	88762	57317.9	33374.9	13880.6	4124.9	0.018213875	0.000742435	0.008499133	0.012594353	0.02704761	0.081938217	0.211223271	0.571850567	0.652931435	1	0.645748181	0.376004371	0.156379982	0.046471463		
D4GZS1	Replication protein A	34582.96	24	FALSE	24	19	18	19	16	14	14	15	10	11	8	5	2	0	39213.8	2970.3	2372.2	2455	2392.6	1042.6	777.3	929.4	504.7	629.9	549	507.3	187.9	0	1	0.075746293	0.06049401	0.062605511	0.061014235	0.026587579	0.019822103	0.02370084	0.012870469	0.016063223	0.014000173	0.012936772	0.00479168	0		
D4GXP7	Receiver box response regulator	14310.04	5	FALSE	0	0	0	0	4	4	5	4	4	4	3	2	0	0	0	0	0	0	2389.9	1141.3	3443.9	3868.1	3263.3	2787.9	1227.3	165.2	0	0	0	0	0	0	0.617848556	0.295054419	0.890333756	1	0.843644166	0.720741449	0.317287557	0.042708306	0	0		
D4GYJ0	Phosphoenolpyruvate--dihydroxyacetone phosphotransferase subunit DhaK	34846.88	23	FALSE	22	14	14	14	13	12	10	10	9	8	7	5	2	1	151066.5	3019.8	3244.4	3141.2	2377.9	2061.4	1606	1977.2	1384.3	1315.7	1152.4	937.5	278.7	141.3	1	0.019989872	0.021476634	0.020793492	0.01574075	0.013645646	0.01063108	0.013088276	0.009163514	0.008709409	0.007628429	0.006205876	0.001844883	0.00093535		
D4GVJ2	FAD synthase	15973.01	4	FALSE	3	4	4	4	4	2	2	2	1	2	0	0	0	0	2502.2	15671.9	6871.6	5164.8	2350.3	744.6	287.2	114.1	70.3	92.1	0	0	0	0	0.15966156	1	0.4384663	0.329557999	0.149969053	0.047511789	0.018325793	0.007280547	0.004485736	0.00587676	0	0	0	0		
D4H005	Integrase family protein	21813.38	7	FALSE	7	5	6	5	6	6	5	5	1	0	0	0	0	0	2566.7	603.9	792.8	952.8	2347.8	1627.6	743	588.1	64.2	0	0	0	0	0	1	0.235282659	0.308879105	0.371215958	0.914715393	0.634121635	0.28947676	0.229126894	0.025012662	0	0	0	0	0		
D4GTU0	Carbamoyl phosphate synthase small chain	38573.36	14	FALSE	14	13	12	11	9	7	6	5	5	4	2	2	3	0	43979.4	16279	7956.5	4367.5	2342.7	1019.4	661.9	816.3	446.1	603.1	216.6	178.4	748.3	0	1	0.37015057	0.180914246	0.099307858	0.053268121	0.023179034	0.015050228	0.018560963	0.010143385	0.013713238	0.004925033	0.004056445	0.017014784	0		
D4GU97	Plant-type L-asparaginase	34605.27	19	FALSE	19	9	9	8	6	5	6	5	2	1	0	1	0	0	32490.5	1404.4	1438.6	2115.5	2339.3	988	752.1	514.1	73.5	33	0	21.7	0	0	1	0.043224943	0.044277558	0.06511134	0.071999508	0.030408889	0.023148305	0.015823087	0.0022622	0.001015682	0	0.000667888	0	0		
D4GUY7	Cox cluster protein	12570.29	2	FALSE	0	0	1	2	2	2	2	2	2	2	2	2	1	0	0	0	302	1243.3	2324.1	4906	7445.4	12584.4	10448	13258.3	5529.8	4009.4	1218.5	0	0	0	0.022778184	0.09377522	0.175293967	0.370032357	0.561565208	0.949171462	0.788034665	1	0.41708213	0.302406794	0.091904694	0		
D4GUS4	M20 family amidohydrolase	45054.79	19	FALSE	19	18	18	16	14	11	9	4	7	5	2	1	0	1	5476.8	4363.8	3059.3	2994.3	2323.2	1000.7	552.4	174.2	205.4	496.9	71.8	51.9	0	46.1	1	0.796779141	0.558592609	0.546724365	0.424189308	0.182716185	0.100861817	0.031806895	0.037503652	0.090728162	0.013109845	0.009476337	0	0.008417324		
D4GZN7	Lipoprotein	23211.66	9	FALSE	0	8	7	9	9	9	9	8	6	5	5	4	3	1	0	384.6	498	1378.3	2291.2	2270	2540.3	2661.6	1882.2	3127.6	2486.3	2616.5	2391.8	2268.8	0	0.122969689	0.159227523	0.440689346	0.732574498	0.725796138	0.812220233	0.851003965	0.6018033	1	0.794954598	0.836583962	0.764739737	0.725412457		Sec/SPII
D4GRX1	UPF0146 protein HVO_0430	16149	7	FALSE	0	0	0	5	5	7	7	7	7	7	7	6	4	0	0	0	0	487.5	2264.3	4881.7	9751.3	17103.1	13985.4	14586.7	7370.9	2923	819.1	0	0	0	0	0.028503605	0.132391204	0.285427788	0.570148102	1	0.817711409	0.852868778	0.430968655	0.17090469	0.047891903	0		
D4GXL8	Thioredoxin	12067.54	10	FALSE	0	0	3	4	5	7	7	7	7	8	9	8	9	7	0	0	145.1	770.7	2262.7	4387.6	9892.8	21706.5	41683.9	129648.5	174438.9	225672	116652.2	64102.2	0	0	0.000642969	0.003415133	0.010026499	0.019442377	0.043837073	0.096186058	0.18471011	0.574499716	0.77297538	1	0.516910383	0.284050303		
D4GSC1	Beta-lactamase domain protein	44512.55	17	FALSE	7	17	14	14	13	9	6	2	0	0	0	0	0	0	476.4	9620.6	6076.7	4831.7	2257.4	519	140.1	580.3	0	0	0	0	0	0	0.049518741	1	0.631634202	0.502224393	0.23464233	0.053946739	0.014562501	0.060318483	0	0	0	0	0	0		
D4GRX0	Archaemetzincin	19283.68	17	FALSE	0	2	3	7	10	11	12	14	17	17	17	15	12	9	0	27.3	46	419.7	2245.7	5152.7	15414.4	50361.3	86324	173165.8	130664.7	84986.1	31002.5	15074.9	0	0.000157652	0.000265641	0.002423689	0.012968496	0.029755876	0.089015267	0.290827057	0.498504901	1	0.754564123	0.49077878	0.17903362	0.087054719		
D4GTP8	Probable tRNA pseudouridine synthase B	30865.72	18	FALSE	18	18	18	17	16	14	8	4	0	1	0	0	1	0	8624.4	17851.2	11040	5938.1	2244.9	453.9	110.4	91.4	0	107.2	0	0	90.6	0	0.483127185	1	0.618445819	0.332644304	0.125756252	0.025426862	0.006184458	0.005120104	0	0.006005199	0	0	0.005075289	0		
D4GVI6	Oxidoreductase (Aldo-keto reductase family protein)	38834.51	15	FALSE	3	15	15	15	12	10	9	5	0	0	0	0	0	0	29.5	2977	3658.2	3256.3	2219.3	629.9	1516	56.5	0	0	0	0	0	0	0.008064075	0.813788202	1	0.890137226	0.60666448	0.172188508	0.414411459	0.015444754	0	0	0	0	0	0		
D4GT92	Endonuclease V	29170.43	11	FALSE	1	11	11	11	8	8	5	2	0	0	0	0	0	0	18.2	9151.8	7246.3	4883.2	2202.6	808.8	85.7	12.9	0	0	0	0	0	0	0.00198868	1	0.791789593	0.533578094	0.240673966	0.088376057	0.009364278	0.001409559	0	0	0	0	0	0		
D4GXD2	Uncharacterized protein	14467.97	13	FALSE	2	4	5	7	8	7	8	8	11	13	10	9	9	6	39.2	173.5	192.6	818	2191.2	5618.2	15961.5	39300.6	62457.3	136177.6	89125.1	66647.9	26992.9	14292.9	0.000287859	0.001274072	0.00141433	0.006006862	0.016090752	0.041256418	0.117210907	0.288598125	0.458645915	1	0.654476948	0.489418965	0.198218356	0.10495779		
D4GZE6	GNAT family acetyltransferase	14693.27	6	FALSE	0	0	0	5	6	6	6	6	6	5	2	0	0	0	0	0	0	379.8	2182.2	2640.4	3976.7	3946	2090.3	1587.5	304	0	0	0	0	0	0	0.095506324	0.548746448	0.663967611	1	0.992280031	0.525636835	0.399200342	0.076445294	0	0	0		
D4GV86	Copper-containing oxidoreductase	42076.87	13	FALSE	13	11	10	10	9	9	4	5	3	4	4	2	3	2	1890.1	1202	1165.4	1759.8	2181.3	1292	224.1	748.4	498.7	789.5	818.7	667.5	611.4	722.5	0.866501627	0.55104754	0.534268555	0.806766607	1	0.59230734	0.1027369	0.343098152	0.228625132	0.361940127	0.37532664	0.306010177	0.280291569	0.331224499		Tat/SPII
D4GY33	Uncharacterized protein	16255.75	7	FALSE	5	6	7	7	7	7	5	7	6	6	3	0	0	0	1682.3	1619.9	1208.2	1551	2166.4	2473.8	2180.8	5261.4	2266	1929.5	685.8	0	0	0	0.319743794	0.307883833	0.229634698	0.294788459	0.411753526	0.47017904	0.41449044	1	0.430683848	0.366727487	0.130345535	0	0	0		
D4GSF6	Large ribosomal subunit protein eL15	22548.58	8	FALSE	0	3	3	5	6	7	7	8	8	7	8	2	1	0	0	78.3	233.8	1041.7	2156.2	2457	3044.6	7205.9	5855.5	6214.2	3962.6	1494.2	295.5	0	0	0.010866096	0.032445635	0.144562095	0.299227022	0.340970594	0.422514884	1	0.81259801	0.862376664	0.54991049	0.20735786	0.041008063	0		
D4GTL6	Signal peptide peptidase SppA	31297.77	11	FALSE	8	6	7	7	6	8	9	8	9	9	10	9	10	8	1279.8	289.4	517.2	874.9	2139.1	2389.2	3293.9	9340	6570.2	8007.4	8730.7	11494.2	20710.9	29115.7	0.043955667	0.009939655	0.017763612	0.03004908	0.073468953	0.08205882	0.113131403	0.320789128	0.225658322	0.275020006	0.299862274	0.394776701	0.711331	1		
D4GVL3	Uncharacterized protein	17702.24	12	FALSE	0	0	3	5	10	11	12	12	12	12	12	10	9	6	0	0	81.8	518.9	2131.7	4622.2	11025.7	19132.4	21324.4	30499	21441.9	15368.7	7159.6	4534.2	0	0	0.002682055	0.017013673	0.069894095	0.15155251	0.361510213	0.627312371	0.69918358	1	0.703036165	0.503908325	0.23474868	0.148667169		
D4GXP8	Small CPxCG-related zinc finger protein	7996.83	3	FALSE	0	0	0	0	2	2	2	3	2	3	2	2	2	2	0	0	0	0	2130.4	3481	9065.7	20441.1	31494.9	81720	78610.1	82863.2	64083.8	53853.3	0	0	0	0	0.025709845	0.042008998	0.109405623	0.246684898	0.380083077	0.986203767	0.948673235	1	0.773368636	0.64990611		
D4GW87	S-adenosylmethionine-dependent methyltransferase-like protein	32814.78	17	FALSE	11	17	16	16	16	11	5	2	0	0	0	0	0	0	830.2	6489.2	5765.6	4015.9	2123.2	636.5	139.6	61.3	0	0	0	0	0	0	0.127935647	1	0.888491648	0.618859027	0.327189792	0.098086051	0.021512667	0.009446465	0	0	0	0	0	0		
D4GWB4	IS200-type transposase HfIRS11	14714.55	5	FALSE	2	5	5	4	5	5	2	1	0	0	1	0	0	0	678.8	4462.2	2696.1	1232.9	2110.5	1109.9	47.1	14.1	0	0	555.3	0	0	0	0.152122272	1	0.604208686	0.276298687	0.472972973	0.248733808	0.010555331	0.003159876	0	0	0.124445341	0	0	0		
D4GVI8	Thioredoxin domain protein	8750.83	5	FALSE	0	0	0	3	5	5	5	5	5	5	5	5	5	3	0	0	0	188.1	2101.2	5043.5	11323.8	15484.7	12579.2	13111.1	7271	4253.8	2315.3	1627.6	0	0	0	0.012147475	0.135695235	0.325708603	0.731289596	1	0.812363171	0.846713207	0.469560276	0.274709875	0.149521786	0.105110206		
D4GYC9	Origin-associated GTP-binding protein OapA	24036	11	FALSE	0	7	9	11	11	11	7	8	7	7	5	1	1	0	0	280.7	554.7	1447.9	2084.5	1316.9	595.2	637.1	439	416.6	517.5	87.8	57.7	0	0	0.13466059	0.26610698	0.694603022	1	0.631758215	0.2855361	0.305636843	0.210602063	0.199856081	0.248260974	0.042120413	0.027680499	0		
D4GXD5	UPF0179 protein HVO_2851	16390.16	6	FALSE	0	2	3	5	6	6	6	6	3	3	2	0	0	0	0	236.3	355.8	927.2	2082.4	1772.2	1560.7	2087.4	1099.7	1040.8	95.1	0	0	0	0	0.113203028	0.170451279	0.444188943	0.997604676	0.848998754	0.747676535	1	0.526827632	0.498610712	0.045559069	0	0	0		
D4GP42	HTH-type transcriptional regulator XacR	27183.8	19	FALSE	19	19	17	17	16	12	6	4	2	0	0	0	0	0	7908.6	7040.1	4921	3813.7	2063.6	514.9	86.8	46.6	9.9	0	0	0	0	0	1	0.890182839	0.622234024	0.482221885	0.260931138	0.06510634	0.010975394	0.00589232	0.001251802	0	0	0	0	0		
D4GP85	Gluconolactonase family protein	31625.62	12	FALSE	6	12	12	12	9	5	4	1	1	0	0	0	0	0	217.3	8408.2	4409.8	3705.4	2035.5	216.6	38.4	8.2	15.2	0	0	0	0	0	0.025843819	1	0.524464214	0.440688851	0.242085107	0.025760567	0.00456697	0.000975238	0.001807759	0	0	0	0	0		
D4H061	7-cyano-7-deazaguanine synthase	26781.22	14	FALSE	13	14	11	11	8	4	2	4	3	1	1	0	0	0	11887.6	13716.7	6318.4	3878.6	2032.7	545.4	86.6	124.2	327.7	20	7.1	0	0	0	0.8666516	1	0.460635576	0.282764805	0.14819162	0.03976175	0.006313472	0.009054656	0.023890586	0.001458077	0.000517617	0	0	0		
D4GUG8	GMP synthase [glutamine-hydrolyzing] subunit B	33847.83	22	FALSE	21	20	21	20	20	19	15	14	12	9	7	5	4	2	7795	3202.6	2586.8	2402.2	2023.9	1039.2	933.1	1013.5	623.6	1404.8	573.6	354.7	432.7	264.7	1	0.410853111	0.331853752	0.308171905	0.259640795	0.133316228	0.119704939	0.130019243	0.08	0.180218089	0.073585632	0.045503528	0.055509942	0.033957665		
D4GXX9	Uncharacterized protein	16438.51	6	FALSE	0	0	0	5	6	6	6	6	5	3	2	1	0	0	0	0	0	561.9	2021.9	2565.6	2684	3277.1	1560.8	968.5	170.5	18.5	0	0	0	0	0	0.171462574	0.616978426	0.782887309	0.819016814	1	0.476274755	0.295535687	0.052027707	0.005645235	0	0		
D4GU69	Probable low-salt glycan biosynthesis epimerase Agl13	18336.07	9	FALSE	6	8	8	8	8	8	7	8	6	7	8	6	4	4	515.4	4074.4	2605.4	2652.5	2020.2	1203.5	905.6	1167.4	603.1	1520.7	1548.1	2462.3	3142.8	4759.2	0.108295512	0.856110271	0.547444949	0.55734157	0.424483106	0.252878635	0.190284081	0.245293327	0.126722979	0.319528492	0.325285762	0.51737687	0.660363086	1		
D4GWM8	AAA-type ATPase (CDC48 subfamily)	81988.75	37	FALSE	32	33	33	29	31	31	30	28	21	22	18	14	7	6	2678.9	1671.8	1618.1	1594.4	2007.5	1131.3	1112.4	1781.1	853.2	1673.1	1298.9	895.6	321.6	316.2	1	0.624062115	0.604016574	0.595169659	0.749374743	0.422300198	0.415245063	0.664862444	0.318488932	0.624547389	0.48486319	0.334316324	0.120049274	0.118033521		
D4GW38	Cro/C1 family transcription regulator	18480.29	9	FALSE	5	9	8	9	8	5	4	3	0	1	0	0	0	0	573	9972.2	7031.2	3958.1	2007.4	407.4	138.7	56	0	30.2	0	0	0	0	0.057459738	1	0.705080123	0.396913419	0.201299613	0.040853573	0.013908666	0.005615611	0	0.003028419	0	0	0	0		
D4H073	Uncharacterized protein	16382.7	5	FALSE	4	5	5	5	5	5	4	4	4	5	5	3	3	1	281.4	2657.5	2359.3	2407	1998.6	1280.9	837.4	1322.6	1282.6	2428.3	1962.4	1005.2	1156.6	161.1	0.105888993	1	0.887789276	0.905738476	0.752060207	0.481994356	0.315108184	0.497685795	0.482634055	0.913753528	0.738438382	0.378250235	0.435221072	0.060620884		
Q48327	Cell division protein FtsZ 1	39805.4	35	FALSE	35	17	12	10	9	9	5	4	3	3	0	0	0	0	140016	2237.2	397.2	302.2	1992.1	127.2	16.5	67.3	16.9	29.9	0	0	0	0	1	0.015978174	0.002836819	0.002158325	0.01422766	0.000908468	0.000117844	0.000480659	0.0001207	0.000213547	0	0	0	0		
D4GZ88	Ribonuclease Z	34306.72	12	FALSE	11	12	12	11	10	9	9	3	0	0	0	0	0	0	1053.1	4790	3904.2	3182.8	1987.3	714.1	215	21.4	0	0	0	0	0	0	0.219853862	1	0.815073069	0.664467641	0.414885177	0.14908142	0.044885177	0.004467641	0	0	0	0	0	0		
D4GYQ1	Uncharacterized protein	20927.68	10	FALSE	8	10	10	9	9	6	4	2	1	1	1	0	0	0	4573.5	11580.5	6162.9	4074.8	1984.9	519.8	140.2	42.8	6.9	10.2	10.8	0	0	0	0.394931134	1	0.532179094	0.351867363	0.171400199	0.044885799	0.012106558	0.003695868	0.000595829	0.000880791	0.000932602	0	0	0		
D4GZA2	TATA-box-binding protein 1	20345.88	6	FALSE	1	2	5	3	4	5	5	5	6	4	4	3	2	2	13.3	280.6	698.7	1104.8	1967.3	1930.8	1955.3	2681.1	2424.9	2634.1	1520.5	645.6	647.4	578.7	0.00496065	0.104658536	0.260601992	0.412069673	0.733765992	0.720152176	0.729290217	1	0.904442207	0.982469882	0.567117974	0.240796688	0.241468054	0.215844243		
D4GZX5	DNA-directed RNA polymerase subunit beta	67761.94	27	FALSE	25	25	22	22	24	21	18	20	19	16	12	8	6	4	4035.5	1655.6	1697.1	1958.3	1951.3	1191.3	945	1296.1	969.3	1206.1	755.3	477.1	295.1	160.5	1	0.410258952	0.420542684	0.485268244	0.483533639	0.295205055	0.234171726	0.321174576	0.240193285	0.298872507	0.18716392	0.118225746	0.073126007	0.039772023		
D4GTG4	Phosphoesterase	17070.98	6	FALSE	0	0	2	4	6	6	6	6	5	5	4	2	0	0	0	0	52.8	358.4	1934	3736	7830.8	7140.8	4893.1	4106.6	1166.1	98.5	0	0	0	0	0.006742606	0.045767993	0.246973489	0.477090463	1	0.911886397	0.624853144	0.524416407	0.148911989	0.012578536	0	0		
D4GT33	Vitamin B12-dependent ribonucleotide reductase	114375.8	43	FALSE	41	39	40	41	41	39	38	36	37	34	29	19	20	8	3565	1388.7	1442.8	1605	1932.9	1317	1222.5	1393.3	1059.1	1513.8	1219	881	598.7	286.7	1	0.389537167	0.404712482	0.450210379	0.542187938	0.369424965	0.342917251	0.390827489	0.297082749	0.424628331	0.341935484	0.247124825	0.167938289	0.080420757		
D4GZY3	Elongation factor 2	80441.31	32	FALSE	31	22	23	24	21	20	17	18	15	10	6	6	3	2	7851.1	2576.5	2845.1	2656.2	1927.3	1419.8	875.6	1241	982.6	1260	429.5	1272.5	169.6	169.2	1	0.328170575	0.362382341	0.338322019	0.245481525	0.180840901	0.111525773	0.158067022	0.125154437	0.160487066	0.05470571	0.162079199	0.021602068	0.02155112		
D4GZX6	DNA-directed RNA polymerase subunit Rpo1N	108913.4	35	FALSE	35	33	34	32	31	32	26	26	21	16	16	12	6	3	3792.3	2038	1442.7	1955	1920	1266.3	1029.2	1088.7	814	932.9	747.6	486.5	222.8	132.5	1	0.537404741	0.380428764	0.515518287	0.506289059	0.333913456	0.271392031	0.287081718	0.214645466	0.245998471	0.197136303	0.128286264	0.058750626	0.034939219		
D4GRS9	DUF91 domain-containing protein	21447.99	15	FALSE	0	0	3	10	15	15	15	15	15	15	14	9	3	0	0	0	13.1	234.1	1916.5	4106.3	8331.2	11139.8	9006.5	9654.1	3970.7	1461.9	117.3	0	0	0	0.001175964	0.02101474	0.172040791	0.368615235	0.747876982	1	0.80849746	0.866631358	0.356442665	0.131232159	0.010529812	0		
D4GRF1	Cob(I)alamin adenosyltransferase	25395.06	10	FALSE	8	10	10	9	9	10	5	4	4	2	3	0	0	0	1260	3395.3	2376.3	2154.1	1903.6	1153.6	449.4	438.6	285.8	286.2	181.4	0	0	0	0.371101228	1	0.699879245	0.634435838	0.560657379	0.339763791	0.132359438	0.12917857	0.084175183	0.084292993	0.053426796	0	0	0		
D4GYZ6	Metal-dependent hydrolase domain protein	25741.45	12	FALSE	12	8	4	4	5	2	2	0	0	0	0	1	0	0	48049.1	720	327.6	593.1	1895.1	182.9	102	0	0	0	0	32.6	0	0	1	0.014984672	0.006818026	0.012343624	0.039440905	0.003806523	0.002122829	0	0	0	0	0.000678473	0	0		
D4GW19	Archaease-like protein	14736.29	7	FALSE	0	0	0	2	7	7	7	7	6	7	5	2	0	0	0	0	0	138.6	1880.4	3469.8	7122.4	9166.3	5789.9	7316.3	1657.2	662.8	0	0	0	0	0	0.015120605	0.205142751	0.378538778	0.777020172	1	0.631650721	0.798173745	0.180792686	0.072308347	0	0		
D4GVW4	Uncharacterized motility-related protein HVO_2248	31360.83	17	FALSE	2	17	16	15	13	9	6	4	2	0	1	0	0	0	31.7	6166	4488.3	3424.6	1811.4	840.4	206.9	129.8	18.3	0	9.5	0	0	0	0.005141096	1	0.727911126	0.555400584	0.2937723	0.136295816	0.033554979	0.021050924	0.002967888	0	0.001540707	0	0	0		
D4GV42	Thiamine-phosphate synthase	21687.82	10	FALSE	10	10	9	10	9	9	8	5	2	2	0	0	0	0	10674.4	811.5	900.4	1374.8	1794.4	1190.8	730.6	477.4	51.7	19	0	0	0	0	1	0.076023008	0.084351345	0.128794124	0.168103125	0.111556621	0.068444128	0.044723825	0.004843364	0.00177996	0	0	0	0		
D4GVV0	peptide-methionine (R)-S-oxide reductase	15005.1	12	FALSE	0	0	5	8	10	11	11	12	12	11	10	10	7	5	0	0	141.5	547.3	1789.6	3081	5508	13521.7	14171.7	22571.5	16162.7	11113.5	4806.6	2907.3	0	0	0.006268968	0.024247392	0.079285825	0.136499568	0.244024544	0.599060762	0.62785814	1	0.716066721	0.492368695	0.212949959	0.128804023		
D4GRP9	HxlR family transcription regulator	13807.26	6	FALSE	4	2	4	5	6	6	6	6	5	4	4	2	0	0	268.9	4.3	44.9	921.2	1760.3	1740.4	1722.7	1804.2	595.9	759.5	323.4	86.6	0	0	0.149041126	0.002383328	0.024886376	0.510586409	0.975667886	0.964638067	0.954827624	1	0.330284891	0.420962199	0.17924842	0.047999113	0	0		
D4GYD4	D-gluconate dehydratase	45794.25	8	FALSE	7	6	8	8	8	7	6	5	5	5	5	3	2	2	1233.9	789.1	1475.8	1913.6	1747.3	655.3	816.3	529.5	494.4	641.1	434	253	143.9	184	0.644805602	0.41236413	0.771216555	1	0.913095736	0.342443562	0.426578177	0.276703595	0.258361204	0.335022993	0.226797659	0.132211538	0.075198579	0.096153846		
D4GRD9	Uncharacterized protein	6892.86	5	FALSE	5	3	3	3	2	2	1	1	0	1	1	0	0	0	15782.4	13820.8	9298.6	4210.2	1739.4	503.8	319.2	237.8	0	133.7	271.5	0	0	0	1	0.875709651	0.589175284	0.266765511	0.110211375	0.031921634	0.020225061	0.015067417	0	0.008471462	0.017202707	0	0	0		
D4GP68	Lrp/AsnC family transcription regulator	18509.7	10	FALSE	9	10	10	10	8	6	7	5	2	0	0	0	0	0	9361	7521.4	3756.3	2321.8	1730.1	607.4	544.2	170.4	147.6	0	0	0	0	0	1	0.803482534	0.401271232	0.248029057	0.184819998	0.06488623	0.058134815	0.018203183	0.015767546	0	0	0	0	0		
D4GW16	GNAT family acetyltransferase	18389.72	9	FALSE	0	1	1	2	3	6	8	9	9	7	7	4	0	0	0	2166.5	1685.1	2029.6	1724.5	1125.5	887.7	2189.4	2083.8	3259	1993.8	812.9	0	0	0	0.664774471	0.517060448	0.62276772	0.529150046	0.345351335	0.272384167	0.671801166	0.639398589	1	0.611782755	0.249432341	0	0		
D4GZT9	A-type ATP synthase subunit H	12543.29	10	FALSE	10	9	8	7	5	5	3	2	2	2	1	1	0	0	7438.9	1084.6	25276.7	34165.8	1724.3	9014.7	3899.6	106.3	137.6	201.7	128	159.8	0	0	0.217729425	0.031745195	0.73982462	1	0.050468597	0.263851571	0.114137529	0.003111298	0.004027419	0.005903564	0.003746436	0.004677192	0	0		
D4GVA1	AAA-type ATPase (MoxR subfamily)	35915.28	19	FALSE	19	18	18	18	14	13	8	4	1	2	0	0	0	0	47916	19761.8	8538.3	4222.3	1717.1	315.3	113.4	38.9	8.7	15.5	0	0	0	0	1	0.412425912	0.178193088	0.088118791	0.035835629	0.006580265	0.002366642	0.000811837	0.000181568	0.000323483	0	0	0	0		
D4GZ40	Uncharacterized protein	7535.46	8	FALSE	2	1	2	2	5	6	7	8	7	8	7	6	6	5	152	48.2	106.4	261.6	1692.7	20564.9	212399	794426.9	984801.3	1537429.9	702518.7	310651.8	72908.7	22980.7	9.89E-05	3.14E-05	6.92E-05	0.000170154	0.001100993	0.013376155	0.13815199	0.516723982	0.640550376	1	0.456943565	0.202059164	0.047422455	0.014947478		
D4GV23	YqeC family protein	26702.85	9	FALSE	0	7	9	9	8	5	5	3	0	1	1	0	1	0	0	1467.3	1868.4	2427	1679.7	667.3	392.5	134	0	169.1	150.8	0	307.2	0	0	0.604573548	0.769839308	1	0.692088999	0.274948496	0.161722291	0.055212196	0	0.069674495	0.062134322	0	0.12657602	0		
D4GZJ7	Peroxiredoxin domain protein	18539.34	3	FALSE	0	2	2	3	2	2	2	2	2	2	2	1	1	0	0	128.7	222.2	1213	1664.1	2449.6	3250.1	5012.9	3221.2	3461	1731.5	401.2	149.2	0	0	0.025673762	0.04432564	0.241975703	0.331963534	0.488659259	0.648347264	1	0.642582138	0.69041872	0.345408845	0.080033514	0.029763211	0		
D4GX12	Uncharacterized protein	11943.6	4	FALSE	4	3	3	3	3	3	2	2	2	0	1	0	0	0	69821.2	6591	3384.8	2922.7	1652.3	812.3	310.7	231.8	163.4	0	50.2	0	0	0	1	0.094398263	0.048478113	0.041859779	0.023664732	0.011634002	0.004449938	0.003319909	0.002340263	0	0.000718979	0	0	0		
D4GT09	Aspartate--tRNA(Asp/Asn) ligase	48726.2	16	FALSE	15	13	15	16	15	16	14	15	12	10	10	7	3	3	4448.9	923.3	1069.9	1402.3	1650.9	1344.5	1206.9	1265.5	673.2	952.9	592.4	482.3	184.3	216	1	0.207534447	0.240486412	0.31520151	0.371080492	0.302209535	0.271280541	0.284452337	0.151318303	0.214187777	0.133156511	0.10840882	0.04142597	0.048551327		
D4GYT0	GlnK-type ammonia transport regulator	12505.18	8	FALSE	8	7	7	7	5	4	4	4	2	2	1	0	0	0	11844.2	5103.8	1649.7	1048.8	1639.7	2185.8	1803.9	2334.3	1156.4	728.4	185.2	0	0	0	1	0.430911332	0.139283362	0.08854967	0.138439067	0.184546023	0.152302393	0.197083805	0.097634285	0.061498455	0.015636345	0	0	0		
D4GZX7	DNA-directed RNA polymerase subunit Rpo1C	46140.12	15	FALSE	15	12	13	13	13	12	10	9	9	7	4	2	0	0	7391.1	1694	1341.4	1541	1631	843.2	584.2	719.7	499.9	620.1	404.7	108.8	0	0	1	0.229194572	0.181488547	0.208494	0.220670807	0.114083154	0.079041009	0.097373869	0.067635399	0.083898202	0.054755043	0.014720407	0	0		
D4GWS1	Glycine-rich protein	14949.1	2	FALSE	0	0	0	2	2	2	2	2	2	2	1	1	1	1	0	0	0	1041.4	1611.7	2077.1	2592.3	2081	1869.9	2113.9	1124.8	2019.7	2026.8	3174.7	0	0	0	0.328030995	0.507670016	0.654266545	0.816549595	0.655495007	0.589000535	0.665858191	0.354301194	0.636186096	0.638422528	1		
D4GZE8	Replication factor C small subunit	36222.08	28	FALSE	27	25	20	18	16	13	12	12	9	7	6	3	1	1	51848	7725.8	4690	4059.7	1598.4	834.7	403.7	1020.5	612.1	283.7	273.4	74.5	23.3	22.4	1	0.149008641	0.09045672	0.078300031	0.030828576	0.016098982	0.007786221	0.019682534	0.011805663	0.005471764	0.005273106	0.001436892	0.000449391	0.000432032		
D4GW27	Small CPxCG-related zinc finger protein	15371.59	9	FALSE	0	0	2	2	7	8	9	9	9	9	7	4	2	2	0	0	21.4	434.1	1585.3	3986.4	7015.2	12679	11221.9	13057.6	8826.6	2947.1	679.1	430	0	0	0.001638892	0.033245007	0.121408222	0.305293469	0.537250337	0.971005391	0.859415206	1	0.675974145	0.225699975	0.052008026	0.032931013		
D4GV25	FMN-binding domain protein	16202.75	8	FALSE	7	8	8	7	5	6	6	5	3	2	1	0	0	0	5575	5795.1	3331.7	2148.4	1573.3	1100.8	884.6	913.7	328.8	77.8	25.7	0	0	0	0.962019637	1	0.57491674	0.370726993	0.271487981	0.189953581	0.152646201	0.157667685	0.056737589	0.013425135	0.004434781	0	0	0		
D4GR72	SHOCT domain-containing protein	41820.12	28	FALSE	28	22	20	20	17	16	9	6	2	1	2	2	2	2	74997.1	3355.4	2370.3	1942.4	1562.8	656.4	174.8	202	36	8.6	88.4	233.2	430.7	467.5	1	0.044740397	0.031605222	0.025899668	0.020838139	0.008752338	0.002330757	0.002693437	0.000480019	0.000114671	0.001178712	0.003109454	0.005742889	0.006233574		
D4GYN2	Phosphodiesterase domain protein	18267.56	8	FALSE	0	0	0	5	7	7	7	8	8	7	3	1	0	0	0	0	0	383.2	1557.3	2171.5	3281.8	2815.6	1689.1	1227.5	263.2	17.6	0	0	0	0	0	0.11676519	0.474526175	0.661679566	1	0.857943811	0.514687062	0.374032543	0.08019989	0.005362911	0	0		
D4GQ59	HTH domain protein	21438.3	9	FALSE	3	9	8	8	7	6	2	1	0	0	0	0	0	0	424.4	5565	3817.3	2672.8	1556.3	383.4	58.8	44.5	0	0	0	0	0	0	0.076262354	1	0.685947889	0.480287511	0.27965858	0.068894879	0.010566038	0.007996406	0	0	0	0	0	0		
D4GSB6	Lrp/AsnC family transcription regulator	18099.12	4	FALSE	4	4	4	4	4	4	4	4	3	4	3	3	1	0	2263.6	3339.8	1902.7	1771.7	1539.1	915.1	885.8	918.2	605.3	1222.5	723.1	735.2	392.4	0	0.677765136	1	0.569704773	0.530480867	0.460835978	0.273998443	0.265225463	0.274926642	0.181238398	0.366039883	0.216509971	0.220132942	0.117492065	0		
D4GTY8	Ribonuclease P protein component 1	15087.71	8	FALSE	0	3	4	5	7	7	7	7	8	8	8	6	4	1	0	69.8	69.2	400.8	1532.6	2375.3	3839.7	6703.8	5595	6762.7	4068	2295.5	1216.3	525.3	0	0.010321321	0.010232599	0.059266269	0.22662546	0.351235453	0.567776184	0.991290461	0.827332279	1	0.60153489	0.339435433	0.1798542	0.077676076		
D4GUU7	Phosphoserine phosphatase	36336.74	22	FALSE	22	13	14	13	15	12	11	11	10	9	6	5	5	1	11157.6	1526.4	1514.1	1623.4	1528.9	840	753.4	1094.5	605.2	1006.9	474.9	1033.8	1293.5	200.7	1	0.136803614	0.135701226	0.14549724	0.137027676	0.075285008	0.067523482	0.098094572	0.054241055	0.090243422	0.042562917	0.092654334	0.115929949	0.017987739		
D4GXS5	Acyl-CoA dehydrogenase	42548.19	10	FALSE	10	9	10	10	10	10	10	10	10	7	6	4	3	2	2086.9	1088.2	1193.3	1581.1	1523.6	1178	1267.1	1087.9	924.6	1059.6	785.8	484.5	253.6	190.8	1	0.521443289	0.57180507	0.757630936	0.730078106	0.564473621	0.607168527	0.521299535	0.443049499	0.507738751	0.376539365	0.232162538	0.121519958	0.091427476		
D4GTR9	TRAM domain protein	14847.43	10	FALSE	10	5	6	6	5	5	4	4	3	1	0	0	0	0	10058.6	912.9	807.9	1362.4	1523.2	806.8	421	433.8	132.4	64.7	0	0	0	0	1	0.090758157	0.080319329	0.135446285	0.151432605	0.08020997	0.041854731	0.043127274	0.013162866	0.006432307	0	0	0	0		
D4GSF4	Thiosulfate sulfurtransferase GlpE	12344.31	6	FALSE	0	2	4	3	4	4	5	5	6	6	6	6	3	1	0	32	1208	1156.1	1515.6	1456	2586.7	4988.3	6271.5	10837.6	8837.4	6258.4	2367.9	927.2	0	0.002952683	0.111463793	0.10667491	0.13984646	0.134347088	0.238678305	0.460277183	0.578679782	1	0.815438843	0.577471027	0.218489333	0.085553997		
D4GTH7	NUDIX family hydrolase	20916.08	8	FALSE	8	8	8	7	6	7	6	6	3	4	3	2	0	0	47175.9	3335.4	1912.7	1892	1513.6	700.1	604.4	619	270.1	485.4	277.9	140.4	0	0	1	0.070701354	0.040544007	0.040105223	0.032084179	0.014840204	0.012811626	0.013121106	0.005725381	0.010289152	0.00589072	0.002976096	0	0		
D4GS21	glyceraldehyde-3-phosphate dehydrogenase (NAD(P)(+)) (phosphorylating)	37655.8	10	FALSE	10	10	9	9	10	10	9	7	7	7	5	5	3	3	2598.8	1556.6	1353.8	1577.1	1512.7	1091.8	1191.5	622.8	597	673.4	380.1	392	186	159	1	0.598968755	0.520932738	0.606857011	0.582076343	0.420116977	0.458480837	0.239649069	0.22972141	0.259119594	0.146259812	0.150838849	0.071571495	0.061182084		
D4GP50	Cobalt-precorrin-7 C5-methyltransferase	28556.36	14	FALSE	14	11	11	11	10	7	4	6	3	2	1	0	0	0	19699.4	4331.1	2612.9	1718.1	1484.4	776.2	465.1	653.7	333.6	379.6	286.8	0	0	0	1	0.219859488	0.132638558	0.087215854	0.075352549	0.039402215	0.023609856	0.033183752	0.016934526	0.019269622	0.014558819	0	0	0		
D4GUI9	Transcription factor S	12159.18	3	FALSE	0	0	1	3	3	3	3	3	3	3	3	3	1	1	0	0	614.1	705.5	1481.7	3979.1	7535.4	14298.7	13590.5	15130.6	9415.7	4997.9	984.4	358.4	0	0	0.040586626	0.046627364	0.097927379	0.262983623	0.498023872	0.945018704	0.898212893	1	0.622295216	0.33031737	0.065060209	0.023687098		
D4GTU6	ArsR family transcription regulator	24119.14	5	FALSE	5	4	4	3	4	5	2	2	2	2	1	1	1	1	58411	877.3	457.8	1110.4	1479.4	2867.8	3353.9	3167.9	2273.6	4684.4	7271.3	17401.2	33921.1	75378	0.774907798	0.011638674	0.00607339	0.014731089	0.019626416	0.038045584	0.044494415	0.042026851	0.030162647	0.062145454	0.096464486	0.230852503	0.450013266	1		
D4GU71	Probable low-salt glycan biosynthesis reductase Agl14	31977.12	8	FALSE	7	8	8	7	6	4	3	1	2	0	1	0	0	0	2662.2	10893.1	6438.7	3341.3	1479.2	390.9	100.8	26.7	44.6	0	10	0	0	0	0.24439324	1	0.591080592	0.306735456	0.135792382	0.035885102	0.009253564	0.002451093	0.004094335	0	0.000918012	0	0	0		
D4GX07	"Probable GTP 3',8-cyclase"	36200.49	20	FALSE	9	20	20	18	18	11	5	2	0	0	0	0	0	0	173.3	5581.7	3943.6	2774.8	1477.2	204.2	20.8	5.7	0	0	0	0	0	0	0.031047889	1	0.706523102	0.497124532	0.264650554	0.036583836	0.003726463	0.001021194	0	0	0	0	0	0		
D4GZA7	ArsR family transcription regulator	19832.22	22	FALSE	1	2	2	7	13	14	16	20	22	22	22	21	19	16	457.4	3	6.9	148.9	1475.6	2588	7585	27844.2	55161.2	146952.8	144570	121241.6	66497.3	41792.5	0.003112564	2.04E-05	4.70E-05	0.001013251	0.010041319	0.017611097	0.051615213	0.189477165	0.375366784	1	0.98378527	0.825037699	0.45250788	0.284394037		
Q9HHA2	Thermosome subunit 3	55241.87	23	FALSE	22	20	19	19	18	15	13	14	10	8	7	2	1	1	2085.6	1176.3	1073.2	1395.4	1466.2	717.4	383.7	511.1	310.1	320.9	285.5	64.8	61.7	107.7	1	0.564010357	0.514576141	0.669064058	0.703011124	0.343977752	0.183975834	0.245061373	0.148686229	0.153864595	0.136891063	0.031070196	0.029583813	0.051639816		
D4GU82	RND superfamily permease	89505.23	6	FALSE	1	4	4	4	4	5	5	5	3	3	3	2	3	3	12.1	127.4	289.3	918.4	1463.1	1293	1262.9	1720	903.7	871.4	447	333.6	513.2	903.4	0.007034884	0.074069767	0.168197674	0.533953488	0.850639535	0.751744186	0.734244186	1	0.525406977	0.506627907	0.259883721	0.193953488	0.298372093	0.525232558		
D4GTI5	dUTP diphosphatase	17345.22	8	FALSE	8	3	3	4	2	2	3	3	2	1	1	1	1	0	194853.5	2902.3	1576.6	1868.4	1456.6	1157.9	1243	1450.7	365.2	377.5	315.9	283.9	140.8	0	1	0.01489478	0.008091207	0.009588742	0.00747536	0.005942413	0.006379152	0.007445081	0.001874229	0.001937353	0.001621218	0.001456992	0.000722594	0		
D4GVF7	NADH-quinone oxidoreductase subunit C/D	63483.56	25	FALSE	25	21	20	22	21	20	18	16	17	16	15	12	5	2	5477.9	1476.7	1152.2	1409.8	1438.7	919.8	784.4	908.9	729.9	1015.6	802.9	499.9	182.7	62	1	0.269574107	0.210336078	0.257361398	0.262637142	0.167911061	0.14319356	0.165921247	0.133244492	0.185399514	0.146570766	0.091257599	0.033352197	0.011318206		
D4GP86	DUF336 family protein	14264.01	8	FALSE	2	0	3	5	7	8	8	8	8	8	6	6	4	0	61.8	0	99.2	497.3	1432.8	2943.2	4980.6	9440	8827.4	13118	7640.8	4337.8	1609.3	0	0.004711084	0	0.007562128	0.037909742	0.109223967	0.22436347	0.37967678	0.719621894	0.672922702	1	0.582466839	0.330675408	0.122678762	0		
O30561	Thermosome subunit 1	58925.27	13	FALSE	12	12	12	12	13	11	8	12	9	6	4	0	1	0	1157.1	1137.3	857.9	815.5	1432.2	724	228.7	734.8	255.6	277.1	121.7	0	17.4	0	0.807917889	0.794093004	0.599008518	0.569403715	1	0.505515989	0.159684402	0.513056836	0.178466695	0.193478564	0.084974166	0	0.012149141	0		
D4GX89	Integrase family protein	23599.46	9	FALSE	0	0	3	8	8	9	9	8	8	5	2	0	0	0	0	0	339	1436.5	1429.1	2386.7	2493.8	1833	795.2	469.7	62.3	0	0	0	0	0	0.135937124	0.576028551	0.573061192	0.957053493	1	0.735022857	0.3188708	0.188347101	0.024981955	0	0	0		
D4GYJ8	Signal peptidase I	30314	2	FALSE	0	1	1	2	2	2	2	2	2	2	2	1	1	1	0	20.7	98.3	395.1	1429	2143.8	4215.1	5364.1	3623.2	4596.8	5032	3749.3	1798.3	1366.3	0	0.003858988	0.018325535	0.073656345	0.266400701	0.399656979	0.785798177	1	0.675453478	0.856956433	0.938088403	0.698961615	0.335247292	0.254711881		
D4GXZ7	HAD superfamily hydrolase	24391.63	6	FALSE	0	6	6	5	6	4	0	0	1	1	1	1	1	1	0	2236.7	2119.6	1426.1	1424.3	94.7	0	0	1060.9	1152.2	917.6	972.7	626.1	305.3	0	1	0.947646086	0.637591094	0.636786337	0.04233916	0	0	0.474314839	0.515133903	0.410247239	0.434881745	0.279921313	0.13649573		
D4GSD8	Peptidase M23 family protein	32071.71	8	FALSE	3	8	8	7	7	6	3	1	1	1	0	0	0	0	108.1	6541.9	6022.5	3056.8	1416.8	381.3	86.3	15.5	7.7	17.8	0	0	0	0	0.016524251	1	0.920604106	0.467264862	0.216573167	0.058285819	0.013191886	0.002369342	0.001177028	0.002720922	0	0	0	0		
D4GWD4	Receiver box response regulator / HalOD1 domain protein	26531.53	4	FALSE	4	4	3	3	4	3	3	4	3	3	3	3	2	2	3441.6	1509.4	1487	1455.8	1391.2	819.5	722.7	848.2	653.6	910.6	580.8	470.1	79.7	89.5	1	0.438575081	0.432066481	0.42300093	0.40423059	0.238115993	0.20998954	0.246455137	0.189911669	0.264586239	0.168758717	0.136593445	0.023157834	0.026005346		
D4GZF9	L-lactate dehydrogenase	34569.37	12	FALSE	6	12	11	12	9	7	2	1	0	0	0	0	0	0	477.6	8615	4309.7	2580.9	1382.9	302	61.8	10.4	0	0	0	0	0	0	0.055438189	1	0.500255369	0.299582124	0.160522345	0.035055136	0.007173535	0.001207197	0	0	0	0	0	0		
D4GVS4	Sulfate adenylyltransferase small subunit-like protein	37552.79	20	FALSE	19	12	11	8	8	6	4	4	3	1	3	1	0	0	601656.1	7973.3	3487.2	1641.1	1377.6	426.7	399.8	332.6	220.8	29.6	1613.5	76.5	0	0	1	0.013252255	0.005796002	0.002727638	0.00228968	0.000709209	0.000664499	0.000552807	0.000366987	4.92E-05	0.002681765	0.000127149	0	0		
D4GUC3	Methionine--tRNA ligase	81936.37	10	FALSE	9	9	9	9	9	7	6	7	5	3	0	0	0	0	2247.1	5452.5	3160.1	2103.9	1350.3	708.8	422.5	409.9	109	136.7	0	0	0	0	0.412122879	1	0.579569005	0.385859697	0.247647868	0.129995415	0.077487391	0.075176525	0.01999083	0.025071068	0	0	0	0		
D4GVH4	Xaa-Pro dipeptidase	39961.18	38	FALSE	38	28	24	20	17	11	9	8	3	1	0	0	1	0	396473.4	7882.3	4136.9	1763.7	1331.5	559.3	326.7	380.9	141.2	6.1	0	0	3.8	0	1	0.019881031	0.010434244	0.00444847	0.003358359	0.001410687	0.000824015	0.00096072	0.00035614	1.54E-05	0	0	9.58E-06	0		
D4GY37	YneT family protein	15114.68	5	FALSE	0	0	1	2	4	5	5	5	5	5	3	4	2	0	0	0	12	184.7	1326.9	3415.8	7205.8	11207.8	8242.2	8531.3	2885.1	1402	198.8	0	0	0	0.001070683	0.016479595	0.118390764	0.304769892	0.642927247	1	0.735398562	0.761193098	0.25741894	0.125091454	0.017737647	0		
D4GS20	Phosphoglycerate kinase	43636.21	43	FALSE	43	21	21	18	15	12	9	13	6	8	3	2	3	2	359383.6	2840.8	1844.7	2224.5	1320	880.4	740.1	610.2	239.2	573.4	207	222.8	435.6	687	1	0.007904646	0.005132955	0.006189765	0.003672956	0.00244975	0.002059359	0.001697907	0.000665584	0.00159551	0.000575986	0.00061995	0.001212075	0.001911606		
D4GWQ1	Probable aminomethyltransferase	39718.84	22	FALSE	22	11	9	6	4	3	3	2	2	1	0	0	0	0	170444.8	7309.4	4668.4	2426.1	1311.4	711.2	528.7	413.4	449	58.5	0	0	0	0	1	0.042884265	0.027389513	0.014233934	0.007693987	0.004172612	0.003101884	0.002425419	0.002634284	0.00034322	0	0	0	0		
D4GW15	Ribonuclease P protein component 3	25593.41	12	FALSE	0	0	2	9	10	12	12	12	12	9	4	0	0	0	0	0	16	494.1	1274.9	1643.8	2095.9	2093.6	1216.3	777	229.1	0	0	0	0	0	0.007633952	0.23574598	0.608282838	0.784293144	1	0.998902619	0.580323489	0.370723794	0.10930865	0	0	0		
D4GSR6	DUF2103 family protein	26357.47	13	FALSE	2	13	13	13	13	10	4	2	2	0	0	0	0	0	55.7	3563.4	2773.6	2030.1	1272.3	334.6	100.8	59.5	27.9	0	0	0	0	0	0.015631139	1	0.778357748	0.569708705	0.357046641	0.093899085	0.028287591	0.016697536	0.007829601	0	0	0	0	0		
D4GP78	N-methylhydantoinase (ATP-hydrolyzing) A	54030.73	15	FALSE	14	10	9	9	7	5	8	4	4	3	2	1	0	0	11534.2	584.6	318.9	600.4	1240	256.3	229.3	191	109.3	156.8	55.6	11.8	0	0	1	0.050684053	0.027648211	0.052053892	0.107506372	0.022220874	0.019880009	0.016559449	0.009476167	0.013594354	0.004820447	0.001023045	0	0		
D4GTL0	Twin-arginine translocation signal domain-containing protein	20349.52	3	FALSE	3	3	3	3	3	3	1	3	2	1	1	2	3	2	26984.8	3050	1622.6	1318	1225.2	881	47.4	1148.7	224.8	1093.4	2146.6	9815	23458.7	34770	0.776094334	0.087719298	0.046666667	0.037906241	0.035237274	0.025337935	0.001363244	0.033037101	0.006465344	0.031446649	0.06173713	0.282283578	0.674682197	1		Tat/SPII
D4GU84	Secreted glycoprotein	55575.27	12	FALSE	12	10	10	10	10	10	6	7	7	3	2	1	0	0	4606.2	2297.1	1671.1	1534.1	1217.7	625.8	296.9	380	195.4	96.6	42.6	28.5	0	0	1	0.498697408	0.362793626	0.333051105	0.264361079	0.135860362	0.064456602	0.082497503	0.042421085	0.020971734	0.009248404	0.006187313	0	0		Sec/SPI
D4GSZ8	2-oxoacid dehydrogenase E1 component beta subunit	36012.4	9	FALSE	9	9	9	9	9	6	6	4	4	2	1	1	1	0	1932.4	1235.9	1210.6	1275	1216.6	390.5	333.4	376.5	260.4	190.3	105.7	38.7	22.5	0	1	0.639567377	0.62647485	0.659801283	0.629579797	0.202080315	0.172531567	0.194835438	0.134754709	0.098478576	0.05469882	0.02002691	0.011643552	0		
D4GR45	Hydantoin racemase	28562.51	7	FALSE	7	6	5	6	5	5	3	3	0	2	0	0	0	0	6727.2	1767.7	1423.8	1298.2	1202.5	554.4	419.8	380.6	0	319.8	0	0	0	0	1	0.262769057	0.211648234	0.192977762	0.178751932	0.082411702	0.062403377	0.056576287	0	0.047538352	0	0	0	0		
D4GXF1	Pyruvate--ferredoxin oxidoreductase alpha subunit	68469.74	15	FALSE	15	13	14	14	14	14	13	12	10	9	5	5	4	0	1770.2	864.3	1149.9	1240.4	1200.6	863.6	693.5	566	420	461.5	189.2	189.8	158.4	0	1	0.488249915	0.649587617	0.700711784	0.678228449	0.48785448	0.391763643	0.319737883	0.237261326	0.260705005	0.106880578	0.107219523	0.089481415	0		
D4GY41	TrmB family transcription regulator	13671.26	5	FALSE	5	5	5	4	4	3	3	4	3	2	2	0	0	0	8495.1	3679.1	1869.7	1328.4	1179	944.2	1118.9	1438.9	643.1	669.6	279.1	0	0	0	1	0.433084955	0.220091582	0.156372497	0.138785888	0.111146426	0.131711222	0.169379996	0.075702464	0.078821909	0.032854234	0	0	0		
D4GUD1	Small CPxCG-related zinc finger protein	8990.99	3	FALSE	0	1	1	2	1	0	1	1	1	2	2	2	2	2	0	899.5	1061	1343.9	1177.4	0	1734.3	2063.3	20.9	890.2	2260.9	5360.9	5292.8	6266.7	0	0.143536471	0.16930761	0.214450987	0.187881979	0	0.276748528	0.329248249	0.003335089	0.142052436	0.360779996	0.855458216	0.844591252	1		
D4GPD9	PQQ repeat protein	42656.93	4	FALSE	4	4	4	3	3	1	1	1	1	1	1	0	0	0	98.1	393	612.1	1103.9	1175.6	119.5	202.3	231.4	150.8	681.3	499.1	0	0	0	0.083446751	0.33429738	0.520670296	0.939009867	1	0.101650221	0.172082341	0.196835658	0.128274923	0.579533855	0.424549166	0	0	0		Tat/SPII
D4GWH6	YcgG family protein	30507.6	11	FALSE	9	11	11	9	10	6	3	3	1	1	0	0	0	0	2008.6	4576.2	2378	1813.3	1174.8	691.8	545.3	471.5	322.8	290.8	0	0	0	0	0.438923124	1	0.51964512	0.396245793	0.256719549	0.151173463	0.119160002	0.103033084	0.070538875	0.063546174	0	0	0	0		
D4GY65	IMPACT family protein	22448.49	6	FALSE	0	0	2	4	6	5	6	5	6	6	2	2	0	0	0	0	11.2	280.4	1142.3	2178	3146.9	3989.3	2994.9	3026.7	371.2	89	0	0	0	0	0.00280751	0.07028802	0.286340962	0.545960444	0.788835134	1	0.750733211	0.758704535	0.093048906	0.022309678	0	0		
D4GSS1	dCTP deaminase	21235.73	9	FALSE	9	8	8	8	8	5	5	2	0	0	0	0	0	0	1419.6	1019.4	1378.5	1364.2	1122.1	314.5	110.6	39.8	0	0	0	0	0	0	1	0.718089603	0.971048183	0.960974923	0.790433925	0.221541279	0.07790927	0.028036066	0	0	0	0	0	0		
D4GTR3	Hsp20-type molecular chaperone	17748.21	10	FALSE	10	9	8	8	7	7	3	4	2	2	0	0	0	0	17654.8	2219.3	1435.5	1356.6	1117.3	375	120.1	179.7	88.4	56.5	0	0	0	0	1	0.125705191	0.081309332	0.076840293	0.063285905	0.021240682	0.006802683	0.010178535	0.005007137	0.003200263	0	0	0	0		
D4H0C6	Uncharacterized protein	13465.58	2	FALSE	0	0	0	1	1	2	2	2	2	2	2	1	1	0	0	0	0	115.2	1113.5	4567.6	10173.8	16701.3	15866.8	24281.7	10212.7	3960.2	959.1	0	0	0	0	0.004744314	0.04585758	0.18810874	0.418990433	0.68781428	0.653446834	1	0.420592463	0.163094017	0.039498882	0		
D4GYE1	PTS system fructose-specific EIIB component	16278.82	2	FALSE	0	2	2	2	2	2	1	2	0	1	0	0	0	0	0	124.6	602.7	1391.9	1107.4	853.3	138.6	214.6	0	112.8	0	0	0	0	0	0.089517925	0.433005245	1	0.795603132	0.613046914	0.099576119	0.154177743	0	0.081040305	0	0	0	0		
D4H0F8	IclR family transcription regulator	28900.23	13	FALSE	3	13	12	12	10	6	2	2	0	1	0	0	0	0	632.4	2941	2074	1564.9	1097.4	207.8	138.7	19.3	0	21.8	0	0	0	0	0.215028902	1	0.705202312	0.532097926	0.373138388	0.070656239	0.04716083	0.006562394	0	0.007412445	0	0	0	0		
D4GTB2	Uncharacterized protein	33520.27	2	FALSE	0	2	2	2	2	2	2	2	2	1	1	0	2	0	0	313.8	604.5	969.7	1085.4	1028.6	719.4	596.1	179.5	84.7	50.8	0	1387.9	0	0	0.226096981	0.435550112	0.698681461	0.782044816	0.741119677	0.518337056	0.429497802	0.129332084	0.061027452	0.036602061	0	1	0		
D4GW07	NRDE domain protein	27488.17	7	FALSE	0	6	6	6	7	4	0	1	0	1	2	1	1	1	0	1472.6	1168.3	1336	1076.6	562.8	0	779.6	0	2886.3	3271.3	3577.4	2461.2	2429.5	0	0.411639738	0.326577962	0.373455582	0.30094482	0.157320959	0	0.217923632	0	0.806815005	0.914435065	1	0.687985688	0.679124504		
D4GUE2	SirR/DtxR family transcription regulator SirR	25145.91	5	FALSE	5	4	3	3	3	2	2	2	2	1	0	0	0	0	3707.9	1550.6	1379	1611.9	1069.8	169.5	152.9	79.1	90.1	49.9	0	0	0	0	1	0.418188193	0.371908628	0.434720462	0.288519108	0.045713207	0.041236279	0.02133283	0.024299469	0.013457752	0	0	0	0		
D4GVH6	DRTGG domain protein	39826.28	32	FALSE	32	21	18	17	14	11	8	9	5	3	1	1	0	0	158167.8	3720.3	1790	1354.1	1062.5	574.4	195.1	319.6	100.1	106.2	29.1	16.4	0	0	1	0.023521222	0.011317095	0.008561161	0.006717549	0.003631586	0.0012335	0.002020639	0.000632872	0.000671439	0.000183982	0.000103687	0	0		
D4GZJ6	Glutaredoxin	9733.91	3	FALSE	0	2	1	3	3	3	3	3	3	3	3	3	3	2	0	77	65.3	509.7	1062.1	1050.1	1095.2	2936	3591.5	12141.5	18336.5	23929.2	18787.5	12849.1	0	0.003217826	0.002728884	0.021300336	0.044385103	0.043883623	0.04576835	0.122695284	0.150088595	0.507392642	0.766281363	1	0.785128629	0.536963208		
D4GTN7	Uncharacterized protein	10122.14	2	FALSE	2	1	2	2	2	1	1	1	1	1	1	1	0	0	5468.1	678.3	704.8	768	1053.7	340.7	319.8	618.4	410.9	586.8	423.3	474.7	0	0	1	0.124046744	0.128893034	0.140450979	0.192699475	0.062306834	0.058484666	0.113092299	0.075144932	0.107313326	0.07741263	0.086812604	0	0		
D4GSP6	AAA-type ATPase (MoxR subfamily)	34682.09	10	FALSE	3	10	10	10	10	8	5	6	3	2	2	0	0	0	71.5	1612.8	1273.4	1261.8	1045	439.7	339.3	899.8	471.8	84.9	589.1	0	0	0	0.044332837	1	0.789558532	0.782366071	0.647941468	0.272631448	0.210379464	0.557911706	0.292534722	0.052641369	0.365265377	0	0	0		
D4GSK5	Beta-lactamase domain protein	23639.18	9	FALSE	9	5	7	7	7	7	7	4	0	0	0	0	0	0	3092.3	106.9	343.5	807.3	1044.1	648.8	541	130.9	0	0	0	0	0	0	1	0.034569738	0.111082366	0.261067814	0.337645119	0.209811467	0.174950684	0.042330951	0	0	0	0	0	0		
D4H094	Tat pathway signal sequence domain protein	33513.25	3	FALSE	0	2	2	2	3	3	3	3	3	3	3	2	2	1	0	45.1	138	411.1	1034.9	1196	1560.8	2236.9	1885.8	2426.9	1401.3	873	574.9	325.7	0	0.018583378	0.056862664	0.169393053	0.426428777	0.492809757	0.643124974	0.921710825	0.777040669	1	0.577403272	0.359718159	0.236886563	0.134204129		Tat/SPI
D4GXS3	Pyrroline-5-carboxylate reductase	26835.72	7	FALSE	7	5	5	5	4	5	3	2	2	1	1	1	0	0	20720.3	2162.4	1398.5	1414.6	1020.6	654.6	569.6	483	263.3	379.2	239.1	228.6	0	0	1	0.104361423	0.067494197	0.068271212	0.049256044	0.031592207	0.027489949	0.023310473	0.012707345	0.018300893	0.011539408	0.011032659	0	0		
D4GZ66	Peptidyl-prolyl cis-trans isomerase	33784.3	11	FALSE	11	8	8	9	6	5	4	4	4	3	2	1	1	0	13595.5	1779.6	1437.8	1829.9	1017.8	641.4	515.5	654.5	424.8	679.8	287.4	148.7	133.2	0	1	0.130896252	0.105755581	0.134596006	0.074863006	0.047177375	0.037916958	0.048140929	0.031245633	0.050001839	0.021139348	0.010937443	0.009797359	0		
D4GRV6	DNA 3'-5' helicase	69641.65	30	FALSE	29	27	25	24	22	21	18	17	13	9	10	4	2	0	2908.7	1222.3	1169.1	1166.2	1011.7	524.6	394.3	478.4	481.6	752.1	1687.7	136	35.4	0	1	0.420222092	0.401932135	0.400935126	0.347818613	0.180355485	0.135558841	0.164472101	0.165572249	0.25856912	0.580224843	0.046756283	0.012170385	0		
D4GWS4	tRNA (cytidine(56)-2'-O)-methyltransferase	20020.3	22	FALSE	22	18	18	16	11	10	4	6	1	2	1	1	1	0	106346.3	10919.3	3961.2	1995.3	1005.3	260.7	111.1	85.5	8.1	24.8	44.7	274	124.9	0	1	0.102676821	0.037248122	0.018762289	0.009453079	0.002451425	0.0010447	0.000803977	7.62E-05	0.0002332	0.000420325	0.002576488	0.001174465	0		
D4GQL8	Uncharacterized protein	10287.44	6	FALSE	6	4	4	3	5	5	3	5	5	5	3	0	0	0	2825.6	4372.8	333.3	1827.2	997.1	435.4	299.9	808.6	660.4	863.4	461	0	0	0	0.646176363	1	0.076221186	0.417855836	0.228023235	0.09957007	0.068583059	0.184915843	0.151024515	0.197447859	0.105424442	0	0	0		
D4GQ21	Spo0M family protein	27262.98	7	FALSE	6	7	7	7	6	3	2	1	1	0	0	0	0	0	668.4	6477.3	3095.2	1379.2	989.6	99	16.8	14.8	7.8	0	0	0	0	0	0.103191144	1	0.477853427	0.212928226	0.152779708	0.015284146	0.002593673	0.002284903	0.001204205	0	0	0	0	0		
D4GUQ5	IclR family transcription regulator	28030.54	17	FALSE	17	11	12	13	15	11	6	1	0	0	0	0	0	0	10504.6	557.2	799.4	998.1	980.5	598.6	124.5	25.2	0	0	0	0	0	0	1	0.053043429	0.076099994	0.095015517	0.093340061	0.056984559	0.011851951	0.002398949	0	0	0	0	0	0		
D4GW83	Adenylosuccinate synthetase	48230.65	23	FALSE	23	19	20	18	18	18	15	15	8	7	4	5	3	1	5891.1	732.6	681	1069.9	976.5	672	492.8	557.3	277	271.6	168	190.5	99.4	26	1	0.124357081	0.115598106	0.181612942	0.165758517	0.114070377	0.08365161	0.094600329	0.047020081	0.046103444	0.028517594	0.032336915	0.01687291	0.004413437		
D4GTN5	FMN-binding domain protein	17411.5	4	FALSE	0	4	4	4	4	2	1	4	2	1	1	2	1	1	0	966	642.2	800.7	962.9	58.8	17	831.7	847.2	95.9	102.4	590.2	79.6	61.6	0	1	0.664803313	0.828881988	0.99679089	0.060869565	0.017598344	0.860973085	0.877018634	0.099275362	0.106004141	0.610973085	0.082401656	0.063768116		
D4GP44	"1,3-diaminopropane N-3-monooxygenase"	52038.43	9	FALSE	1	9	9	9	9	9	5	6	6	5	2	3	0	1	67	778.6	793.2	997.8	955.2	454.5	287.4	354.8	322.8	420.5	232.9	166.7	0	51.1	0.067147725	0.780316697	0.794948888	1	0.957306073	0.455502105	0.288033674	0.355582281	0.323511726	0.42142714	0.23341351	0.167067549	0	0.051212668		
D4GWR2	DUF88 family protein	16712.57	9	FALSE	0	9	9	8	8	7	4	5	4	4	1	0	0	0	0	1903.4	1576.5	973.2	950.2	407.7	153.3	493.2	359	478.5	29.1	0	0	0	0	1	0.828254702	0.511295576	0.499211937	0.21419565	0.080540086	0.259115267	0.188609856	0.251392245	0.015288431	0	0	0		
D4GXG2	Serine hydroxymethyltransferase	44348.84	23	FALSE	23	15	14	16	13	12	10	12	6	7	3	3	0	1	18937.3	1189.6	989.6	951.9	942.4	485.8	387.8	574.7	127.6	276.6	68.8	132.2	0	94.9	1	0.062817825	0.052256657	0.050265877	0.049764222	0.025653076	0.020478104	0.030347515	0.006738025	0.014606095	0.003633042	0.006980932	0	0.005011274		
D4GTA8	DUF302 family protein	16419.52	12	FALSE	12	10	8	6	4	4	3	2	2	1	1	0	0	0	135249.4	8891.1	6837.7	1977	908.9	438	477.6	177	99.7	129.8	80.8	0	0	0	1	0.065738554	0.050556232	0.01461744	0.006720178	0.003238462	0.003531254	0.001308693	0.000737157	0.000959709	0.000597415	0	0	0		
D4GU59	MarR family transcriptional regulator	9160.16	5	FALSE	0	0	0	2	4	4	4	4	3	2	3	2	2	2	0	0	0	254	896.1	1708.5	2822.9	2168.3	1369.5	1025.5	357.7	135.1	103.9	364.6	0	0	0	0.089978391	0.317439513	0.605228666	1	0.768110808	0.485139396	0.363278898	0.126713663	0.047858585	0.036806121	0.129157958		
D4GP62	Cobalt-precorrin-4 C11-methyltransferase	29688.42	5	FALSE	5	3	3	4	3	3	4	3	2	2	1	1	0	0	9071.2	1161.2	1035.4	1067.8	873	520.7	517.3	556.8	162.6	175.3	175.4	104.9	0	0	1	0.128009525	0.114141459	0.117713202	0.096238645	0.057401446	0.057026634	0.061381074	0.017924861	0.019324896	0.01933592	0.011564071	0	0		
D4GXC7	UPF0173 metal-dependent hydrolase HVO_1290	25689.1	2	FALSE	2	0	0	0	1	1	1	1	1	1	1	1	0	0	5596.4	0	0	0	869.7	1485.1	2514.3	3207.5	2817.9	2740.6	1284.6	672.8	0	0	1	0	0	0	0.155403474	0.265367022	0.44927096	0.573136302	0.50352012	0.489707669	0.229540419	0.120220142	0	0		
D4GVW9	Uncharacterized protein	41564.25	21	FALSE	18	11	15	14	15	17	16	19	19	18	15	12	7	4	2593.6	451.2	522.4	684.6	868.8	1118.5	1909.6	3594.1	3686.8	6080.3	4275.8	2618.7	1071.7	525.2	0.4265579	0.074206865	0.085916813	0.112593129	0.142887686	0.183954739	0.314063451	0.591105702	0.60635166	1	0.70322188	0.430685986	0.17625775	0.086377317		
Q48331	A-type ATP synthase subunit F	11582.81	12	FALSE	8	5	4	5	8	7	8	11	10	12	11	10	11	7	1951.5	332.7	517.2	595.1	866.9	1343.9	2602.8	9301	15975.2	33436	30463.4	22784.7	12419.6	6092.1	0.058365235	0.009950353	0.015468357	0.017798182	0.025927144	0.040193205	0.07784424	0.278173226	0.477784424	1	0.911095825	0.681442158	0.371443953	0.182201818		
D4GYR4	AlkP-core domain protein	57400.52	17	FALSE	17	10	9	9	9	6	2	6	1	2	0	1	0	0	5326.2	691.2	485.4	726.7	862.6	60.1	27.6	754.2	9.1	28.3	0	6.5	0	0	1	0.129773572	0.091134392	0.136438737	0.161954114	0.011283842	0.005181931	0.141601893	0.001708535	0.005313357	0	0.001220382	0	0		
D4GPB7	L-rhamnose 1-dehydrogenase	27976	4	FALSE	4	4	4	4	4	4	2	2	1	1	0	0	0	0	1093.1	1406.4	1848.5	1593.9	856	325.4	107	70	29	14.9	0	0	0	0	0.591344333	0.760833108	1	0.862266703	0.463078171	0.176034623	0.057884771	0.037868542	0.015688396	0.00806059	0	0	0	0		
D4GQU4	D-galactonate dehydratase	42560.05	10	FALSE	0	0	4	7	10	10	10	10	10	9	3	0	0	0	0	0	41.5	304.1	851.1	862.1	1009.9	1270.8	737.2	786.1	102.2	0	0	0	0	0	0.032656594	0.23929808	0.6697356	0.678391564	0.794696254	1	0.580107019	0.618586717	0.080421782	0	0	0		
D4GS74	Uncharacterized protein	15929.37	2	FALSE	0	0	2	2	2	2	2	2	1	1	0	0	0	0	0	0	124.8	364.4	848.3	756.2	521.1	428.1	102.5	211.9	0	0	0	0	0	0	0.147117765	0.429565012	1	0.891429919	0.614287398	0.504656372	0.120829895	0.249793705	0	0	0	0		
D4GX69	Chromosome partitioning protein	23228.99	7	FALSE	6	7	7	7	6	5	2	0	1	0	0	0	0	0	1056.4	1526.6	1162.7	888.9	841.8	418.4	183.4	0	77.3	0	0	0	0	0	0.691995284	1	0.761627145	0.582274335	0.551421459	0.274073104	0.12013625	0	0.050635399	0	0	0	0	0		
D4GUW2	PspA domain protein	30904.8	7	FALSE	7	4	6	6	4	3	2	2	2	2	2	1	0	0	1007.6	582	369.6	543.7	840.9	1222.9	1685.2	1811.3	1189.5	1497.9	890.4	125.8	0	0	0.556285541	0.321316182	0.204052338	0.300171148	0.464252195	0.675150444	0.930381494	1	0.65671065	0.826975101	0.491580633	0.069452879	0	0		
D4GXP2	histidine kinase	61152.45	9	FALSE	8	8	8	7	7	7	7	6	5	5	6	3	2	1	546.4	285.9	662.1	937.6	831.9	880.6	165	901.3	637.1	728.8	515.3	404.8	45.2	14.5	0.582764505	0.304927474	0.706164676	1	0.887265358	0.939206485	0.175981229	0.96128413	0.679500853	0.777303754	0.54959471	0.431740614	0.048208191	0.015465017		
D4GTF4	GTP-binding protein	36518.78	24	FALSE	24	15	15	14	10	9	6	6	3	5	3	1	0	0	245316.2	3319.8	1456.5	1042.1	831.8	316.2	310.6	352.6	408	1101.1	1095.3	1117	0	0	1	0.013532739	0.005937235	0.004247987	0.003390726	0.001288949	0.001266121	0.001437329	0.00166316	0.004488493	0.00446485	0.004553307	0	0		
D4GWT9	DUF1511 family protein	40342.12	4	FALSE	4	3	4	4	4	4	2	3	2	2	2	1	1	0	1214.6	399.1	432.7	680.1	820	509.4	335.5	306.3	144.1	73.1	121.3	61.8	71.3	0	1	0.328585543	0.356248971	0.559937428	0.675119381	0.419397332	0.276222625	0.252181788	0.118639881	0.060184423	0.099868269	0.050880948	0.058702453	0		
D4GYF1	Uncharacterized protein	9541.02	7	FALSE	0	0	1	2	5	6	7	7	7	6	6	5	3	1	0	0	15.5	79.2	804.7	2046.5	4855.2	9910	11512	22425.7	17047.6	12389.4	4801.1	1460.6	0	0	0.000691171	0.003531662	0.035882938	0.091256906	0.216501603	0.441903709	0.513339606	1	0.760181399	0.55246436	0.214089192	0.065130631		
A0A384L0Y7	Disk-determining factor A	7114.79	3	FALSE	0	0	0	1	2	2	2	3	3	3	2	2	2	2	0	0	0	223.2	803.6	1091.6	3403.3	6975.7	8089.6	11946.5	9487.4	5257.1	2712.6	1066.5	0	0	0	0.018683296	0.067266563	0.091374043	0.284878416	0.583911606	0.677152304	1	0.794157285	0.440053572	0.22706232	0.089273009		
D4GZ60	2-(3-amino-3-carboxypropyl)histidine synthase	39083.9	40	FALSE	39	31	24	20	16	14	8	6	5	4	0	0	1	0	92168.8	4246.3	1852.3	1351.7	803.1	256	50.2	64.5	103.9	97.8	0	0	23.5	0	1	0.046070905	0.020096822	0.014665483	0.008713361	0.002777513	0.000544653	0.000699803	0.00112728	0.001061097	0	0	0.000254967	0		
D4GTY2	Small ribosomal subunit protein uS14	6874.71	7	FALSE	3	4	4	4	4	4	3	6	7	6	6	7	7	6	205.1	1575.2	1084.1	1231.3	792.6	725.7	1082.2	11199.3	15762.2	27085	56325.8	59602.1	40895.6	33569	0.003441154	0.026428599	0.018188956	0.020658668	0.013298189	0.012175745	0.018157078	0.187901097	0.264457125	0.454430297	0.94503046	1	0.686143609	0.56321841		
D4GUD9	Deoxyribose-phosphate aldolase	21961.5	14	FALSE	14	10	8	5	5	3	2	2	1	1	1	0	0	0	347269.3	2957.1	1267.8	792.5	783	320.9	194.2	110.2	46.9	30.5	42.5	0	0	0	1	0.008515293	0.003650769	0.002282091	0.002254734	0.000924067	0.00055922	0.000317333	0.000135054	8.78E-05	0.000122383	0	0	0		
D4GRP3	IclR family transcription regulator	27911.98	22	FALSE	22	17	16	16	15	6	1	1	1	0	0	0	0	0	14118.4	3159.3	2170.7	1551.1	773.5	149.7	20.2	5.5	23.8	0	0	0	0	0	1	0.223771816	0.153749717	0.109863724	0.054786661	0.010603184	0.001430757	0.000389563	0.001685743	0	0	0	0	0		
D4GYV8	Tetratricopeptide repeat protein	27809.95	19	FALSE	19	18	15	13	9	8	3	6	2	2	1	0	0	0	33261.6	7530.1	2969	1740.6	757.5	292.2	70.2	214	411.7	13.2	13	0	0	0	1	0.226390192	0.089262092	0.052330615	0.02277401	0.008784905	0.002110542	0.006433846	0.012377637	0.000396854	0.000390841	0	0	0		
D4GQN6	CRISPR-associated protein Cas7	38183.69	20	FALSE	20	14	14	13	13	10	5	9	1	2	0	0	0	0	25178.4	1140	898.3	927.6	757.4	326.3	214.8	396.1	117.9	142.3	0	0	0	0	1	0.045276904	0.035677406	0.036841102	0.03008134	0.012959521	0.008531122	0.015731738	0.004682585	0.00565167	0	0	0	0		
D4GQ26	Aminopyrimidine aminohydrolase	29191.87	8	FALSE	5	8	8	8	7	6	4	1	0	0	0	0	0	0	58.4	2419.6	1830.3	1328	753.9	250.9	154.5	17	0	0	0	0	0	0	0.024136221	1	0.756447347	0.54885105	0.311580427	0.103694826	0.06385353	0.007025955	0	0	0	0	0	0		
Q9P9L2	Malate dehydrogenase	32654.02	9	FALSE	9	8	7	7	7	6	6	5	5	3	2	3	0	0	1920	1750	913	773.2	747.3	373.2	430.9	352.1	336.4	568.2	211.1	333.8	0	0	1	0.911458333	0.475520833	0.402708333	0.38921875	0.194375	0.224427083	0.183385417	0.175208333	0.2959375	0.109947917	0.173854167	0	0		
D4GZ04	Arginase	31017.2	8	FALSE	1	4	7	8	7	7	5	5	0	0	0	0	0	0	22.7	121.6	256.4	825.6	746.9	429.9	185.5	65.5	0	0	0	0	0	0	0.027495155	0.147286822	0.310562016	1	0.904675388	0.520712209	0.224685078	0.07933624	0	0	0	0	0	0		
D4GY29	Uncharacterized protein	13874	6	FALSE	0	0	0	2	6	6	6	6	6	6	4	3	2	0	0	0	0	21.8	733.2	1501.9	2350.9	3200.3	2113.8	1893.3	557.8	212.6	71.4	0	0	0	0	0.006811861	0.229103522	0.469299753	0.734587382	1	0.660500578	0.591600787	0.17429616	0.066431272	0.022310408	0		
D4GTH8	HK97 gp10 family phage protein	18661.02	10	FALSE	10	9	8	7	5	6	2	2	2	1	1	0	0	0	13696.6	3465.3	2138.1	1388.6	731.6	313.6	160.4	50	41.9	18	13.8	0	0	0	1	0.253004395	0.156104435	0.101382825	0.053414716	0.022896193	0.011710936	0.003650541	0.003059153	0.001314195	0.001007549	0	0	0		
D4GT48	Small ribosomal subunit protein eS27	6744.39	4	FALSE	1	1	1	1	1	1	1	1	1	3	3	4	4	4	556.9	443.9	249.8	606.2	727	482.9	645.1	1279.5	1854.5	7898.4	30272.6	93580.9	121024.5	119436.6	0.004601548	0.003667852	0.002064045	0.005008903	0.006007048	0.003990101	0.005330326	0.01057224	0.015323344	0.065262819	0.250136129	0.773239303	1	0.986879516		
D4GZD4	LarE family protein	32550.89	14	FALSE	13	11	8	9	9	8	7	7	5	3	4	0	1	0	10760.7	1366.7	743.4	804.7	714.5	388.3	172.6	243.2	126.9	91.4	105.7	0	115	0	1	0.127008466	0.069084725	0.07478138	0.066399026	0.036085013	0.016039849	0.02260076	0.011792913	0.008493871	0.009822781	0	0.010687037	0		
D4GQS1	Lipoprotein	20788.03	5	FALSE	0	2	3	3	4	5	4	4	4	3	3	2	1	0	0	494.8	590.6	767.1	714.4	592.7	753.8	966.9	952.2	1135.4	790.3	622.1	407.9	0	0	0.435793553	0.520169103	0.675620927	0.629205566	0.522018672	0.663906993	0.851594152	0.838647173	1	0.696054254	0.54791263	0.35925665	0		Tat/SPII
D4GQF3	HTH-10 family transcription regulator	23846.28	9	FALSE	9	8	9	6	8	6	5	6	4	3	2	3	1	1	2322	444.3	647.2	923.7	700.6	498.8	427.6	369.9	280.8	234.1	150.1	159.6	68.8	13.2	1	0.191343669	0.278725237	0.397803618	0.301722653	0.214814815	0.184151593	0.159302326	0.120930233	0.10081826	0.06464255	0.06873385	0.02962963	0.005684755		
D4GT84	Small CPxCG-related zinc finger protein	11280.45	5	FALSE	2	3	3	3	3	2	2	3	4	5	5	5	5	3	234.3	456.1	521.1	833.9	683.9	262.5	256.8	2237.7	3165.9	6573.9	13143.5	12672.5	8760.1	5541.3	0.017826302	0.034701564	0.039646974	0.06344581	0.052033324	0.019971849	0.019538175	0.170251455	0.240871914	0.500163579	1	0.964164796	0.666496747	0.42160003		
D4GU04	Uncharacterized protein	18542.55	9	FALSE	5	3	3	6	7	8	9	9	9	9	8	3	1	1	97	33.7	4.1	203.7	676.2	1127.9	1669.3	3121.8	2715.4	3858.3	2037.9	1063.1	139.4	51.2	0.025140606	0.008734417	0.001062644	0.052795273	0.175258534	0.292330819	0.432651686	0.809112822	0.703781458	1	0.528185989	0.275535858	0.036129902	0.013270093		
D4H0A8	Uncharacterized protein	13641.94	7	FALSE	7	5	5	6	4	5	4	4	4	4	2	0	0	1	33570.3	319.1	231.4	311.8	670.3	474.1	287.4	676.7	275.5	473	173.3	0	0	175.2	1	0.009505426	0.006892998	0.009287972	0.019967054	0.014122602	0.008561139	0.020157699	0.008206659	0.014089835	0.005162301	0	0	0.005218899		
D4GV71	Thioredoxin	15177.91	8	FALSE	0	0	0	3	5	7	8	8	8	6	6	5	5	1	0	0	0	165	665.3	1288.7	2278.2	3816.3	3351.2	4086.1	2547.2	2202.7	1270.3	594.7	0	0	0	0.040380803	0.162820293	0.31538631	0.557548763	0.933971268	0.82014635	1	0.623381709	0.539071486	0.310883238	0.145542204		
D4GTD8	Beta-lactamase domain protein	30091.36	9	FALSE	9	7	7	6	7	6	2	2	3	1	0	0	0	0	10038.9	874.8	681.7	725.8	655.5	298.5	80.5	208.5	62.2	36.8	0	0	0	0	1	0.087141021	0.067905846	0.072298758	0.065295999	0.029734333	0.008018807	0.020769208	0.006195898	0.00366574	0	0	0	0		
D4GVU6	HAD superfamily hydrolase	26287.86	9	FALSE	3	9	8	9	6	4	3	3	1	0	0	0	0	0	390.2	1661.9	1249.5	932.7	650.9	386.9	158.7	258.4	36.6	0	0	0	0	0	0.234791504	1	0.751850292	0.561225104	0.391660148	0.232805825	0.09549311	0.155484686	0.022022986	0	0	0	0	0		
D4H077	CcbP family protein	14413.97	12	FALSE	2	2	2	1	3	6	9	9	9	10	9	8	6	2	48.3	38.1	5.9	106.6	645.2	1972	7864.7	17895.8	23368.7	34899.1	21533.3	12483.8	4489.5	1836	0.00138399	0.001091719	0.000169059	0.00305452	0.018487583	0.056505755	0.225355382	0.512786863	0.669607526	1	0.617015912	0.35771123	0.128642286	0.052608807		
D4GSB2	Sulfite/nitrite reductase (Ferredoxin)	66605.35	39	FALSE	38	21	20	16	17	12	8	8	9	7	3	2	1	1	11844.7	1100.9	968	576.4	644.9	373.2	405.4	466.9	343.9	460.6	113.4	181.2	185.9	308.6	1	0.092944524	0.081724316	0.048663115	0.054446292	0.031507763	0.034226278	0.039418474	0.029034083	0.038886591	0.009573902	0.015297981	0.015694783	0.026053847		
D4GRY3	DUF5786 domain-containing protein	6328.48	4	FALSE	0	1	0	3	3	3	4	4	3	2	2	2	3	1	0	56.2	0	289.1	639.1	1581.9	3480.5	12433.6	18119	21148.9	12390.7	6322.3	7827.4	2509.2	0	0.002657349	0	0.013669742	0.030219066	0.074798216	0.164571207	0.587907645	0.856734866	1	0.585879171	0.298942262	0.370109084	0.118644469		
D4GVS7	AAA-type ATPase (CDC48 subfamily)	82816.83	21	FALSE	20	20	18	17	16	15	10	13	10	9	3	2	1	0	837.2	383.3	540.7	680.3	638.9	134.5	138.9	226.4	215.4	178.9	33.9	6.7	3.4	0	1	0.457835643	0.645843287	0.812589584	0.763139035	0.160654563	0.165910177	0.270425227	0.257286192	0.213688485	0.040492117	0.008002867	0.004061156	0		
D4GVF0	Ferredoxin	12628.82	9	FALSE	0	0	2	2	3	5	9	9	9	9	7	6	4	1	0	0	8.2	107.5	637	1756.6	5180.2	9499.4	11476.6	17850.9	9554.1	5556.8	2249.8	495.7	0	0	0.000459361	0.006022105	0.035684475	0.098404002	0.290192651	0.53215244	0.642914363	1	0.535216712	0.311289627	0.126032861	0.027768908		
D4H001	Small CPxCG-related zinc finger protein	16185.41	2	FALSE	0	1	1	2	2	2	2	2	2	2	1	1	1	1	0	314.5	110.4	474	626.7	747.7	1912	2824.2	2966.5	5929.7	5947.2	6234.7	5692.2	5055.5	0	0.050443486	0.017707348	0.076026112	0.100518068	0.119925578	0.30667073	0.452980897	0.47580477	0.951080244	0.953887116	1	0.912986992	0.810864998		
D4H069	ORC1-type DNA replication protein	44548.99	21	FALSE	21	14	14	14	14	10	4	6	3	2	1	1	0	0	20220.9	825.1	621.2	698.2	621.5	237.8	79.8	166.6	63.1	43.6	36.1	20.1	0	0	1	0.040804316	0.03072069	0.034528631	0.030735526	0.01176011	0.003946412	0.008239	0.003120534	0.002156185	0.001785282	0.000994021	0	0		
D4GVD5	2-phospho-L-lactate guanylyltransferase	21829.66	4	FALSE	3	2	2	3	3	3	3	3	2	1	0	0	0	0	636.2	35.8	139.7	282.8	616.8	510.2	502.6	298.6	139.4	92	0	0	0	0	1	0.056271613	0.219585036	0.444514304	0.969506445	0.801949073	0.790003144	0.469349261	0.219113486	0.144608614	0	0	0	0		
D4GVB2	Uncharacterized protein	17065.87	7	FALSE	0	0	4	5	7	7	6	6	3	2	0	0	0	0	0	0	41	301.3	608.3	385.8	313	268.1	101.4	48.3	0	0	0	0	0	0	0.067400953	0.495314812	1	0.634226533	0.514548742	0.440736479	0.166694065	0.079401611	0	0	0	0		
D4GWP7	Small CPxCG-related zinc finger protein	6605.34	2	FALSE	2	1	1	1	1	1	1	1	1	1	1	1	1	1	108271.5	944.4	525.6	695.6	605.9	397.8	394.3	339	233.7	468.9	485	767.1	951.1	1264.8	1	0.008722517	0.004854463	0.00642459	0.005596117	0.003674097	0.003641771	0.003131018	0.002158463	0.00433078	0.00447948	0.007084967	0.008784398	0.011681745		
D4GQG4	HTH domain protein	13479.67	4	FALSE	2	0	1	2	4	4	4	4	4	4	4	1	0	0	998.8	0	86.2	215.3	600.9	987.7	1643	2532.8	1374.1	1623.8	851.5	221.7	0	0	0.394346178	0	0.034033481	0.085004738	0.237247315	0.389963677	0.648689198	1	0.54252211	0.641108654	0.336189198	0.087531586	0	0		
D4GTA3	Amidohydrolase domain protein	35872.37	16	FALSE	16	11	5	4	1	1	1	2	2	1	0	1	0	1	4257.3	406.8	269.7	676	598.8	552.9	653.3	852.6	764.3	172.4	0	781.9	0	717	1	0.09555352	0.063350011	0.158786085	0.140652526	0.129871045	0.153454067	0.200267775	0.17952693	0.04049515	0	0.183661006	0	0.168416602		
D4GV80	Aminotransferase	41465.85	18	FALSE	18	15	10	13	13	9	8	7	5	4	2	3	0	0	9500.9	1145.6	587.8	714.9	598.8	339.8	284.4	293.8	230.3	414.5	405.5	482.8	0	0	1	0.120578051	0.061867823	0.075245503	0.063025608	0.035765033	0.029934006	0.030923386	0.024239809	0.043627446	0.042680167	0.050816238	0	0		
D4GVC0	TIGR01210 family protein	40000.48	11	FALSE	11	9	8	9	7	7	5	7	4	5	3	1	0	0	2456.3	948.4	716	756.3	597.3	202	118.8	175.8	45.1	108.2	32.1	12	0	0	1	0.386109189	0.291495339	0.307902129	0.243170622	0.082237512	0.048365428	0.071571062	0.018360949	0.044049994	0.013068436	0.004885397	0	0		
D4GZI5	Lrp/AsnC family transcription regulator	16914.85	7	FALSE	7	7	4	5	5	6	5	5	5	1	1	0	0	0	3977.6	1023.2	509.7	447.2	594.1	329.2	267.8	478.2	318.7	112.8	61	0	0	0	1	0.257240547	0.128142599	0.112429606	0.149361424	0.082763475	0.067327031	0.12022325	0.080123693	0.028358809	0.015335881	0	0	0		
D4GWJ6	DUF7124 domain-containing protein	15540.96	18	FALSE	0	0	0	0	4	4	10	13	15	18	18	18	18	15	0	0	0	0	590.2	868.2	3951.2	15407.1	41875.2	168549.1	239460.4	306913.8	193935.5	142786.9	0	0	0	0	0.001923016	0.002828807	0.012873973	0.050200089	0.136439613	0.549174068	0.780220375	1	0.631889149	0.465234538		
D4GRZ9	Enamine/imine deaminase	13571.87	2	FALSE	2	1	1	1	1	1	1	1	1	1	0	0	0	0	62396.8	1257.7	190.8	402.1	587.7	449.5	436.6	469.9	186.8	241.6	0	0	0	0	1	0.020156482	0.003057849	0.006444241	0.009418752	0.007203895	0.006997154	0.007530835	0.002993743	0.003871993	0	0	0	0		
D4GS06	Citrate synthase	41806.52	10	FALSE	9	9	7	8	7	8	7	6	6	5	3	1	0	0	2551.6	486.5	430.1	708.4	580	494.9	403.5	357.3	272.8	353.7	260.8	150.5	0	0	1	0.190664681	0.168560903	0.277629723	0.227308356	0.193956733	0.158136071	0.140029785	0.106913309	0.138618906	0.102210378	0.058982599	0	0		
D4GUT4	Cupin 2 barrel domain protein	10972.34	3	FALSE	0	3	3	3	2	2	2	1	1	0	0	0	0	0	0	223	632.4	750.4	575.4	424.6	309.2	81.2	95	0	0	0	0	0	0	0.29717484	0.842750533	1	0.766791045	0.565831557	0.412046908	0.108208955	0.126599147	0	0	0	0	0		
D4GUJ7	Proteasome-activating nucleotidase 1	45802.41	21	FALSE	21	15	19	15	18	14	14	9	6	8	4	5	0	0	2303.7	483.5	894.5	426.8	572.1	262.1	150.8	208.2	67.1	355.3	119.5	179.3	0	0	1	0.209879759	0.388288406	0.185267179	0.248339628	0.113773495	0.065459912	0.090376351	0.029127056	0.154230151	0.051873074	0.077831315	0	0		
D4GSJ2	OsmC domain protein	16638.49	6	FALSE	6	5	4	4	5	4	3	4	1	0	0	0	0	0	3301.2	351.5	64.4	306.5	570.8	242.7	44.6	179.2	36	0	0	0	0	0	1	0.106476433	0.019508058	0.092845026	0.172906822	0.07351872	0.013510239	0.054283291	0.010905125	0	0	0	0	0		
D4GXH5	Uncharacterized protein	5990.75	3	FALSE	3	2	2	2	2	2	2	3	2	3	3	3	2	2	321.6	162.2	172.9	409.8	554.5	516.4	750.2	2979.8	947.3	4267.3	3383.6	3594.1	1759.6	1694.7	0.075363813	0.038009983	0.040517423	0.09603262	0.129941649	0.121013287	0.175802029	0.698286973	0.221990486	1	0.792913552	0.842242167	0.412345043	0.397136363		
D4GVJ7	HEAT-PBS family protein	45549.84	5	FALSE	4	4	3	5	4	4	2	2	4	1	1	1	0	1	363.8	450.8	54.9	403.1	551.9	68.6	42.8	69	112.9	83.9	58.3	60.4	0	61.6	0.659177387	0.81681464	0.099474542	0.730385939	1	0.12429788	0.077550281	0.125022649	0.204566045	0.152020294	0.105635079	0.109440116	0	0.111614423		
D4GY50	3-hydroxyacyl-CoA dehydrogenase	30849.72	8	FALSE	3	8	8	8	7	7	5	5	2	1	1	0	0	0	53.6	1368.9	1062.8	970.2	551.9	232.7	150.5	101.8	27	37	32.6	0	0	0	0.039155526	1	0.776389802	0.708744247	0.403170429	0.169990503	0.109942289	0.074366279	0.019723866	0.027029001	0.023814742	0	0	0		
D4GRX2	HAD superfamily hydrolase	30446.51	10	FALSE	6	10	10	8	5	1	1	1	0	0	0	0	0	0	669.9	1963.8	864.3	491.2	543.8	11.8	1109.1	1249.9	0	0	0	0	0	0	0.341124351	1	0.440116101	0.250127304	0.276912109	0.006008759	0.56477238	0.636470109	0	0	0	0	0	0		
D4GW43	Amidophosphoribosyltransferase	53422.41	30	FALSE	29	12	8	8	6	3	3	1	2	1	1	0	0	0	27735.9	2023.4	885.4	4855.7	539.7	219.4	13.6	4.5	49.3	120.3	124.2	0	0	0	1	0.072952383	0.031922526	0.175069134	0.019458536	0.007910326	0.000490339	0.000162245	0.00177748	0.004337339	0.004477951	0	0	0		
D4GTE5	Kef-type transport system	66269.43	13	FALSE	13	11	9	9	7	2	1	1	0	0	0	0	0	0	11123.1	1054.7	947.5	1126.8	510.6	97.3	28	15.3	0	0	0	0	0	0	1	0.094820688	0.085183087	0.101302694	0.045904469	0.008747561	0.002517284	0.001375516	0	0	0	0	0	0		
D4GYR6	Uncharacterized protein	12268.22	10	FALSE	0	0	0	0	4	7	8	10	10	10	10	10	9	7	0	0	0	0	499.9	2480.6	10101.7	30085.2	44843.2	89237.1	66378.3	48278.2	17893.6	7415.6	0	0	0	0	0.00560193	0.027797855	0.113200676	0.337137805	0.502517451	1	0.743841967	0.541010409	0.200517498	0.083099966		
D4GYP9	glycine--tRNA ligase	64951.7	2	FALSE	2	1	2	1	2	1	1	1	1	2	1	1	1	1	6844.5	344.8	346.3	433.1	499.4	297.4	268.7	366.6	402.7	732.8	593.4	565.9	415.9	435.9	1	0.050376214	0.050595369	0.063277084	0.072963693	0.043450946	0.039257798	0.053561254	0.058835561	0.107064066	0.086697348	0.082679524	0.060764117	0.063686171		
D4GTY7	Small ribosomal subunit protein uS17	12664.36	6	FALSE	0	1	2	3	4	6	6	6	6	6	6	6	6	6	0	58.6	113.5	256.2	497.9	733.6	1247.3	4278.6	5184.5	9628.5	10348.9	8016.9	7527.8	4576.4	0	0.005662438	0.010967349	0.024756254	0.048111393	0.070886761	0.120524887	0.413435244	0.500971118	0.930388737	1	0.774662041	0.72740098	0.44221125		
D4GW49	Ribonuclease J	50114.6	39	FALSE	39	28	22	18	13	13	11	9	6	4	5	2	1	0	31554.4	4097.1	1569.1	743.5	496.5	238.3	222.5	390.9	80	107.7	117.9	52.5	2.7	0	1	0.129842431	0.049726821	0.023562483	0.015734731	0.007552037	0.007051315	0.01238813	0.002535304	0.003413153	0.003736404	0.001663793	8.56E-05	0		
D4GP76	DUF917 family protein	39412.04	12	FALSE	12	12	10	9	7	4	1	1	0	0	0	0	0	0	5334.4	3853.3	1903.8	1010.9	496.4	95.5	20.2	13.9	0	0	0	0	0	0	1	0.72234928	0.356891122	0.189505849	0.093056389	0.017902669	0.003786743	0.002605729	0	0	0	0	0	0		
D4GUG6	CTP synthase	60829.06	23	FALSE	22	16	16	17	15	12	9	10	8	8	4	2	2	1	5322.8	494.7	485.2	600.1	495.4	235	232.1	344	323.8	316	230	174.7	111.5	56.2	1	0.092939806	0.091155031	0.112741414	0.093071316	0.044149696	0.04360487	0.06462764	0.060832644	0.05936725	0.04321034	0.032821072	0.020947622	0.010558353		
D4GXS1	Glutamate 5-kinase	31990	22	FALSE	22	16	14	11	10	4	3	1	2	2	0	0	0	0	47976.1	3402.2	1756.3	1447.7	493.7	117.3	68.5	20.7	45	290.9	0	0	0	0	1	0.070914476	0.036607811	0.030175442	0.01029054	0.002444967	0.001427794	0.000431465	0.000937967	0.006063436	0	0	0	0		
D4GS83	Oxidoreductase	36356.29	29	FALSE	29	16	12	13	12	9	7	7	3	2	2	1	1	1	142265.2	1567	763.5	666.2	492.8	8421.9	198.4	241.2	55.8	74.7	223.1	50.6	44.9	69.2	1	0.01101464	0.005366738	0.004682804	0.003463953	0.059198595	0.001394579	0.001695425	0.000392225	0.000525076	0.001568198	0.000355674	0.000315608	0.000486416		
D4GU62	Low-salt glycan biosynthesis hexosyltransferase Agl9	40534.79	6	FALSE	0	0	0	6	6	6	6	6	6	5	3	0	0	0	0	0	0	185.8	488.2	402.6	319.8	558.7	363.2	316.5	81	0	0	0	0	0	0	0.332557723	0.873814212	0.720601396	0.572400215	1	0.650080544	0.566493646	0.144979417	0	0	0		
D4GTW8	TIGR00300 family protein	44855.08	19	FALSE	19	12	13	11	10	8	6	5	4	2	0	1	0	0	13712.4	507.1	634.4	568.7	485	212.5	187.1	172.6	72.5	113.9	0	7.9	0	0	1	0.036981127	0.046264695	0.041473411	0.035369447	0.015496922	0.013644584	0.012587147	0.005287185	0.00830635	0	0.000576121	0	0		
D4GS80	Small CPxCG-related zinc finger protein	13542.59	7	FALSE	0	0	0	0	4	4	6	6	6	7	5	4	2	0	0	0	0	0	481.7	921.1	2620.2	7108.7	7225.4	9369.6	5347.4	1869.7	1273	0	0	0	0	0	0.051410946	0.098307292	0.279649078	0.758698344	0.771153518	1	0.570718067	0.199549607	0.135864925	0		
D4GSE6	2-dehydro-3-deoxygluconokinase/2-dehydro-3-deoxygalactonokinase	34083.2	15	FALSE	15	15	14	14	11	7	3	3	1	1	0	0	0	0	4549.9	2598	1435.6	909.6	480.9	119.6	19.8	45.7	12.8	25.7	0	0	0	0	1	0.57100156	0.315523418	0.199916482	0.105694631	0.026286292	0.004351744	0.010044177	0.002813249	0.005648476	0	0	0	0		
D4GW17	Secreted glycoprotein	18858.19	2	FALSE	0	2	2	2	2	2	2	2	2	2	2	2	2	2	0	361.1	173.9	372.1	479.5	444.5	415.2	653.4	646.4	1352.5	1129.8	1033.6	1221.5	1432.7	0	0.2520416	0.121379214	0.259719411	0.334682767	0.310253368	0.289802471	0.456061981	0.451176101	0.944021777	0.788581001	0.721435053	0.852586026	1		Sec/SPI
D4GVD7	Tubulin-like protein CetZ1	42063.96	39	FALSE	39	18	11	15	9	4	4	3	3	0	0	0	1	0	325225	2435.8	824	649.3	473.2	43.8	10.4	52.1	13.7	0	0	0	83.5	0	1	0.007489584	0.002533631	0.001996464	0.001454993	0.000134676	3.20E-05	0.000160197	4.21E-05	0	0	0	0.000256745	0		
D4GVN2	TrkA domain protein	24453.4	10	FALSE	7	9	9	9	8	10	8	4	2	2	0	1	1	0	354.9	328.6	431.3	532.9	471.7	489.7	470.8	368.6	56.6	32.3	0	192.3	248.8	0	0.665978608	0.616626009	0.809345093	1	0.88515669	0.918934134	0.883467818	0.691686996	0.106211297	0.060611747	0	0.360855695	0.466879339	0		
D4GQ08	Dimethyl sulfoxide reductase transcriptional activator	22957.69	8	FALSE	3	7	7	8	7	5	2	4	0	0	0	0	0	0	48.2	1390.1	855.7	832.7	467.4	90.1	32.2	30.1	0	0	0	0	0	0	0.034673764	1	0.615567225	0.599021653	0.336234803	0.064815481	0.023163801	0.021653118	0	0	0	0	0	0		
D4GVJ8	Carbon-nitrogen hydrolase	27212.27	12	FALSE	11	4	6	7	8	9	9	7	7	4	5	4	0	0	1645.5	96.4	138	195.8	462.2	473.5	433.1	467.8	266.6	320	209.1	157.4	0	0	1	0.058584017	0.083865087	0.118991188	0.280887268	0.287754482	0.263202674	0.284290489	0.162017624	0.194469766	0.127073838	0.095654816	0	0		
D4GXW9	FAD-dependent oxidoreductase	51067.5	4	FALSE	1	4	4	4	4	4	3	4	4	1	0	0	1	0	151.9	201.4	175.5	370.8	457.7	213.8	325.7	333.2	89.8	81.8	0	0	627	0	0.242264753	0.321212121	0.279904306	0.59138756	0.729984051	0.340988836	0.519457735	0.531419458	0.143221691	0.13046252	0	0	1	0		
D4GZF6	Zinc-containing ferredoxin	11669.95	4	FALSE	0	0	1	2	2	2	3	4	4	4	4	3	3	3	0	0	43.9	234.8	456.8	860.4	2401.5	6192.3	9040.2	18651.5	15447.5	13275.8	6774	4692.6	0	0	0.002353698	0.0125888	0.024491328	0.046130338	0.1287564	0.332000107	0.484690239	1	0.82821757	0.711781894	0.363187947	0.251593706		
D4GVJ5	Hef-associated 3' exonuclease Han	69793.12	12	FALSE	11	9	10	9	10	8	6	6	3	4	2	0	0	0	370.6	160.8	169.8	310.2	455.6	341.8	277.2	215.6	45.6	47.4	19.2	0	0	0	0.813432836	0.352941176	0.372695347	0.680860404	1	0.750219491	0.608428446	0.473222125	0.100087796	0.10403863	0.04214223	0	0	0		
D4GXK0	Protein pelota homolog	39291.35	28	FALSE	28	23	16	11	8	3	0	1	2	0	0	0	1	0	44127.6	4013	2279.1	1034.7	446	68.8	0	5.6	61.6	0	0	0	6.2	0	1	0.090940817	0.051647948	0.02344791	0.010107053	0.001559115	0	0.000126905	0.001395952	0	0	0	0.000140502	0		
D4GX80	Lrp/AsnC family transcription regulator	17980.75	15	FALSE	15	12	11	5	5	5	2	2	0	1	0	0	0	0	9116.3	1313.6	1029.4	514.7	440.5	369.2	1094.4	361.7	0	18.8	0	0	0	0	1	0.144093547	0.112918618	0.056459309	0.048320042	0.040498887	0.120048704	0.039676184	0	0.00206224	0	0	0	0		
D4H053	Glycosyltransferase RgtA/B/C/D-like domain-containing protein	82672.75	5	FALSE	0	5	5	5	5	5	5	5	5	4	2	1	0	0	0	119	165.4	315.9	438.9	310.7	332.1	440.6	158.6	228.1	48.9	15.8	0	0	0	0.270086246	0.375397186	0.71697685	0.996141625	0.705174762	0.753744893	1	0.359963686	0.517703132	0.11098502	0.035860191	0	0		
D4GQV6	Transcription elongation factor TFS	11752.78	2	FALSE	0	0	0	2	1	2	2	2	1	2	1	2	0	0	0	0	0	244.3	436.9	745.2	1392.3	2687.2	1810.1	2139.9	1215.6	5136.9	0	0	0	0	0	0.047557866	0.085051296	0.145068037	0.271038953	0.523117055	0.352372053	0.416574198	0.236640776	1	0	0		
D4GS42	Dehydrogenase	10021.09	4	FALSE	0	0	2	3	3	3	3	4	4	3	4	4	2	1	0	0	36.6	76.6	429.9	267.3	363.6	3085.2	3151.5	1671.5	3642.3	3225.1	603.2	337.8	0	0	0.010048596	0.021030667	0.118029816	0.073387695	0.099827032	0.847047195	0.865249979	0.458913324	1	0.885456991	0.165609642	0.092743596		
D4GP53	ATP-dependent cobaltochelatase subunit ChlID	73309.35	14	FALSE	14	11	9	11	11	10	6	10	6	4	3	3	2	1	3364.6	502.8	424.5	494.8	425	261	187	329.3	154.2	135.9	175.5	190.3	51.1	34.7	1	0.149438269	0.126166558	0.147060572	0.126315164	0.077572371	0.055578672	0.097871961	0.045830114	0.040391131	0.052160732	0.056559472	0.015187541	0.010313262		
D4GXG9	Bifunctional protein FolD	31367.07	10	FALSE	9	7	5	6	5	4	5	3	3	2	0	1	0	0	9530.5	3626.9	454.1	1124.3	424.8	222.6	211.1	166.7	35.8	7	0	112	0	0	1	0.380557159	0.047647028	0.117968627	0.044572688	0.023356592	0.02214994	0.017491212	0.003756361	0.000734484	0	0.011751744	0	0		
D4GUW7	Tat pathway signal protein	21673.05	11	FALSE	0	0	0	1	6	9	11	11	11	9	8	4	2	0	0	0	0	25	423.8	1610.7	4730.9	7064.9	6548.1	6971.9	3190.2	967.3	132.3	0	0	0	0	0.003538621	0.059986695	0.227986242	0.66963439	1	0.926849637	0.986836332	0.451556285	0.136916305	0.01872638	0		Tat/SPI
D4GY82	Enoyl-CoA hydratase	28205.59	6	FALSE	5	4	3	4	6	0	2	4	1	0	1	0	0	0	222.7	55.7	6.2	253.8	422.7	0	19.9	713.8	4.3	0	5.9	0	0	0	0.311992155	0.078033062	0.008685906	0.355561782	0.592182684	0	0.027878958	1	0.006024096	0	0.008265621	0	0	0		
D4GVX2	DUF262 family protein	54936.86	30	FALSE	30	22	23	22	23	14	11	9	6	4	1	1	0	0	3969.3	422.8	426.7	467.6	422	131.5	62.8	89	49.7	46.7	29.1	15.5	0	0	1	0.106517522	0.107500063	0.117804147	0.106315975	0.033129267	0.015821429	0.02242209	0.012521099	0.011765299	0.007331267	0.003904971	0	0		
D4GXI7	AAA-type ATPase (CDC48 subfamily)	78165.33	24	FALSE	23	18	18	17	21	19	12	13	9	10	5	1	0	0	1209.9	387.5	337.6	410.7	420	248.2	197	223.5	98.5	277.7	97.7	64.6	0	0	1	0.320274403	0.279031325	0.339449541	0.347136127	0.205140921	0.162823374	0.18472601	0.081411687	0.229523101	0.080750475	0.053392842	0	0		
D4GSH7	Cell division protein FtsZ 2	42569.52	41	FALSE	41	25	19	19	14	7	4	4	3	1	2	0	0	0	134662.7	2221	762.6	806	417.8	127.4	76.7	105.3	60.3	23.3	121.1	0	0	0	1	0.01649306	0.005663038	0.005985325	0.003102567	0.000946067	0.000569571	0.000781954	0.000447785	0.000173025	0.000899284	0	0	0		
D4H002	Uncharacterized protein	15116.35	2	FALSE	0	0	0	0	1	1	1	2	2	1	2	1	0	0	0	0	0	0	416.8	396.9	596.6	1492.4	1541.7	333.7	3693	491.9	0	0	0	0	0	0	0.112862172	0.107473599	0.161548876	0.404115895	0.417465475	0.090360141	1	0.133197942	0	0		
D4GUM1	Transcription termination factor FttA	71946.83	48	FALSE	48	30	29	30	26	18	15	14	2	6	6	1	1	0	16795.2	609.4	455.5	528.2	414.8	173.8	120.2	156.9	31.4	90.1	78.2	8.7	2.5	0	1	0.036284176	0.027120844	0.031449462	0.024697533	0.010348195	0.007156807	0.009341955	0.001869582	0.005364628	0.004656092	0.000518005	0.000148852	0		
D4GZ38	DUF4349 domain protein	30997.39	2	FALSE	1	1	1	1	1	2	1	2	1	1	1	1	1	0	14.5	37.1	146.9	244.4	410.5	242.2	180.7	283.8	23.9	103.8	113.3	114.2	145.9	0	0.035322777	0.090377588	0.357856273	0.595371498	1	0.59001218	0.440194884	0.69135201	0.058221681	0.252862363	0.276004872	0.27819732	0.355420219	0		Sec/SPII
D4GZ33	Aminotransferase	40192.53	17	FALSE	17	12	10	10	10	8	3	4	1	1	0	0	0	0	54912.6	3155.6	1115.9	726.3	408.8	156.2	29.9	63.1	10.2	10.9	0	0	0	0	1	0.057465864	0.020321383	0.013226473	0.007444557	0.00284452	0.000544502	0.001149099	0.00018575	0.000198497	0	0	0	0		
D4GW84	Nucleoside diphosphate kinase	17490.31	5	FALSE	2	5	5	5	4	5	4	5	5	4	3	3	0	0	11.5	697.2	523.7	511.9	404.1	436.3	567.3	1027	787.3	903.8	367.4	167.4	0	0	0.011197663	0.678870497	0.50993184	0.498442064	0.393476144	0.424829601	0.552385589	1	0.766601753	0.880038948	0.357740993	0.162999026	0	0		
Q7ZAG7	3-isopropylmalate dehydratase large subunit	51620.46	27	FALSE	27	14	13	14	16	9	6	4	1	2	1	0	0	0	16497.9	491.1	340.9	330.4	403.4	92	65.9	53.5	22.1	28.6	10.2	0	0	0	1	0.029767425	0.020663236	0.020026791	0.024451597	0.005576467	0.003994448	0.003242837	0.001339564	0.001733554	0.000618261	0	0	0		
D4GQ05	Tat (Twin-arginine translocation) pathway signal sequence	25279.62	6	FALSE	1	5	6	6	6	5	3	2	2	2	3	2	3	2	5.8	360.9	405	614.1	399.6	231.7	146.8	183.2	184.9	487.3	812.2	1941.9	3624.4	8580.9	0.00067592	0.042058525	0.047197846	0.07156592	0.046568542	0.02700183	0.017107763	0.021349742	0.021547856	0.056788915	0.094652076	0.226304933	0.422379937	1		Tat/SPII
D4GSB1	Uncharacterized protein	11724.12	4	FALSE	0	1	2	2	2	2	2	4	3	3	4	4	4	4	0	108.8	388.5	588.6	396.7	345.7	278.1	658	491.6	1012.4	2017.9	3860.8	4404.3	4268.8	0	0.024703131	0.08820925	0.133642122	0.090071067	0.078491474	0.063142838	0.149399451	0.111618191	0.229866267	0.458165883	0.87659787	1	0.969234612		
D4GUH0	Uncharacterized protein	10844.02	3	FALSE	0	2	1	2	1	2	2	3	3	3	2	1	1	0	0	488	378.5	430.3	391.5	855.4	1916.2	4375.9	5031.5	7367.4	4613.2	2161.2	737.7	0	0	0.06623775	0.051374976	0.058405951	0.053139506	0.116106089	0.260091756	0.593954448	0.682941065	1	0.626163911	0.293346364	0.100130304	0		
D4GY43	Uncharacterized protein	8735.89	10	FALSE	0	0	0	0	1	1	3	4	6	7	8	9	10	7	0	0	0	0	390.7	81	1619.2	3703.2	10544.4	46710.3	97919.3	152569.1	130870.6	106066.2	0	0	0	0	0.002560807	0.000530907	0.010612896	0.024272281	0.069112291	0.306158324	0.64180296	1	0.857779196	0.69520106		
D4GVJ9	NamA family oxidoreductase	39627.81	15	FALSE	15	6	7	5	5	5	2	4	0	1	0	0	0	0	2127.9	24.2	74.8	157.2	389.6	254.2	17.7	84.2	0	11	0	0	0	0	1	0.011372715	0.035152028	0.073875652	0.183091311	0.119460501	0.00831806	0.039569529	0	0.005169416	0	0	0	0		
D4GQG9	5'-deoxynucleotidase	23190.62	14	FALSE	14	11	8	7	7	4	6	4	5	1	0	1	0	0	85662.6	1088.1	502.9	389.9	388.2	94.1	254.8	107.7	44.7	94.1	0	21	0	0	1	0.012702159	0.005870707	0.004551578	0.004531733	0.001098496	0.00297446	0.001257258	0.000521815	0.001098496	0	0.000245148	0	0		
D4GW59	Zinc-containing ferredoxin	11764.11	4	FALSE	0	0	0	2	1	2	3	4	4	4	4	4	3	2	0	0	0	241.1	386.2	864.1	1787.2	4218.1	13860.4	27368.3	20943.3	23427.7	14233.9	9953.4	0	0	0	0.008809462	0.014111216	0.031573024	0.065301827	0.154123566	0.506439932	1	0.765239346	0.856015902	0.520087108	0.363683532		
D4GZ82	Tyrosine--tRNA ligase	36111.2	6	FALSE	5	5	5	5	4	5	5	6	3	4	3	2	2	1	624.2	258.3	446.9	556.4	386	275.2	156.6	334.6	179.6	271.5	196	133.8	55.9	33.5	1	0.413809676	0.715956424	0.891380968	0.618391541	0.440884332	0.250881128	0.536046139	0.287728292	0.434956745	0.314001922	0.214354374	0.08955463	0.053668696		
D4GX00	Thioredoxin	12555.25	6	FALSE	0	0	0	0	4	5	6	6	6	6	5	5	1	0	0	0	0	0	383.3	940.6	2327	3882.7	3705.5	4564.1	2016.3	1045.9	50.8	0	0	0	0	0	0.083981508	0.206086633	0.509848601	0.850704411	0.81187967	1	0.441773844	0.229157994	0.011130343	0		
D4GWG4	Agmatinase	29410.2	17	FALSE	0	0	2	6	8	8	9	12	14	17	16	17	14	13	0	0	11.8	44.1	380.2	277.3	597.3	2181.6	4889.8	10748.5	10427	12255.7	10079.2	8895.4	0	0	0.000962817	0.003598326	0.0310223	0.022626207	0.048736506	0.178006968	0.398981698	0.877020488	0.850787797	1	0.822409165	0.725817375		
D4GQI2	UspA domain protein	17403.43	5	FALSE	0	0	1	4	4	4	4	4	3	3	1	1	1	1	0	0	8.2	146.8	376.4	284.4	201.9	238.9	40.8	145.5	215.1	573.9	577.3	450.9	0	0	0.014204053	0.254287199	0.652000693	0.492638143	0.349731509	0.413822969	0.070673826	0.252035337	0.37259657	0.994110514	1	0.781049714		
D4GRA9	Zinc ribbon domain-containing protein	18488.41	13	FALSE	0	0	0	4	7	9	11	12	13	13	12	12	12	9	0	0	0	26.1	374.6	1549.4	6207.5	21489.2	35819.3	76535.9	55269	43687	21774.2	12137.5	0	0	0	0.000341016	0.004894435	0.020244095	0.081105729	0.280772814	0.468006517	1	0.722131706	0.570804028	0.284496557	0.158585709		
D4GZ37	GTP-binding protein	42430.01	32	FALSE	32	16	8	4	4	3	1	2	0	0	0	0	0	0	94773.9	1937.8	231.7	184.4	374	59	6.2	60.1	0	0	0	0	0	0	1	0.020446558	0.002444766	0.001945683	0.003946234	0.000622534	6.54E-05	0.000634141	0	0	0	0	0	0		
D4GWT5	Mevalonate kinase	38264.83	8	FALSE	7	5	5	6	6	6	3	5	4	5	5	3	2	0	938.3	188.5	615.6	407.7	372.1	268.6	260.9	297.2	213.4	357.5	326.1	217.6	132	0	1	0.200895236	0.656080145	0.434509219	0.396568262	0.286262389	0.278056059	0.316743046	0.227432591	0.381008206	0.34754343	0.231908771	0.140679953	0		
D4GW94	Acyl-CoA dehydrogenase	41192.89	15	FALSE	15	13	11	12	8	7	7	5	2	2	1	0	0	0	4421.5	3003.1	561.8	2153.3	366.3	96.4	276.9	82.7	50.5	22	9.5	0	0	0	1	0.67920389	0.127060952	0.487006672	0.082845188	0.021802556	0.062625806	0.01870406	0.011421463	0.004975687	0.002148592	0	0	0		
D4GPC0	IclR family transcription regulator	28163.75	10	FALSE	8	10	10	10	9	5	1	1	0	0	0	0	0	0	425.2	682.2	793.7	715.9	364	88.1	20.3	6.5	0	0	0	0	0	0	0.535718785	0.85951871	1	0.901978077	0.458611566	0.110999118	0.025576414	0.008189492	0	0	0	0	0	0		
D4GS89	Uncharacterized protein	34329.04	7	FALSE	3	7	7	7	7	5	4	5	0	2	0	0	0	0	24.1	702.2	610	528.8	362.3	123	52.6	57.1	0	11.6	0	0	0	0	0.034320706	1	0.868698377	0.753061806	0.515949872	0.175163771	0.074907434	0.081315864	0	0.01651951	0	0	0	0		
D4GVQ2	TrmB family transcription regulator TrmB	39274.03	5	FALSE	4	3	3	3	4	4	3	3	2	3	1	1	0	0	367.7	278.5	272.2	314.4	355.4	215.5	183.9	143.9	62.6	155.9	68.5	68.2	0	0	1	0.757410933	0.7402774	0.855044874	0.966548817	0.586075605	0.50013598	0.391351645	0.170247484	0.423986946	0.186293174	0.185477291	0	0		
D4GZT3	Electron transfer flavoprotein alpha subunit	33519.08	8	FALSE	8	5	5	4	4	4	4	3	2	2	0	0	0	0	13969.8	455.4	228.2	297.3	351.4	210.8	161.7	122.1	23.5	50.4	0	0	0	0	1	0.032598892	0.016335237	0.021281622	0.025154261	0.015089693	0.011574969	0.008740283	0.0016822	0.003607783	0	0	0	0		
D4GXD0	Fumarylacetoacetase family protein	26273.03	3	FALSE	3	3	3	3	3	3	2	3	1	1	0	0	0	0	896.7	592.8	521.8	367.2	346.2	268.3	57.6	104.9	19.1	11.9	0	0	0	0	1	0.661090666	0.581911453	0.409501506	0.386082302	0.299208208	0.06423553	0.116984499	0.021300323	0.013270882	0	0	0	0		
D4GUV9	ABC-type transport system periplasmic substrate-binding protein (Probable substrate copper)	67099.77	15	FALSE	10	6	6	6	5	8	6	10	8	9	11	11	10	8	504.3	105.2	142.7	249.6	343.8	269.8	352.5	783	738.7	1197.5	1569.4	1907.9	1789.4	1869.8	0.264322029	0.055139158	0.074794276	0.130824467	0.180198124	0.141412024	0.184758111	0.410398868	0.387179622	0.627653441	0.8225798	1	0.937889827	0.9800304		Sec/SPI
D4GWX0	Enolase	42005.22	12	FALSE	12	10	9	8	6	6	4	5	4	2	2	1	1	0	8272	1659.8	694	609	339.1	113.4	180.1	145.7	86.9	104	66.1	53.1	31.6	0	1	0.200652805	0.083897485	0.073621857	0.040993714	0.013708897	0.021772244	0.017613636	0.010505319	0.012572534	0.007990812	0.006419246	0.003820116	0		
D4GXR6	Beta-lactamase domain protein	29292.94	4	FALSE	2	2	2	3	4	4	4	4	4	3	1	1	0	0	50.8	13.6	61.8	193.9	338.9	355.5	340.5	401	178.2	218.4	44.5	28	0	0	0.126683292	0.033915212	0.154114713	0.483541147	0.845137157	0.886533666	0.849127182	1	0.444389027	0.544638404	0.110972569	0.069825436	0	0		
D4GW54	Cyclase family protein	23652.3	21	FALSE	21	7	6	7	7	6	4	4	2	1	0	0	0	0	52258.3	369.4	115.2	320.2	337.8	256.8	79.2	73.5	21.1	21.1	0	0	0	0	1	0.007068734	0.002204435	0.006127256	0.006464045	0.004914052	0.001515549	0.001406475	0.000403764	0.000403764	0	0	0	0		
D4GYA4	Uncharacterized protein	10471.48	17	FALSE	0	0	0	0	1	8	10	16	15	16	17	15	13	11	0	0	0	0	333.6	3415.9	11471.2	46491.9	89800.2	202767.2	165157.7	109716.3	55993.7	28390.1	0	0	0	0	0.001645237	0.016846413	0.056573252	0.229287084	0.442873404	1	0.814518818	0.541094911	0.27614772	0.140013276		
D4GP84	ABC-type transport system periplasmic substrate-binding protein (Probable substrate dipeptide/oligopeptide)	62804.25	11	FALSE	8	6	5	6	5	5	3	3	0	1	0	0	0	0	290.9	191.5	139	294.2	329.6	244.4	111.3	73.2	0	28.5	0	0	0	0	0.882584951	0.581007282	0.421723301	0.892597087	1	0.741504854	0.337682039	0.222087379	0	0.086468447	0	0	0	0		Tat/SPII
D4GZ49	XerC/D-like integrase	39108.57	14	FALSE	9	14	14	13	6	5	2	0	0	1	0	0	0	0	895.6	3061.1	1814.5	1096.4	328.3	147.3	9.3	0	0	3.8	0	0	0	0	0.292574565	1	0.592760772	0.358171899	0.107249028	0.048119957	0.003038124	0	0	0.001241384	0	0	0	0		
D4GU95	Transcription initiation factor IIB	37377.52	26	FALSE	26	10	10	8	5	5	4	5	2	1	1	0	0	0	30955.4	247.8	199.8	274.9	321.3	289.3	200.6	206.2	75.6	109.2	47.1	0	0	0	1	0.008005065	0.006454447	0.008880518	0.010379449	0.009345704	0.006480291	0.006661196	0.002442223	0.003527656	0.001521544	0	0	0		
D4GYW2	Large ribosomal subunit protein eL31	10463.63	9	FALSE	2	4	3	4	4	7	5	8	9	8	9	9	9	9	16.1	53.6	56.7	80.6	318.3	599.8	1701.8	7790.2	21315	97087.2	168235.3	261694.3	220632.9	172643.4	6.15E-05	0.000204819	0.000216665	0.000307993	0.001216305	0.002291987	0.006503008	0.029768321	0.081449997	0.370994706	0.642869562	1	0.843094022	0.659714025		
D4GUM9	Pectin lyase domain protein	109785.02	11	FALSE	6	5	7	7	8	7	4	4	2	1	3	1	1	0	241.2	558.7	407.8	352.8	315.9	139.9	84.8	124	75.3	47.4	331.4	41.3	4560.9	0	0.052884299	0.122497753	0.089412177	0.077353154	0.069262646	0.030673771	0.018592822	0.027187616	0.016509899	0.010392686	0.072661098	0.00905523	1	0		Sec/SPI
D4GP79	DUF917 family protein	38464.19	6	FALSE	6	6	5	4	5	5	4	3	3	2	1	2	0	0	968.4	617.6	493.6	401.8	314.7	243.9	168.2	151.4	77.9	114.3	41.7	39.7	0	0	1	0.637752995	0.509706733	0.414911194	0.324969021	0.251858736	0.173688558	0.156340355	0.080441966	0.11802974	0.043060719	0.040995456	0	0		
D4GUB6	Pyruvate kinase	62042.14	18	FALSE	18	12	12	11	12	11	5	7	4	1	2	1	1	1	1942.2	204.9	287.7	333	312.9	174.4	145	88.6	67.7	62.2	63.5	34.1	21.9	28.5	1	0.105498919	0.148130985	0.171455051	0.161105962	0.089795078	0.074657605	0.045618371	0.034857378	0.032025538	0.032694882	0.017557409	0.011275873	0.014674081		
D4GWE9	siroheme decarboxylase	39620.94	30	FALSE	30	15	12	10	9	6	4	3	1	1	1	1	0	0	112021.8	2926.8	829	566	312.2	115.8	71.7	105.2	38.5	49.3	11.5	861	0	0	1	0.026127057	0.007400345	0.005052588	0.002786958	0.001033727	0.000640054	0.000939103	0.000343683	0.000440093	0.000102659	0.007686004	0	0		
D4GXS4	Uncharacterized protein	16096.58	4	FALSE	0	2	3	2	4	3	3	4	4	4	4	4	4	3	0	103.3	158.8	168.6	311.9	125	191.7	916.3	1176.2	2846.3	2987	2274.1	1515.6	1153.5	0	0.034583194	0.053163709	0.056444593	0.10441915	0.041848008	0.064178105	0.306762638	0.393773016	0.952895882	1	0.761332441	0.507398728	0.386173418		
D4GP54	PQQ repeat protein	44110.45	27	FALSE	26	26	19	18	12	4	1	1	0	0	0	0	0	0	33013.5	5326.3	1812.3	964.6	306.9	17.6	11.2	9.3	0	0	0	0	0	0	1	0.161337029	0.054895724	0.02921835	0.009296197	0.000533115	0.000339255	0.000281703	0	0	0	0	0	0		
D4GUL4	HD family hydrolase	26262.05	24	FALSE	24	11	8	7	6	6	1	2	1	1	1	0	0	1	77842.8	467.3	85	310.1	301	145.5	27.9	22.4	13.8	33.2	18.7	0	0	1839.6	1	0.006003124	0.001091944	0.00398367	0.003866767	0.001869152	0.000358415	0.000287759	0.00017728	0.000426501	0.000240228	0	0	0.023632243		
D4GSZ9	2-oxoacid dehydrogenase E1 component alpha subunit	36993.84	8	FALSE	7	8	7	6	7	5	1	2	0	0	0	0	0	0	899.9	595.7	396.5	321.1	297.9	117.6	28.3	91.5	0	0	0	0	0	0	1	0.66196244	0.440604512	0.356817424	0.331036782	0.130681187	0.031447939	0.101677964	0	0	0	0	0	0		
D4GP75	Lrp/AsnC family transcription regulator	20248.52	4	FALSE	4	1	1	1	1	1	1	1	1	1	0	0	0	0	15647.9	581.9	204.9	321.7	289.9	150.7	165.6	35.7	50.7	76	0	0	0	0	1	0.037187099	0.013094409	0.020558669	0.018526448	0.009630685	0.01058289	0.002281456	0.003240051	0.004856882	0	0	0	0		
D4GWU7	Aldehyde dehydrogenase	56171.04	7	FALSE	6	6	7	6	6	7	7	6	5	5	2	2	1	1	535.3	338.4	665.9	300.8	287.1	218	219.8	193.1	136	218.6	65.6	140	77.8	54.5	0.803874456	0.508184412	1	0.451719477	0.431145818	0.327376483	0.330079592	0.289983481	0.20423487	0.328277519	0.09851329	0.210241778	0.11683436	0.081844121		
D4GWJ3	HTH domain protein	32783.58	8	FALSE	8	7	5	5	6	2	2	2	0	1	0	0	0	0	4224.8	688.1	438.1	338.6	283.7	95.5	59.9	52.7	0	46.2	0	0	0	0	1	0.162871615	0.103697216	0.080145806	0.067151108	0.02260462	0.014178186	0.012473963	0	0.010935429	0	0	0	0		
D4GT46	Translation initiation factor 2 subunit alpha	29498.35	8	FALSE	7	6	7	7	5	6	1	1	1	0	1	0	0	0	888	556.3	612.5	514.3	281.9	94.7	6.6	11.7	23.2	0	16.7	0	0	0	1	0.626463964	0.689752252	0.579166667	0.317454955	0.106644144	0.007432432	0.013175676	0.026126126	0	0.018806306	0	0	0		
D4GT52	Uncharacterized protein	9914.93	2	FALSE	1	1	2	1	1	2	2	2	2	1	1	1	1	1	189.6	130.4	257.2	190.1	280.2	154.7	120.8	277.7	202	398.1	342.9	314.9	281.4	178.1	0.476262246	0.32755589	0.646068827	0.477518212	0.703843255	0.38859583	0.303441346	0.697563426	0.507410198	1	0.861341372	0.791007285	0.706857573	0.447375031		
D4GW32	Acyl-CoA dehydrogenase	41370.97	23	FALSE	23	14	13	9	8	7	4	2	1	1	2	0	0	0	12781.4	808.8	513.2	364.8	277.2	102.7	65.8	67.7	12.6	26.1	20.1	0	0	0	1	0.063279453	0.040152096	0.028541474	0.021687765	0.008035114	0.005148106	0.005296759	0.000985808	0.00204203	0.001572598	0	0	0		
D4GTV1	DUF7115 domain-containing protein	40730.19	6	FALSE	6	4	5	5	5	3	2	1	0	0	0	0	0	0	1118.7	318.9	352.7	274.8	275.8	166.3	160.6	5.4	0	0	0	0	0	0	1	0.28506302	0.31527666	0.245642263	0.246536158	0.148654688	0.143559489	0.004827031	0	0	0	0	0	0		
D4GV54	GNAT family acetyltransferase	9162.01	8	FALSE	0	0	0	0	2	5	6	8	8	8	8	8	8	7	0	0	0	0	274.1	975.4	4331.4	18535.4	47724.7	156499.8	162277.2	159215.9	84347	50475.1	0	0	0	0	0.001689085	0.006010703	0.026691365	0.114220605	0.294093687	0.964397956	1	0.981135366	0.519771108	0.311042463		
Q48333	A-type ATP synthase subunit B	51933.36	26	FALSE	26	15	14	12	10	8	7	6	3	3	2	1	0	0	60833.7	1421.6	457.2	425.5	271.4	126	80.9	115.6	52.4	46.1	33.1	24.1	0	0	1	0.023368626	0.007515571	0.006994478	0.004461343	0.00207122	0.001329855	0.001900263	0.000861365	0.000757804	0.000544106	0.000396162	0	0		
D4GS66	ABC-type transport system ATP-binding protein (Probable substrate sugar)	41923.6	24	FALSE	24	10	6	6	4	4	1	3	0	0	0	0	0	0	69685.5	837.9	77.4	67.8	270.9	127.4	37.2	77.4	0	0	0	0	0	0	1	0.012024022	0.001110705	0.000972943	0.003887466	0.001828214	0.000533827	0.001110705	0	0	0	0	0	0		
Q1XBW2	Chaperone protein DnaK	67250.24	11	FALSE	8	6	7	6	7	7	7	5	2	4	3	2	3	1	1478.3	162.7	162.7	197.9	267.5	311	244.5	239.1	84.3	304	235.9	120.6	413.2	496.7	1	0.110058851	0.110058851	0.133869986	0.180951092	0.210376784	0.165392681	0.161739836	0.057024961	0.205641615	0.159575188	0.081580193	0.279510248	0.335994047		
D4GVR0	Roadblock/LAMTOR2 domain-containing protein	14436.23	9	FALSE	0	0	0	2	3	6	9	9	9	8	7	1	0	0	0	0	0	48	266.5	448.9	1598	4993	4519.6	3299.8	1534.8	223.4	0	0	0	0	0	0.009613459	0.053374725	0.089905868	0.320048067	1	0.905187262	0.660885239	0.307390346	0.04474264	0	0		
D4GXS0	ThiJ/PfpI domain protein	20867.11	12	FALSE	12	10	9	6	5	0	0	3	0	0	1	1	0	0	46969	4162.2	19696	403.7	266.3	0	0	157.9	0	0	25.4	435.6	0	0	1	0.088615896	0.419340416	0.008595031	0.005669697	0	0	0.003361792	0	0	0.000540782	0.009274202	0	0		
D4GQB5	Rieske-type iron-sulfur protein (2Fe-2S)	13796.27	4	FALSE	0	0	0	2	3	3	4	4	4	4	2	1	1	0	0	0	0	61.2	262.5	468	838.3	1419.1	1244.1	2009.2	780.3	407.3	216	0	0	0	0	0.030459885	0.130649015	0.232928529	0.417230739	0.706301015	0.619201672	1	0.388363528	0.2027175	0.107505475	0		
D4GW79	Uncharacterized protein	43003.35	14	FALSE	14	10	11	8	7	9	7	5	3	0	0	0	0	0	4403.1	314.4	300	320.2	253.5	118.1	96.1	97.1	40.3	0	0	0	0	0	1	0.071404238	0.068133815	0.072721492	0.057573074	0.026822012	0.021825532	0.022052645	0.009152642	0	0	0	0	0		
D4GZS9	Radical SAM domain protein	37887.23	15	FALSE	15	12	11	10	9	5	2	1	0	1	0	0	0	0	5072.3	1280	569.4	476.1	248	65	31.7	25.1	0	12.2	0	0	0	0	1	0.252351004	0.112256767	0.093862745	0.048893007	0.012814699	0.00624963	0.004948445	0	0.002405221	0	0	0	0		
D4GSE0	Dihydroorotase	45460.67	32	FALSE	32	21	13	13	11	8	5	3	2	0	0	0	0	0	220445.6	3226.9	1073	657.1	245.5	127.1	109.5	65.6	10.9	0	0	0	0	0	1	0.014638079	0.004867414	0.002980781	0.001113653	0.000576559	0.000496721	0.000297579	4.94E-05	0	0	0	0	0		
D4GTL8	tRNA (pseudouridine(54)-N(1))-methyltransferase	21946.32	20	FALSE	20	15	13	10	8	4	1	2	0	0	0	1	0	0	83081.9	7644.3	2777.8	1354.7	244.2	102.6	81.1	1397.4	0	0	0	547.1	0	0	1	0.09200921	0.033434479	0.016305597	0.002939268	0.001234926	0.000976145	0.016819548	0	0	0	0.006585068	0	0		
D4GQS2	Uncharacterized protein	6358.84	5	FALSE	0	0	0	1	3	4	2	2	0	4	5	5	5	5	0	0	0	17.5	241.8	128.4	217	23.1	0	498.1	2819.7	6177.8	9076.3	10101.5	0	0	0	0.001732416	0.023937039	0.012710984	0.021481958	0.002286789	0	0.049309508	0.279136762	0.611572539	0.898510122	1		
D4GPJ9	ABC-type transport system periplasmic substrate-binding protein	43425.84	9	FALSE	9	7	7	3	5	3	2	1	2	3	3	2	3	2	8409.1	1260.2	542.6	179.7	238.1	67.5	33.9	59.1	107.1	796.4	1490.1	2784.1	3811.1	4993.8	1	0.14986146	0.064525336	0.021369707	0.028314564	0.008027018	0.004031347	0.007028101	0.012736202	0.094706925	0.17720089	0.331081804	0.453211402	0.593856655		Tat/SPII
D4GRL2	histidine kinase	95921.86	7	FALSE	4	5	5	7	7	7	5	6	4	3	2	1	0	0	27.5	10.3	45.7	102.6	228.7	254.4	37.7	257.7	16.1	23.6	14.5	10.3	0	0	0.106713232	0.039968956	0.17733799	0.398137369	0.887466046	0.987194412	0.14629414	1	0.062475747	0.091579356	0.056266977	0.039968956	0	0		
D4GRH1	"1,2-phenylacetyl-CoA epoxidase subunit C"	31303.47	9	FALSE	4	8	7	4	1	0	0	1	1	1	0	0	0	0	342.2	1224.4	413.7	266.8	224.7	0	0	23.3	32.8	59.3	0	0	0	0	0.279483829	1	0.337879778	0.217902646	0.183518458	0	0	0.019029729	0.026788631	0.048431885	0	0	0	0		
D4GZP7	4-alpha-glucanotransferase	56340.88	36	FALSE	36	19	14	13	9	6	5	3	2	2	0	0	0	0	64784.7	905.8	432.2	285.8	222.7	56.3	27.4	12.2	8	7.4	0	0	0	0	1	0.013981696	0.006671328	0.004411535	0.00343754	0.000869032	0.000422939	0.000188316	0.000123486	0.000114225	0	0	0	0		
D4GYH4	Dolichyl-monophosphooligosaccharide--protein glycotransferase AglB	113675.1	9	FALSE	9	4	6	4	6	5	4	4	4	4	4	5	4	4	480.7	32.8	50.4	92.3	221	309.3	470	1384.5	1316.5	2101.4	2064.8	2247.4	1650.9	1535.6	0.213891608	0.014594643	0.022425914	0.041069681	0.098335855	0.137625701	0.209130551	0.616045208	0.585788022	0.935036042	0.918750556	1	0.734582184	0.683278455		
D4GV52	Histidinol dehydrogenase	45434.02	6	FALSE	6	1	0	2	1	2	1	1	0	1	0	1	0	0	524.6	40.5	0	44	219.5	593.2	1560.6	2319	0	2356.4	0	785.6	0	0	0.222627737	0.017187235	0	0.018672551	0.093150569	0.251739942	0.662281446	0.984128331	0	1	0	0.333389917	0	0		
D4GVA0	DUF4350 domain protein	31847.56	8	FALSE	8	7	7	5	4	3	3	3	3	3	3	3	2	2	1771.4	1232.1	457.2	312.6	213.5	176.1	277.7	390.3	266.6	676.4	852.3	1271.3	1673.4	1506.7	1	0.695551541	0.258100937	0.176470588	0.120526138	0.099412894	0.156768658	0.220334199	0.150502427	0.381844868	0.481144857	0.71768093	0.944676527	0.85057017		Sec/SPI
D4GZV0	Peptide chain release factor subunit 1	46581.87	39	FALSE	39	14	11	10	8	8	5	5	4	3	1	0	0	0	107372.8	534.9	315.7	380.2	212	159.2	184.2	51.5	37.8	7	20.2	0	0	0	1	0.004981709	0.002940223	0.003540934	0.001974429	0.001482685	0.001715518	0.000479637	0.000352044	6.52E-05	0.00018813	0	0	0		
D4GRW5	ABCE1 family ribosome recycling factor	67254.77	27	FALSE	27	13	12	11	12	9	2	2	2	0	1	0	0	0	2224.3	147.6	96.9	127	211.7	201.4	267.4	5.1	3.6	0	8.5	0	0	0	1	0.066357955	0.043564267	0.057096615	0.09517601	0.09054534	0.120217597	0.002292856	0.001618487	0	0.003821427	0	0	0		
D4GWD0	HD family hydrolase	29863.64	7	FALSE	4	0	3	6	6	6	7	7	5	4	2	0	0	0	250.7	0	6.3	58.3	205.1	169.7	161.9	243.5	124.2	184.4	30.3	0	0	0	1	0	0.025129637	0.232548863	0.818109294	0.676904667	0.645791783	0.971280415	0.495412844	0.735540487	0.120861588	0	0	0		
D4GPM5	Cupin 2 barrel domain protein	14933.48	3	FALSE	2	0	0	1	2	2	2	3	2	3	1	0	0	0	33	0	0	52.9	203.4	360.7	227.8	434.7	132	77.6	44.2	0	0	0	0.075914424	0	0	0.121693122	0.467908903	0.829767656	0.524039568	1	0.303657695	0.178513918	0.101679319	0	0	0		
D4GXB9	Protein deglycase PfpI	21545.03	2	FALSE	2	2	2	2	2	2	2	1	1	0	0	0	0	0	92.4	27.9	17.7	171.4	203.4	68.8	128.8	81.6	29.3	0	0	0	0	0	0.454277286	0.137168142	0.087020649	0.842674533	1	0.338249754	0.633235005	0.401179941	0.144051131	0	0	0	0	0		
D4GT23	Aspartyl/glutamyl-tRNA(Asn/Gln) amidotransferase subunit B	55073.83	9	FALSE	8	8	8	6	7	4	5	5	5	3	2	1	0	0	281	168.9	131.3	156.6	201	154.7	151.5	177.5	168.7	249	43.6	24.8	0	0	1	0.601067616	0.467259786	0.557295374	0.715302491	0.550533808	0.539145907	0.631672598	0.600355872	0.886120996	0.155160142	0.088256228	0	0		
D4GSY0	NH(3)-dependent NAD(+) synthetase	29591.04	4	FALSE	4	4	4	4	3	3	1	1	0	1	1	0	0	0	953.8	472.6	266.9	214.2	191	72.2	4.3	74.8	0	122.9	139.9	0	0	0	1	0.495491717	0.279828056	0.224575383	0.200251625	0.075697211	0.004508283	0.07842315	0	0.128853009	0.146676452	0	0	0		
D4GXK8	Uncharacterized protein	46710.45	10	FALSE	0	0	0	2	5	5	7	7	9	7	6	4	1	0	0	0	0	21.1	190.6	263.4	431.9	734.6	1077.4	1121.1	896.1	538.9	22.3	0	0	0	0	0.018820801	0.170011596	0.234947819	0.385246633	0.655249309	0.961020426	1	0.799304255	0.480688609	0.019891178	0		Sec/SPI
D4GUY1	Molybdopterin adenylyltransferase	20752.38	2	FALSE	2	1	1	1	1	1	1	1	0	0	0	0	0	0	69.1	53.3	95.6	158.4	188.8	92.9	56.2	32	0	0	0	0	0	0	0.365995763	0.282309322	0.506355932	0.838983051	1	0.492055085	0.297669492	0.169491525	0	0	0	0	0	0		
D4GUL7	Proline--tRNA ligase	54942.46	15	FALSE	15	13	14	13	11	8	2	4	2	1	1	1	0	0	1666.2	410.1	351.1	234.4	187.7	99.9	37.9	66.1	51.5	15.1	3.5	32.4	0	0	1	0.246128916	0.210719001	0.14067939	0.112651542	0.059956788	0.022746369	0.039671108	0.030908654	0.009062538	0.002100588	0.019445445	0	0		
D4GUG4	Maltose O-acetyltransferase	20156.46	2	FALSE	2	0	0	1	2	2	2	2	1	1	1	0	0	0	523.4	0	0	30.3	187.4	144.9	410.1	417.7	146	108.5	54.2	0	0	0	1	0	0	0.057890715	0.358043561	0.276843714	0.78353076	0.798051204	0.278945357	0.207298433	0.103553687	0	0	0		
Q48329	A-type ATP synthase subunit E	22024.79	6	FALSE	6	5	5	4	4	3	1	3	1	2	1	1	0	0	757.2	570.4	356.6	321	184.3	41.2	38.4	51.5	27.2	37	89.4	45.3	0	0	1	0.753301638	0.470945589	0.423930269	0.243396725	0.054410988	0.050713154	0.068013735	0.035921817	0.048864237	0.118066561	0.059825674	0	0		
D4GQ22	Oxidoreductase (Aldo-keto reductase family protein)	37975.84	13	FALSE	11	13	13	10	8	4	4	2	1	0	0	0	0	0	1278.4	2195.3	1216.9	569.9	182.8	25.1	34.9	14.9	13.2	0	0	0	0	0	0.582334988	1	0.554320594	0.259600055	0.083268802	0.011433517	0.015897599	0.006787227	0.006012846	0	0	0	0	0		
D4GT16	Geranylgeranylglyceryl phosphate synthase	26473.72	11	FALSE	11	3	4	3	2	2	2	2	0	0	0	0	0	0	31923.3	216.9	221.7	254.7	181.3	57.2	91.9	71.9	0	0	0	0	0	0	1	0.00679441	0.006944771	0.007978498	0.005679237	0.001791795	0.002878775	0.002252273	0	0	0	0	0	0		
D4GXH4	"Peroxiredoxin OsmC, lipoyl-dependent"	14809.15	2	FALSE	1	2	2	1	1	1	1	1	1	1	0	0	0	0	1497.6	405.2	523.2	116	178.5	121.5	126.9	157.6	144.1	214.7	0	0	0	0	1	0.270566239	0.349358974	0.077457265	0.119190705	0.081129808	0.084735577	0.105235043	0.09622062	0.143362714	0	0	0	0		
D4GYK0	NamA family oxidoreductase	39289.45	15	FALSE	15	12	10	4	3	1	1	1	0	1	0	0	0	0	102671.3	2273.2	880.2	234	176.4	18.1	107	291.3	0	5.7	0	0	0	0	1	0.022140559	0.00857299	0.002279118	0.001718104	0.000176291	0.001042161	0.00283721	0	5.55E-05	0	0	0	0		
D4GSQ0	Peptidase M24 family protein	39984.72	9	FALSE	9	8	7	3	4	1	1	0	1	0	0	0	0	0	579.6	55.3	118	145.1	176.3	9.6	9	0	32.6	0	0	0	0	0	1	0.095410628	0.203588682	0.250345066	0.304175293	0.016563147	0.01552795	0	0.056245687	0	0	0	0	0		
D4GZM2	Phosphoribosylamine--glycine ligase	45504.2	25	FALSE	25	7	5	7	3	2	3	2	1	2	0	0	0	0	109856.6	590.2	215.6	216.9	176.3	112.6	129.3	65.2	13.9	38.1	0	0	0	0	1	0.005372458	0.001962558	0.001974392	0.001604819	0.001024973	0.001176989	0.000593501	0.000126529	0.000346816	0	0	0	0		
D4GQB8	UspA domain protein	14058.07	9	FALSE	0	0	0	0	3	6	8	9	9	9	7	2	0	0	0	0	0	0	175.9	636.4	1516.1	3802.7	3168.9	3172.8	1127	169.7	0	0	0	0	0	0	0.046256607	0.167354774	0.398690404	1	0.83332895	0.834354538	0.29636837	0.044626187	0	0		
D4GYB5	Transcription initiation factor IIB	35731.98	16	FALSE	16	10	7	6	4	3	3	2	1	0	0	0	0	0	30597.4	428.5	330.9	154.3	170	222.8	133.8	106	21.8	0	0	0	0	0	1	0.014004458	0.010814644	0.005042912	0.005556028	0.007281664	0.004372921	0.003464347	0.000712479	0	0	0	0	0		
D4GUQ7	IclR family transcription regulator	28333.96	11	FALSE	11	2	3	6	8	6	4	6	3	0	1	0	0	0	3195.5	74.9	50.6	134.9	168.7	118.9	111.7	143.2	79.4	0	23.8	0	0	0	1	0.023439211	0.015834768	0.042215616	0.05279299	0.037208575	0.034955406	0.044813018	0.024847442	0	0.007447974	0	0	0		
D4GYV1	FAD-dependent oxidoreductase	41797.5	8	FALSE	7	5	4	3	6	0	0	0	1	0	1	1	1	1	291.1	148.2	30.2	94.4	166.3	0	0	0	86.5	0	443.7	912.8	1157.5	1869.8	0.1556851	0.079259814	0.01615146	0.050486683	0.088939994	0	0	0	0.046261632	0	0.237298107	0.488180554	0.619050166	1		
Q977V2	Signal recognition particle 54 kDa protein	50918.21	18	FALSE	17	10	11	12	7	8	3	3	3	1	0	0	0	0	3226.7	172.7	139.4	227	166	596	830.3	609	658	5.6	0	0	0	0	1	0.053522174	0.043202033	0.070350513	0.05144575	0.184708836	0.257321722	0.18873772	0.203923513	0.001735519	0	0	0	0		
D4GZE4	Phosphohexomutase (Phosphoglucomutase / phosphomannomutase)	48465.78	40	FALSE	40	5	0	2	4	1	1	2	1	2	1	0	0	0	29838.4	93.1	0	277.5	165.4	201.4	5235.1	327.2	213.7	401.8	279.6	0	0	0	1	0.00312014	0	0.009300097	0.005543193	0.006749692	0.175448415	0.010965735	0.007161912	0.013465869	0.009370476	0	0	0		
D4GPF6	histidine kinase	144236.38	12	FALSE	7	10	10	11	11	10	9	10	10	8	6	4	1	1	96.7	99.9	131.3	167.3	164.6	131.9	127.8	138.3	135.9	179.7	100	52.2	13.6	14.7	0.538119087	0.555926544	0.730662215	0.930996105	0.915971063	0.734001113	0.711185309	0.769616027	0.756260434	1	0.556483027	0.29048414	0.075681692	0.081803005		
D4GTF1	DUF1486 family protein	13795.35	13	FALSE	0	0	0	3	4	7	9	11	11	13	13	13	13	10	0	0	0	18.4	164.2	513	2871.1	10589.7	20584.5	57316	53504.1	50639.5	28667.1	16863.7	0	0	0	0.000321027	0.00286482	0.00895038	0.05009247	0.184759927	0.359140554	1	0.933493265	0.883514202	0.500158769	0.294223254		
A0A8D4B6T1	CopG family transcriptional regulator	13714.1	3	FALSE	3	1	1	1	3	1	1	1	1	1	1	0	0	0	986.3	139	133.1	171.2	161.5	103.8	87.1	148.8	67	83	36.5	0	0	0	1	0.140930751	0.134948799	0.173578019	0.163743283	0.105241813	0.088309845	0.150866876	0.06793065	0.084152895	0.037006996	0	0	0		
D4GTS7	NP_1176A family transcription regulator	10204.41	7	FALSE	0	0	0	1	2	2	0	0	0	2	5	6	6	7	0	0	0	210.6	160.3	53	0	0	0	76.9	896	4864.8	10271.6	21266.6	0	0	0	0.009902852	0.007537641	0.002492171	0	0	0	0.003615999	0.042131794	0.228753068	0.48299211	1		
D4GW30	DUF88 family protein	18225.49	6	FALSE	0	0	2	2	4	6	6	6	6	6	5	4	3	1	0	0	163.8	99.8	157.8	693.3	1770	3624.3	3653.6	5127.9	2740.8	1383	383.5	69.4	0	0	0.031942901	0.019462158	0.030772831	0.135201544	0.345170538	0.706780553	0.712494393	1	0.534487802	0.269701047	0.07478695	0.013533805		
D4GTT0	Amidohydrolase domain protein	29991.63	17	FALSE	17	8	5	7	5	3	2	1	1	0	0	0	0	0	59808.7	550.6	337.3	309	157	64	76.5	12.1	6.2	0	0	0	0	0	1	0.009206019	0.005639648	0.005166472	0.002625036	0.001070078	0.001279078	0.000202312	0.000103664	0	0	0	0	0		
D4GVE0	Probable thymidylate kinase	21866.13	18	FALSE	18	12	9	3	3	2	2	0	0	1	0	0	1	0	108141.6	414.6	158.7	84.3	155.5	10.1	38.7	0	0	89.9	0	0	119.8	0	1	0.003833862	0.00146752	0.000779534	0.00143793	9.34E-05	0.000357864	0	0	0.000831317	0	0	0.001107807	0		
D4H031	Probable cell surface fusion protein HVO_0405	69803.56	7	FALSE	0	0	1	2	1	3	5	7	6	5	5	3	2	0	0	0	28.4	118.7	155.5	358.5	647.2	1604.1	1620.4	2303.5	1728.6	1142.4	632.3	0	0	0	0.012329064	0.05153028	0.067505969	0.155632733	0.280963751	0.696375081	0.70345127	1	0.750423269	0.495940959	0.274495333	0		Tat/SPI
D4GTD4	Translation initiation factor 2 subunit gamma	43940.99	24	FALSE	24	8	7	5	5	3	1	3	1	1	0	1	0	0	55502.3	220.3	153.6	145.3	154.8	150.3	60.1	87.2	22.6	58.6	0	43.1	0	0	1	0.003969205	0.002767453	0.00261791	0.002789074	0.002707996	0.001082838	0.001571106	0.00040719	0.001055812	0	0.000776544	0	0		
D4GYH8	S-adenosylmethionine-dependent methyltransferase	19969.02	3	FALSE	3	0	2	2	3	2	3	2	2	2	0	0	0	0	1245	0	16.5	54	148.9	296	357.7	414.4	186.2	117.7	0	0	0	0	1	0	0.013253012	0.043373494	0.119598394	0.237751004	0.287309237	0.332851406	0.149558233	0.094538153	0	0	0	0		
D4GTE3	acetyl-CoA C-acyltransferase	39973.2	11	FALSE	11	9	7	5	4	1	4	3	2	0	0	0	0	0	3849.5	552.5	285.5	195.2	145.4	16.2	46.2	30.4	23.5	0	0	0	0	0	1	0.143525133	0.074165476	0.050707884	0.037771139	0.004208339	0.012001559	0.007897129	0.006104689	0	0	0	0	0		
D4GP52	ATP-dependent cobaltochelatase subunit CobN	141254.46	20	FALSE	17	16	14	15	14	14	12	15	7	10	4	3	1	0	274	109	97	133.8	143.2	132.7	173.9	205.4	60.2	146.4	36.8	27	5	0	1	0.397810219	0.354014599	0.488321168	0.522627737	0.484306569	0.634671533	0.749635036	0.219708029	0.534306569	0.134306569	0.098540146	0.018248175	0		
D4GS22	Hsp20-type molecular chaperone	13333.49	2	FALSE	0	0	0	1	2	2	2	2	2	1	1	1	0	0	0	0	0	23.2	142.9	95.1	132.9	257.7	251.5	411.6	392.5	215.7	0	0	0	0	0	0.056365403	0.34718173	0.231049563	0.322886297	0.626093294	0.611030126	1	0.953595724	0.524052478	0	0		
D4GUD8	Amine oxidase domain protein	46163.31	5	FALSE	4	5	3	3	4	4	2	5	4	4	4	0	1	0	58.5	82.2	46.2	63.3	142.5	78.7	12.2	121.9	111.9	66.5	59.4	0	10.9	0	0.410526316	0.576842105	0.324210526	0.444210526	1	0.552280702	0.085614035	0.855438596	0.785263158	0.466666667	0.416842105	0	0.076491228	0		
D4GP97	UspA domain protein	17036.84	8	FALSE	8	4	5	3	3	3	2	1	0	0	0	0	0	0	9119.5	144.2	119.6	202.6	142.2	129.4	108	28.7	0	0	0	0	0	0	1	0.01581227	0.013114754	0.02221613	0.01559296	0.014189374	0.011842755	0.003147102	0	0	0	0	0	0		
D4GWM2	PhoU domain protein	36721.03	20	FALSE	20	12	11	9	7	4	1	2	1	2	0	0	0	0	25136.5	1232.2	542.5	310.1	139.3	51.8	23.3	35.9	12.6	13.7	0	0	0	0	1	0.049020349	0.021582161	0.012336642	0.005541742	0.002060748	0.000926939	0.001428202	0.000501263	0.000545024	0	0	0	0		
D4GQH4	ABC-type transport system ATP-binding protein (Probable substrate sugar)	43459.77	5	FALSE	5	2	2	2	1	2	2	1	2	1	0	0	0	0	8019.9	179.6	202.6	153.7	136.5	96.8	79.5	53.2	78.7	48.7	0	0	0	0	1	0.022394294	0.02526216	0.019164827	0.017020162	0.012069976	0.009912842	0.006633499	0.00981309	0.006072395	0	0	0	0		
D4GVC4	Formyltetrahydrofolate deformylase	36182.4	7	FALSE	7	3	1	2	3	3	3	2	2	1	0	1	1	1	871.2	157.5	7.6	33.7	134.6	5.2	64.8	67.6	40.3	34.5	0	41	46	170.8	1	0.180785124	0.0087236	0.038682277	0.154499541	0.005968779	0.074380165	0.077594123	0.046258035	0.039600551	0	0.047061524	0.052800735	0.196051423		
D4GZW0	proline dehydrogenase	30920.47	5	FALSE	0	3	4	5	5	5	5	4	5	5	2	1	0	1	0	72	59.4	92.4	134	86.5	99.6	158.1	161	285.6	129.7	44.4	0	14.4	0	0.25210084	0.207983193	0.323529412	0.469187675	0.302871148	0.348739496	0.553571429	0.56372549	1	0.454131653	0.155462185	0	0.050420168		
D4GXZ3	Phosphomevalonate decarboxylase	35417.01	3	FALSE	1	3	2	3	3	2	3	1	0	1	1	0	0	0	195.1	153.5	99.9	130.9	132.6	80.7	96.7	65.2	0	289.8	262.9	0	0	0	0.673222912	0.529675638	0.344720497	0.451690821	0.457556936	0.278467909	0.333678399	0.224982747	0	1	0.907177364	0	0	0		
D4GUM8	CARDB domain-containing protein	56991.89	3	FALSE	1	1	2	2	2	2	2	2	1	0	0	0	0	0	9.3	59.9	56.9	167.6	130.9	137.2	117.8	126.5	34.3	0	0	0	0	0	0.05548926	0.357398568	0.339498807	1	0.781026253	0.818615752	0.702863962	0.75477327	0.204653938	0	0	0	0	0		Sec/SPI
D4GT00	YqjG-type gamma-glutamylcysteinyl-hydroquinone reductase	38087.1	15	FALSE	15	12	13	11	7	4	1	3	0	1	0	0	0	0	1716.1	397.6	461.2	329	130.6	49.1	4.9	37.5	0	5	0	0	0	0	1	0.23168813	0.268748907	0.19171377	0.076102791	0.028611386	0.002855311	0.021851873	0	0.002913583	0	0	0	0		
D4GX67	Uncharacterized protein	31867.08	2	FALSE	2	2	2	2	2	2	2	2	1	1	1	1	2	2	543.6	81.8	98.3	149.8	128.4	199.2	288	325.4	280.2	291.3	234.8	277.6	232.3	542.3	1	0.150478293	0.180831494	0.275570272	0.236203091	0.366445916	0.529801325	0.598601913	0.515452539	0.535871965	0.431935247	0.51066961	0.427336277	0.997608536		
D4GY90	ABC-type transport system periplasmic substrate-binding protein	45350.34	4	FALSE	4	2	1	2	1	1	1	1	1	1	1	1	1	1	833.7	201.5	38	90.3	125.1	121.7	153.7	128.3	132.1	323.6	316	476.6	592	914.4	0.911745407	0.22036308	0.041557305	0.098753281	0.136811024	0.133092738	0.168088364	0.140310586	0.144466317	0.353893263	0.345581802	0.521216098	0.647419073	1		Tat/SPII
D4GW23	tRNA-splicing ligase RtcB	53433.66	38	FALSE	38	19	16	12	9	4	2	1	0	0	1	1	1	0	90073.4	1782.3	812.4	422.6	123.2	8.1	28	4.8	0	0	21.1	51.4	103.5	0	1	0.019787196	0.009019311	0.004691729	0.001367773	8.99E-05	0.000310858	5.33E-05	0	0	0.000234253	0.000570646	0.001149063	0		
D4GUL5	GalE family epimerase/dehydratase	36094.7	38	FALSE	38	18	13	11	9	7	2	3	0	0	0	0	0	0	113260.9	1141.2	360.1	211.9	122.8	15.8	26.1	50.5	0	0	0	0	0	0	1	0.010075851	0.003179385	0.001870902	0.001084222	0.000139501	0.000230441	0.000445873	0	0	0	0	0	0		
D4GUS7	IclR family transcription regulator	30078.68	20	FALSE	20	8	4	8	8	5	4	5	2	4	1	0	0	0	4049.2	104.5	36.3	36.2	122.7	47.2	42.2	51.4	27.3	48.2	15.3	0	0	0	1	0.025807567	0.008964734	0.008940038	0.030302282	0.011656624	0.010421812	0.012693865	0.006742073	0.011903586	0.003778524	0	0	0		
D4GTQ1	Zinc finger mu-protein HVO_0758	6482.35	4	FALSE	0	0	0	0	1	1	1	1	2	3	4	4	4	4	0	0	0	0	122.6	33.8	164.5	445	1055.4	3310.1	8734.8	21953.6	46404.3	94643.3	0	0	0	0	0.00129539	0.00035713	0.001738105	0.004701865	0.011151344	0.034974478	0.092291795	0.231961481	0.490307291	1		
D4GT80	Small ribosomal subunit protein eS17	6973.96	8	FALSE	0	0	1	1	1	2	3	3	4	5	5	7	8	8	0	0	44.5	18.3	122	66.8	205.3	1280.3	2213.1	8831.3	20853.2	61176.6	189109	750008.5	0	0	5.93E-05	2.44E-05	0.000162665	8.91E-05	0.00027373	0.001707047	0.002950767	0.011774933	0.027803952	0.081567876	0.252142476	1		
D4GTG1	D-2-hydroxyacid dehydrogenase (NADP)	33000.91	14	FALSE	14	8	5	6	7	5	2	4	2	0	0	0	0	0	2991.8	252.2	36.6	170.4	121.3	7.2	18.3	38.7	20	0	0	0	0	0	1	0.084297079	0.012233438	0.056955679	0.040544154	0.002406578	0.006116719	0.012935357	0.006684939	0	0	0	0	0		
D4GXF0	fructose-bisphosphatase	28698.5	24	FALSE	24	14	11	9	6	5	2	2	1	1	0	0	0	0	66901.5	1070	784.2	437.8	120.6	191.4	8.3	77.2	362.4	75.7	0	0	0	0	1	0.015993662	0.01172171	0.006543949	0.00180265	0.002860922	0.000124063	0.001153935	0.005416919	0.001131514	0	0	0	0		
D4GUV5	Oxoglutarate--ferredoxin oxidoreductase alpha subunit	64026.24	8	FALSE	8	7	5	5	6	5	4	6	3	3	1	1	1	0	276.1	55.3	38.3	85.3	120.5	74.4	62.6	82	23.3	59.4	19.7	17.6	15.8	0	1	0.20028975	0.138717856	0.308946034	0.436436074	0.269467584	0.226729446	0.296993843	0.084389714	0.215139442	0.07135096	0.06374502	0.057225643	0		
D4GVY7	Type I site-specific deoxyribonuclease subunit RmeS	46004.68	18	FALSE	18	12	10	11	7	4	2	3	0	0	0	0	0	0	1842.2	171.4	124	197.9	116.9	95	59.3	47.3	0	0	0	0	0	0	1	0.093040929	0.067310824	0.107425904	0.063456737	0.051568776	0.032189773	0.025675822	0	0	0	0	0	0		
D4GYS2	uroporphyrinogen-III C-methyltransferase	30488.77	26	FALSE	26	15	12	9	6	2	0	1	2	2	0	0	0	0	95755.4	1378.3	727.7	392.3	111	16.5	0	6.5	16	34.5	0	0	0	0	1	0.014393966	0.007599571	0.004096897	0.001159204	0.000172314	0	6.79E-05	0.000167092	0.000360293	0	0	0	0		
D4GWK9	Carbamoyl phosphate synthase large chain	117301.92	7	FALSE	5	5	5	5	5	4	4	2	3	3	2	1	0	0	205.9	25.5	69.1	215.2	110.8	111.6	547.7	134.4	88.9	79.4	2.4	17.5	0	0	0.375935731	0.046558335	0.126163958	0.39291583	0.202300529	0.203761183	1	0.245389812	0.162315136	0.144969874	0.004381961	0.031951798	0	0		
D4GVU2	Phosphoribosyltransferase	39646.48	10	FALSE	10	6	6	5	5	3	4	3	0	0	0	0	0	0	1296.5	120	133.5	123.6	105.5	20.6	72.5	38.7	0	0	0	0	0	0	1	0.092556884	0.102969533	0.09533359	0.081372927	0.015888932	0.055919784	0.029849595	0	0	0	0	0	0		
D4GSR4	50S ribosomal protein L37Ae	9888.01	6	FALSE	0	0	2	2	3	5	4	6	6	5	4	1	1	0	0	0	15.8	23	104.3	57.2	141	1191.5	1374.6	1848.9	1273.3	131.5	82.3	0	0	0	0.008545622	0.012439829	0.056411921	0.030937314	0.076261561	0.644437233	0.74346909	1	0.688679756	0.071123371	0.044512954	0		
D4GVU9	Uncharacterized protein	15454.12	6	FALSE	1	0	0	0	3	5	5	6	6	2	1	1	1	1	342	0	0	0	104	321.2	568.9	1263.2	790.7	408	75.5	123.8	181.6	318.1	0.270740975	0	0	0	0.082330589	0.254274858	0.450364155	1	0.625949968	0.322989234	0.059768841	0.098005066	0.143761875	0.251820773		
D4H092	ORC1-type DNA replication protein	45247.3	39	FALSE	39	10	7	5	5	0	2	2	1	1	2	1	0	0	32867.6	40.3	170.4	8.9	104	0	64.8	27.8	28.3	19.6	17.6	10	0	0	1	0.001226132	0.005184437	0.000270783	0.00316421	0	0.001971546	0.000845818	0.00086103	0.000596332	0.000535482	0.000304251	0	0		
D4GVQ6	GFO family oxidoreductase	40027.74	6	FALSE	6	6	5	5	5	5	5	5	2	3	1	1	2	1	1195.5	110	36.6	42.7	102.5	48.4	64.4	57.8	21	63.8	12.2	20.7	36.8	17.4	1	0.092011711	0.030614806	0.035717273	0.085738185	0.040485153	0.053868674	0.048347972	0.017565872	0.053366792	0.010204935	0.017314931	0.0307821	0.01455458		
D4GUA4	Stomatin family protein	46400.52	5	FALSE	3	3	3	1	4	1	1	2	1	1	1	1	0	0	109.2	206.5	141.4	128.9	100.3	24.5	4.1	54.6	23.2	43.5	101.5	123.5	0	0	0.528813559	1	0.684745763	0.624213075	0.485714286	0.118644068	0.019854722	0.26440678	0.112348668	0.210653753	0.491525424	0.598062954	0	0		
D4GYU6	NMD3 family protein	41614.74	19	FALSE	18	6	5	6	6	2	1	2	1	0	0	0	0	0	13163.7	224.1	193.9	134.6	100.1	22.1	0.5	13.8	10.2	0	0	0	0	0	1	0.017024089	0.014729901	0.010225089	0.007604245	0.001678859	3.80E-05	0.001048337	0.000774858	0	0	0	0	0		
D4GW44	Large ribosomal subunit protein eL37	6424.38	2	FALSE	0	0	1	1	1	1	1	1	1	1	1	1	2	2	0	0	49.4	35.2	98.7	92	83	128.2	261.9	754	1032.1	3104.9	8832.6	25183.7	0	0	0.001961586	0.001397729	0.003919202	0.003653157	0.003295783	0.005090594	0.010399584	0.029940001	0.040982858	0.123290065	0.350726859	1		
D4GVR2	ABC-type transport system ATP-binding protein (Probable substrate sugar)	43352.5	13	FALSE	13	3	4	5	4	4	2	1	1	0	0	0	0	0	18569.1	122	114.7	126.7	96.9	20.1	12.3	27.8	33.6	0	0	0	0	0	1	0.006570055	0.006176928	0.006823163	0.005218347	0.001082443	0.000662391	0.001497111	0.001809458	0	0	0	0	0		
D4GY17	2-oxo-3-methylvalerate dehydrogenase E1 component beta subunit	36019.82	7	FALSE	0	0	1	5	5	3	5	7	6	7	3	3	1	1	0	0	9.2	159.6	93.4	42.2	89	148.3	122	317.3	213.3	164.8	21.9	25.1	0	0	0.028994642	0.502994012	0.294358651	0.132997164	0.280491648	0.467381027	0.38449417	1	0.672234478	0.519382288	0.069019855	0.079104948		
D4GZK0	Polyamine aminopropyltransferase	58082.61	3	FALSE	0	0	2	2	2	2	3	3	3	1	1	1	1	1	0	0	32.6	67	92.1	87.5	104.3	219.5	223.9	200.7	213.2	299.3	266.6	157.1	0	0	0.108920815	0.223855663	0.307718009	0.292348814	0.348479786	0.733377882	0.748078851	0.670564651	0.712328767	1	0.890745072	0.524891413		
D4GS73	Aconitate hydratase	102210.43	2	FALSE	1	1	1	1	1	1	1	1	0	0	0	0	0	0	1719	128	118.6	142.6	91.4	35	13.6	8.9	0	0	0	0	0	0	1	0.074461896	0.068993601	0.082955207	0.053170448	0.020360675	0.007911576	0.005177429	0	0	0	0	0	0		
D4GQ24	PPOX family oxidoreductase	14205.99	3	FALSE	0	1	1	1	1	1	3	3	3	3	3	3	2	0	0	34.4	87.7	97.5	90	78.5	195.1	404.9	636.8	1182.7	1040.5	581.4	334.3	0	0	0.02908599	0.074152363	0.082438488	0.076097066	0.066373552	0.164961529	0.342352245	0.538429018	1	0.879766636	0.491587047	0.282658324	0		
D4GY12	Lipoyl synthase	34854.93	3	FALSE	3	3	3	3	3	2	0	1	0	1	2	0	0	0	171.8	218.2	217.5	174.6	87.6	30.3	0	34.6	0	27.6	19.5	0	0	0	0.787351054	1	0.996791934	0.800183318	0.401466544	0.138863428	0	0.158570119	0	0.126489459	0.089367553	0	0	0		
D4GYT7	DUF2795 domain-containing protein	10433.43	8	FALSE	0	0	0	0	1	2	3	7	8	8	8	8	7	6	0	0	0	0	87.6	91	196.7	1606.4	2847.3	8509.1	11105.7	10575.8	8892.4	6262.1	0	0	0	0	0.007887841	0.00819399	0.017711626	0.144646443	0.256381858	0.766192136	1	0.952285763	0.800705944	0.563863602		
D4GYN9	Putative [LysW]-aminoadipate/[LysW]-glutamate kinase	33200.07	10	FALSE	10	6	7	4	2	2	1	1	1	1	0	0	0	0	17749.4	1545.9	843.8	182	82.8	16.9	14.2	7.4	106.4	7.9	0	0	0	0	1	0.087095902	0.047539635	0.010253868	0.004664946	0.000952145	0.000800027	0.000416916	0.005994569	0.000445085	0	0	0	0		
D4GSX3	M50 family metalloprotease	62002.94	2	FALSE	2	2	2	2	2	2	1	1	1	0	0	0	0	0	160.5	275.6	101.9	248.3	82.7	26.3	20.5	22.2	26.7	0	0	0	0	0	0.582365747	1	0.369738752	0.900943396	0.300072569	0.095428157	0.074383164	0.080551524	0.096879536	0	0	0	0	0		
D4GP71	Succinate-semialdehyde dehydrogenase	50117.71	19	FALSE	17	0	1	2	2	2	2	4	0	1	1	1	0	0	3707.3	0	17.5	53.1	80	66.2	21.7	27.8	0	64.7	76.8	83.3	0	0	1	0	0.004720416	0.014323092	0.021579047	0.017856661	0.005853316	0.007498719	0	0.017452054	0.020715885	0.022469182	0	0		
D4GYQ0	CBS domain protein	30853.48	11	FALSE	11	11	10	7	3	3	2	2	1	1	0	0	0	0	1750.8	720.5	390.1	205.4	79.9	47.6	22.9	10.7	4.7	15.4	0	0	0	0	1	0.411526159	0.222812429	0.117317798	0.045636281	0.027187571	0.013079735	0.006111492	0.002684487	0.008795979	0	0	0	0		
D4GUZ0	GTP-binding protein Drg	40478.57	48	FALSE	48	24	13	10	4	3	5	2	1	0	0	0	0	0	92446.6	645.3	173	158.3	78.9	107.9	16.5	49.2	5.7	0	0	0	0	0	1	0.006980246	0.001871351	0.00171234	0.000853466	0.00116716	0.000178481	0.000532199	6.17E-05	0	0	0	0	0		
D4GXJ8	ArsR family transcription regulator	15023.71	4	FALSE	0	4	1	2	1	1	2	4	4	4	4	2	1	2	0	672.7	77.1	63.2	78.5	18	93.3	527.9	793.1	2006.4	1879.9	1028.6	380	506.8	0	0.335277113	0.038427033	0.031499203	0.039124801	0.008971292	0.046501196	0.263108054	0.395285088	1	0.936951754	0.51265949	0.189393939	0.252591707		
D4H049	Arabinopyranose mutase-like protein	43416.43	12	FALSE	12	6	6	5	3	2	2	1	1	0	0	0	0	0	5543.4	353.3	289.1	315.9	78.1	30	261.3	19.2	6.9	0	0	0	0	0	1	0.063733449	0.052152109	0.056986687	0.014088826	0.005411841	0.047137136	0.003463578	0.001244723	0	0	0	0	0		
D4GP46	Siderophore biosynthesis protein IucA	65816.08	13	FALSE	13	7	7	8	7	5	1	2	0	2	0	0	0	0	614.7	65.3	57.7	96.7	77.3	35	7.3	2.8	0	3.4	0	0	0	0	1	0.106230682	0.093866927	0.15731251	0.1257524	0.056938344	0.011875712	0.004555068	0	0.005531153	0	0	0	0		
D4GS75	Thioredoxin	9778.87	7	FALSE	0	0	0	0	1	1	4	4	6	7	6	4	5	2	0	0	0	0	75.9	291.4	1765.6	7175.1	14377.3	37113.7	36729.6	30605.7	15236.8	7416.7	0	0	0	0	0.002045067	0.007851548	0.047572729	0.193327531	0.387385251	1	0.989650722	0.824646963	0.410543815	0.199837257		
D4GVF1	"6,7-dimethyl-8-ribityllumazine synthase"	13905.48	6	FALSE	5	3	2	4	3	3	5	5	5	5	5	4	2	1	400	54.1	14.9	147.3	73.9	160.3	378.6	1049.7	1636.8	3275.4	2564	1184.4	320.8	54.6	0.122122489	0.016517067	0.004549063	0.044971607	0.02256213	0.048940587	0.115588936	0.320479941	0.499725224	1	0.782805154	0.36160469	0.097942236	0.01666972		
D4GU86	TrmB family transcription regulator	27491.75	2	FALSE	2	2	2	2	2	2	2	2	2	2	1	0	0	0	283.7	32.5	19	48.8	73.2	34	25.8	26.3	29.8	88.6	15.5	0	0	0	1	0.114557631	0.066972154	0.172012689	0.258019034	0.119844907	0.090941135	0.09270356	0.105040536	0.312301727	0.054635178	0	0	0		
D4GRG9	"1,2-phenylacetyl-CoA epoxidase subunit A"	35935.07	5	FALSE	4	4	4	4	2	2	1	1	1	1	1	1	1	0	57.9	232.6	115.5	90.1	72.8	83.7	44.8	75.6	43.4	60.5	33.9	36.5	68.8	0	0.248925193	1	0.496560619	0.387360275	0.312983663	0.359845228	0.192605331	0.325021496	0.186586414	0.260103181	0.145743766	0.156921754	0.295786758	0		
D4GQU2	Secreted glycoprotein	104059.57	2	FALSE	0	0	0	1	2	1	1	1	1	1	1	0	0	0	0	0	0	28.5	72.1	74.4	117.1	161.8	77.1	87.1	19.7	0	0	0	0	0	0	0.176143387	0.445611867	0.459826947	0.723733004	1	0.476514215	0.538318912	0.121755253	0	0	0		Sec/SPI
D4GXF9	Transcriptional regulator	29163.64	14	FALSE	14	12	10	9	5	3	2	2	0	0	0	0	0	0	24096.2	1572.4	864.8	1988.8	70.6	23.7	25.3	29.6	0	0	0	0	0	0	1	0.065255102	0.035889476	0.082535836	0.002929923	0.000983558	0.001049958	0.001228409	0	0	0	0	0	0		
D4GXR9	Gamma-glutamyl phosphate reductase	48117.01	4	FALSE	4	1	2	1	1	1	1	1	1	1	1	1	0	0	360.4	59.9	78.6	68.3	69.2	28.9	27.9	16.8	13.7	17.6	20.3	11.3	0	0	1	0.166204218	0.21809101	0.189511654	0.192008879	0.080188679	0.077413984	0.046614872	0.038013319	0.048834628	0.056326304	0.031354051	0	0		
D4GYC6	Origin-associated protein OapC	34517.39	8	FALSE	7	5	6	5	4	1	2	0	1	1	1	0	2	0	421.1	118.1	112.6	103	69	5.1	14.9	0	24.2	362.1	479.8	0	1450.2	0	0.290373742	0.081437043	0.077644463	0.071024686	0.047579644	0.003516756	0.010274445	0	0.016687353	0.249689698	0.330850917	0	1	0		
D4GYB7	UPF0148 family protein	21860.53	2	FALSE	2	1	2	2	1	1	1	1	1	1	0	0	0	0	343.5	79.4	124.2	138	66.7	32.8	20.1	31.5	11	18.7	0	0	0	0	1	0.231149927	0.361572052	0.401746725	0.194177584	0.095487627	0.058515284	0.091703057	0.03202329	0.054439592	0	0	0	0		
D4GUU5	TIGR03995 family protein	11630.54	2	FALSE	0	0	0	0	1	2	2	2	2	2	2	2	1	1	0	0	0	0	65.2	232.7	1503.5	3541.7	4349.2	7293.8	4930.7	2367.8	835.8	269.3	0	0	0	0	0.008939099	0.031903809	0.206133977	0.485576791	0.596287258	1	0.676012504	0.324631879	0.114590474	0.036921769		
D4GTS4	Desampylase	14739.04	4	FALSE	0	0	0	0	2	3	3	4	4	4	4	2	0	0	0	0	0	0	65	298	746.6	1892.9	1865	2713.7	1207.7	630.8	0	0	0	0	0	0	0.023952537	0.10981317	0.275122526	0.697534731	0.687253565	1	0.44503814	0.23245016	0	0		
D4GTX9	Large ribosomal subunit protein eL32	25811.24	8	FALSE	8	3	4	3	4	4	2	0	0	1	0	1	1	0	7531	16.2	7.5	17.3	64.9	14.9	10.5	0	0	10.5	0	155.6	184.7	0	1	0.002151109	0.000995884	0.002297172	0.008617713	0.001978489	0.001394237	0	0	0.001394237	0	0.020661267	0.024525295	0		
D4GXV1	HTH-10 family transcription regulator	27490.37	7	FALSE	7	3	1	2	2	3	1	1	1	1	1	0	0	0	1653.5	60.2	61.6	63.5	64	127	28.8	19.5	27.8	29.5	12.7	0	0	0	1	0.03640762	0.037254309	0.038403387	0.038705776	0.076806774	0.017417599	0.011793166	0.016812821	0.017840943	0.007680677	0	0	0		
D4GX08	DUF5059 domain / halocyanin domain protein	83701.93	2	FALSE	0	0	1	1	1	1	1	1	1	2	0	1	1	1	0	0	39.6	58.4	60.1	56.7	64.4	53.8	34.4	50.3	0	171.4	291.2	534.2	0	0	0.074129539	0.109322351	0.11250468	0.106140022	0.1205541	0.100711344	0.064395358	0.094159491	0	0.320853613	0.545114189	1		Tat/SPII
D4GVN9	5'-nucleotidase family hydrolase	48543.23	18	FALSE	17	8	7	8	5	3	1	0	1	1	0	0	0	0	8009	181.8	65.3	236.8	59.7	22.9	198.7	0	26.8	124.3	0	0	0	0	1	0.022699463	0.008153328	0.029566737	0.007454114	0.002859283	0.024809589	0	0.003346235	0.01552004	0	0	0	0		
D4GZI8	Threonine aldolase	35617.69	3	FALSE	3	0	1	2	2	1	1	1	1	0	0	0	0	0	240.1	0	4.4	45.5	59.3	10.4	19.8	16.1	6.6	0	0	0	0	0	1	0	0.018325698	0.189504373	0.246980425	0.043315285	0.082465639	0.067055394	0.027488546	0	0	0	0	0		
D4GWD2	CRM domain protein	8962.06	8	FALSE	0	1	2	3	2	0	0	1	2	4	7	6	8	8	0	77.9	122.2	148.5	55.5	0	0	436.5	358.4	2211.5	6601.8	18719.5	29014.9	47309.5	0	0.001646604	0.002582991	0.003138904	0.001173126	0	0	0.009226477	0.007575645	0.046745368	0.139544912	0.395681628	0.613299654	1		
D4GY68	Uncharacterized protein	24548.22	3	FALSE	3	2	3	3	2	1	0	1	0	1	0	0	0	0	243.7	97	82.3	114	53.2	49.4	0	27.5	0	12.2	0	0	0	0	1	0.398030365	0.3377103	0.467788264	0.21830119	0.202708248	0	0.11284366	0	0.050061551	0	0	0	0		
D4GX56	enoyl-CoA hydratase	71034.74	2	FALSE	2	1	1	2	2	2	2	2	1	1	1	1	0	0	68.7	30.6	41.2	49.3	52.6	27.8	33.2	53.9	21.3	26.9	16.4	20.4	0	0	1	0.445414847	0.599708879	0.717612809	0.765647744	0.404657933	0.483260553	0.784570597	0.310043668	0.391557496	0.238719068	0.296943231	0	0		
D4GZ00	Type 2 DNA topoisomerase 6 subunit B	87438.07	7	FALSE	7	7	6	7	4	4	3	3	1	3	2	1	0	0	205	573.3	264.3	172.5	51.7	32.2	27.6	31.6	11.2	42.5	11.9	7.1	0	0	0.357578929	1	0.461015175	0.300889587	0.090179662	0.056166056	0.048142334	0.055119484	0.01953602	0.074132217	0.020757021	0.012384441	0	0		
D4GXM0	DHH/RecJ family phosphoesterase	79159.13	5	FALSE	3	5	5	5	2	2	1	2	0	1	1	0	0	0	167.1	217.1	115	82.6	50	19.3	22.4	9.1	0	3.6	39.6	0	0	0	0.769691386	1	0.529709811	0.38046983	0.230308614	0.088899125	0.103178259	0.041916168	0	0.01658222	0.182404422	0	0	0		
D4GYN3	Cytochrome P450	52201.01	15	FALSE	14	3	2	1	3	1	1	1	1	1	0	1	0	0	651.9	22.1	31.8	27.8	48.2	51.1	49.6	46.9	33.2	51.7	0	30	0	0	1	0.033900905	0.048780488	0.042644577	0.073937721	0.078386256	0.076085289	0.07194355	0.050928056	0.079306642	0	0.046019328	0	0		
D4GUN0	CARDB domain-containing protein	40885.11	2	FALSE	1	0	0	1	1	1	1	1	1	0	1	0	0	0	319.8	0	0	33.7	48.1	37.6	62.6	108.6	115	0	72.4	0	0	0	1	0	0	0.105378361	0.150406504	0.117573483	0.195747342	0.339587242	0.35959975	0	0.226391495	0	0	0		Sec/SPI
D4GXJ7	Ornithine cyclodeaminase family protein	34647.32	8	FALSE	8	6	8	5	2	2	1	2	1	1	0	0	0	0	6515.3	168.7	161.2	97.8	45.8	57	10.5	29.5	30.4	47.8	0	0	0	0	1	0.025892898	0.024741762	0.015010821	0.007029607	0.008748638	0.001611591	0.004527804	0.00466594	0.007336577	0	0	0	0		
D4GVR7	ABC-type transport system periplasmic substrate-binding protein (Probable substrate sugar)	55422.23	4	FALSE	3	0	0	2	1	1	1	1	0	0	1	2	1	1	25.5	0	0	61.3	44.3	96	11.6	35.6	0	0	41.3	155.6	249	643.2	0.039645522	0	0	0.095304726	0.068874378	0.149253731	0.018034826	0.055348259	0	0	0.064210199	0.241915423	0.387126866	1		Tat/SPII
Q48332	A-type ATP synthase subunit A	64514.67	9	FALSE	9	4	2	3	2	1	1	1	1	1	1	1	1	1	520.7	45.2	22.8	46.4	43.6	24.9	25.3	22.5	24.3	37.6	33.6	25.7	14.4	15.5	1	0.086806222	0.04378721	0.089110812	0.083733436	0.047820242	0.048588439	0.043211062	0.046667947	0.072210486	0.064528519	0.049356635	0.02765508	0.029767621		
D4GR46	N-methylhydantoinase (ATP-hydrolyzing) B	64260.32	6	FALSE	6	3	3	5	5	2	3	3	2	1	2	0	0	0	223.3	33.8	36.2	51.8	41.7	2.9	17.9	15.6	15.4	10.4	17.1	0	0	0	1	0.151365876	0.162113748	0.231974922	0.18674429	0.012987013	0.080161218	0.069861173	0.068965517	0.046574116	0.076578594	0	0	0		
D4GTA4	Transcription initiation factor IIB	37259.63	10	FALSE	10	5	4	2	2	2	1	1	0	0	0	0	0	0	8210.8	92.9	55.6	30.8	41.3	5.9	14.3	12.4	0	0	0	0	0	0	1	0.011314366	0.006771569	0.003751157	0.005029961	0.000718566	0.001741609	0.001510206	0	0	0	0	0	0		
D4GWU2	START domain protein	16375.24	15	FALSE	0	0	0	0	1	0	7	14	15	15	15	15	14	13	0	0	0	0	39.7	0	308.5	3029.2	6399.8	16867.3	18010.5	15369.5	10289.9	11383.2	0	0	0	0	0.00220427	0	0.017128897	0.168190778	0.355337164	0.936525915	1	0.853363316	0.571327837	0.632031315		
D4GW66	Fe-coproporphyrin synthase AhbC	44411.96	20	FALSE	20	11	10	5	4	1	0	1	1	0	0	0	0	0	11018	357.2	291	78.3	39.1	2	0	21.2	12.1	0	0	0	0	0	1	0.032419677	0.026411327	0.007106553	0.003548738	0.000181521	0	0.001924124	0.001098203	0	0	0	0	0		
D4GXP4	Putative transcriptional regulator HVO_1357	62767.12	2	FALSE	2	1	2	1	2	1	1	1	0	0	0	0	0	0	46.1	9.8	20.4	6.3	37.7	9.2	7.1	8	0	0	0	0	0	0	1	0.212581345	0.442516269	0.136659436	0.817787419	0.199566161	0.154013015	0.173535792	0	0	0	0	0	0		
D4GTQ2	DUF106 family protein	33498.15	4	FALSE	0	0	0	0	1	4	4	4	4	4	3	2	2	1	0	0	0	0	37.3	180.5	328.9	730.9	711.7	982.5	581.4	318.2	174.6	145.3	0	0	0	0	0.037964377	0.183715013	0.33475827	0.743918575	0.72437659	1	0.591755725	0.323867684	0.177709924	0.147888041		
D4GUG0	phosphoenolpyruvate carboxylase	102398.75	3	FALSE	2	2	3	2	1	2	2	2	2	1	0	1	0	0	51.3	22	30.9	44	37	46.7	45.3	50.9	58.2	25.8	0	7.9	0	0	0.881443299	0.378006873	0.530927835	0.756013746	0.635738832	0.802405498	0.778350515	0.874570447	1	0.443298969	0	0.135738832	0	0		
D4GY36	D-3-phosphoglycerate dehydrogenase	55342.89	2	FALSE	2	2	2	1	2	1	1	1	1	1	1	0	0	0	63.8	14.1	7.8	23.5	36.2	11.2	19.4	11.8	3.2	20.8	8.9	0	0	0	1	0.221003135	0.122257053	0.368338558	0.567398119	0.175548589	0.304075235	0.184952978	0.05015674	0.326018809	0.139498433	0	0	0		
D4GXN0	HTH-10 family transcription regulator	23460.21	2	FALSE	2	2	1	1	1	1	1	1	0	1	0	0	0	0	221.1	79	37.2	39	35.5	23.2	23.8	18.6	0	15.4	0	0	0	0	1	0.357304387	0.168249661	0.176390773	0.160560832	0.104929896	0.1076436	0.08412483	0	0.069651741	0	0	0	0		
D4GX38	succinate dehydrogenase	67640.96	12	FALSE	11	5	6	4	2	2	0	1	0	1	1	0	0	0	398.9	89.3	106.1	79	34.8	13.4	0	6.7	0	7.2	4.6	0	0	0	1	0.22386563	0.265981449	0.198044623	0.08723991	0.033592379	0	0.01679619	0	0.018049637	0.011531712	0	0	0		
D4GP02	ORC1-type DNA replication protein	45853.55	34	FALSE	34	13	6	5	5	1	0	1	1	1	1	0	0	0	34282.1	167.4	41.8	52.2	33.7	16.9	0	12.9	7.1	20.1	13.5	0	0	0	1	0.004883015	0.001219295	0.001522661	0.00098302	0.000492969	0	0.00037629	0.000207105	0.000586312	0.000393792	0	0	0		
D4GQW8	Uncharacterized protein	36394.95	2	FALSE	0	1	0	1	2	2	2	2	2	0	1	1	2	2	0	8.4	0	19.2	33.4	40.6	23.1	50.9	60.1	0	66.1	84.2	258.2	410.3	0	0.020472825	0	0.046795028	0.081403851	0.098951986	0.056300268	0.124055569	0.146478187	0	0.161101633	0.205215696	0.629295637	1		Tat/SPII
D4GY39	Cysteine synthase	34757.47	13	FALSE	13	5	3	4	3	2	1	1	2	0	0	0	0	0	7468.9	54.6	25	18.7	33.2	23.8	9.5	4.8	6.9	0	0	0	0	0	1	0.007310313	0.003347213	0.002503715	0.004445099	0.003186547	0.001271941	0.000642665	0.000923831	0	0	0	0	0		
D4GP51	Cobalt-precorrin-8 methylmutase	23777.67	9	FALSE	9	3	3	2	3	2	1	1	0	0	0	0	0	0	1292.9	51.2	47.9	32.4	29.7	24.7	97.8	251.5	0	0	0	0	0	0	1	0.039600897	0.037048496	0.025059943	0.022971614	0.019104339	0.075643901	0.194523938	0	0	0	0	0	0		
D4GWJ9	YyaL family protein	58851.27	24	FALSE	24	6	4	2	3	4	1	2	0	0	0	0	0	0	18249.3	60.3	58.9	12.9	29.3	8.2	5.7	79.6	0	0	0	0	0	0	1	0.003304236	0.003227521	0.000706876	0.001605541	0.000449332	0.000312341	0.004361811	0	0	0	0	0	0		
D4GY93	"1,4-dihydroxy-2-naphthoyl-CoA synthase"	33932.89	5	FALSE	5	3	3	5	3	2	0	4	1	0	1	0	0	1	161.4	96.1	46.9	119.1	29.2	8.5	0	57.8	5.4	0	35.7	0	0	392.6	0.411105451	0.2447784	0.11946001	0.303362201	0.074375955	0.021650535	0	0.147223637	0.013754457	0	0.090932247	0	0	1		
D4GRM3	Probable urocanate hydratase	67981.82	5	FALSE	5	2	2	3	3	3	2	3	0	1	0	0	0	0	159.1	12.1	40.6	46.3	28.2	21.7	11.7	25.9	0	18.2	0	0	0	0	1	0.076052797	0.255185418	0.291011942	0.177247014	0.136392206	0.073538655	0.162790698	0	0.114393463	0	0	0	0		
D4GPR1	D-2-hydroxyacid dehydrogenase	34855.04	8	FALSE	5	7	6	6	2	1	1	1	1	1	1	1	1	1	467.4	927.9	643.3	207.2	27.7	7.6	24.5	63.5	65.1	164.5	200.2	488.7	842.3	1824.6	0.256165735	0.508549819	0.352570426	0.113559136	0.01518141	0.004165297	0.013427601	0.034802148	0.035679053	0.090156747	0.109722679	0.267839526	0.461635427	1		
D4GXN6	Adenine DNA glycosylase	33652.89	12	FALSE	12	4	4	1	2	2	2	1	1	0	0	0	0	0	4743.5	83.6	25.2	22.5	24.8	14.7	80.5	8.3	8.9	0	0	0	0	0	1	0.017624117	0.005312533	0.004743333	0.005228207	0.003098978	0.016970591	0.001749763	0.001876252	0	0	0	0	0		
D4GYS3	Hydroxymethylbilane synthase	39301.89	38	FALSE	38	14	6	7	6	2	4	4	0	0	0	1	0	0	104569.8	769.4	39.1	40.6	24.8	19.1	41.3	22.5	0	0	0	337.7	0	0	1	0.007357765	0.000373913	0.000388257	0.000237162	0.000182653	0.000394952	0.000215167	0	0	0	0.003229422	0	0		
D4GV93	Secreted glycoprotein	232812.8	5	FALSE	3	1	3	2	2	2	2	2	3	3	2	0	1	0	973.9	108	167.9	72.4	24.1	33.5	46.7	54.4	54.9	162.1	89.7	0	18.2	0	1	0.110894342	0.17239963	0.074340281	0.024745867	0.034397782	0.047951535	0.055857891	0.056371291	0.166444193	0.092103912	0	0.01868775	0		Sec/SPI
D4GS33	HTH domain protein	14095.54	5	FALSE	0	0	0	0	1	0	4	4	5	5	5	4	3	1	0	0	0	0	22.2	0	156.2	1044.9	1372.5	2698.3	2429.3	1367.8	495.7	71.2	0	0	0	0	0.008227402	0	0.0578883	0.38724382	0.508653597	1	0.900307601	0.506911759	0.183708261	0.026386984		
D4GP56	Sirohydrochlorin cobaltochelatase	44141.82	24	FALSE	24	20	12	11	9	3	0	1	0	1	0	0	0	0	6176.8	1398.8	87.9	76	21.8	0.9	0	5.7	0	6.3	0	0	0	0	1	0.226460303	0.01423067	0.012304106	0.003529336	0.000145707	0	0.000922808	0	0.001019946	0	0	0	0		
D4GUH5	Carboxypeptidase Q	46937.66	5	FALSE	5	3	3	3	3	3	3	2	1	3	0	0	0	0	245.6	18.1	11.7	28.6	21.1	5.5	22.1	36	5.2	38.5	0	0	0	0	1	0.073697068	0.047638436	0.116449511	0.085912052	0.022394137	0.089983713	0.146579805	0.021172638	0.156758958	0	0	0	0		
D4GSA2	Catalase-peroxidase	80004.4	5	FALSE	4	3	4	4	2	3	1	2	0	0	0	0	0	0	108.6	31.2	36.2	29.9	20.6	4.3	4.9	18.5	0	0	0	0	0	0	1	0.287292818	0.333333333	0.275322284	0.189686924	0.039594843	0.045119705	0.170349908	0	0	0	0	0	0		
D4GXT0	Beta-lactamase domain protein	20808.88	6	FALSE	0	0	0	0	1	4	6	6	6	6	6	6	5	3	0	0	0	0	19.3	35.6	527.6	1736.4	2728.8	6709.7	5041.8	3986.6	2321.2	933.8	0	0	0	0	0.002876433	0.005305751	0.078632428	0.258789514	0.406694785	1	0.751419587	0.594154731	0.345946913	0.139171647		
D4GUL6	Glutamate synthase (Ferredoxin)	163908.14	5	FALSE	3	3	3	3	3	2	1	3	2	1	2	1	1	1	14	11	16.3	40.8	18.4	40.6	3.8	11.2	12	4.6	29.1	30.7	33.8	70.2	0.199430199	0.156695157	0.232193732	0.581196581	0.262108262	0.578347578	0.054131054	0.15954416	0.170940171	0.065527066	0.414529915	0.437321937	0.481481481	1		
D4H014	Ribonuclease R	50357.85	50	FALSE	50	8	9	6	4	3	0	3	2	0	0	0	0	0	46236.5	219.7	107.3	97.4	17.6	2.9	0	75.7	11.6	0	0	0	0	0	1	0.004751657	0.002320677	0.002106561	0.000380652	6.27E-05	0	0.001637235	0.000250884	0	0	0	0	0		
D4GRX6	Phosphoribosyl-ATP pyrophosphatase	11346.5	7	FALSE	7	2	4	4	2	2	1	0	0	1	0	0	0	0	9076.3	157.9	166.9	48.8	17.4	29.2	21.3	0	0	43.2	0	0	0	0	1	0.017396957	0.01838855	0.00537664	0.001917081	0.00321717	0.002346771	0	0	0.004759649	0	0	0	0		
D4GTU8	"2,3-bisphosphoglycerate-independent phosphoglycerate mutase"	57235.3	24	FALSE	24	8	7	8	2	1	2	4	0	0	0	0	0	0	14192	582.8	670	356.1	17.1	14.8	9.7	63.6	0	0	0	0	0	0	1	0.041065389	0.047209696	0.025091601	0.001204904	0.001042841	0.000683484	0.004481398	0	0	0	0	0	0		
D4GTF0	Serine--tRNA ligase	52038.28	7	FALSE	7	4	3	4	2	4	2	3	2	1	1	0	0	0	185.8	45.4	22.6	36.6	16.5	27.9	7.3	26.8	5.9	10.5	13.6	0	0	0	1	0.244348762	0.121636168	0.196986006	0.088805167	0.150161464	0.039289559	0.144241119	0.031754575	0.056512379	0.073196986	0	0	0		
D4GWU3	Ribonuclease Z-like protein	26650.58	14	FALSE	14	4	2	3	1	0	1	2	1	2	0	0	0	0	73280.2	450.1	113.7	2996.1	16	0	20.7	5	30.9	53.4	0	0	0	0	1	0.006142178	0.001551579	0.040885533	0.00021834	0	0.000282477	6.82E-05	0.000421669	0.00072871	0	0	0	0		
D4GTP0	Receiver box response regulator	14228.14	6	FALSE	0	0	0	0	2	0	1	2	4	6	6	6	6	6	0	0	0	0	13.8	0	113.5	294.8	913.5	3418.1	6162.8	10493.3	12743.5	17475.4	0	0	0	0	0.000789681	0	0.006494844	0.016869428	0.052273482	0.195594951	0.352655733	0.60046122	0.729225082	1		
D4GYI5	Glycerol kinase	56737.4	15	FALSE	14	6	4	2	1	0	0	1	2	0	1	2	1	0	1451.4	70.1	42.1	17.9	12.9	0	0	118	165.1	0	2096.5	1996	1164.8	0	0.692296685	0.03343668	0.020081088	0.00853804	0.006153112	0	0	0.056284283	0.078750298	0	1	0.952062962	0.555592654	0		
D4GYP1	Glutamate--argW ligase	31876.87	12	FALSE	12	7	2	4	2	2	1	2	0	0	0	0	0	0	4182.2	69.3	17.7	64.3	12.9	12.8	4.8	10.7	0	0	0	0	0	0	1	0.016570226	0.004232222	0.015374683	0.003084501	0.00306059	0.001147721	0.002558462	0	0	0	0	0	0		
D4GRD2	RND superfamily permease	89163.59	3	FALSE	0	0	0	0	2	1	0	2	1	1	3	2	2	2	0	0	0	0	12.9	4.7	0	27.4	14.8	41.3	56.4	279.6	277.8	220.3	0	0	0	0	0.046137339	0.016809728	0	0.097997139	0.052932761	0.147711016	0.201716738	1	0.993562232	0.787911302		
D4GSC8	Nicotinate phosphoribosyltransferase	41127.43	6	FALSE	6	1	1	1	1	1	1	0	0	0	0	0	1	0	353.3	186.3	115.2	37.1	12.8	20	2.1	0	0	0	0	0	145.8	0	1	0.527313898	0.326068497	0.105009907	0.036229833	0.056609114	0.005943957	0	0	0	0	0	0.412680442	0		
D4GUF3	"Glycosyltransferase, type 1"	39625.23	13	FALSE	0	0	0	0	1	3	1	2	2	4	7	9	8	13	0	0	0	0	12.6	29.5	11.6	91	62.3	159.2	460.8	745.9	960.3	2930.5	0	0	0	0	0.004299608	0.010066542	0.003958369	0.031052721	0.021259171	0.0543252	0.157242791	0.254529944	0.32769152	1		
D4GY63	Glutamate dehydrogenase	46668.84	8	FALSE	7	3	3	2	2	2	2	0	0	2	0	0	0	0	706.2	46.9	4.4	16.2	11.4	3.4	59.8	0	0	3.6	0	0	0	0	1	0.066411781	0.00623053	0.022939677	0.016142736	0.0048145	0.084678561	0	0	0.005097706	0	0	0	0		
D4GW72	Cysteine--tRNA ligase	55217.3	4	FALSE	3	2	3	0	2	0	1	2	1	0	0	1	0	0	72.4	13.8	12.8	0	3.5	0	5.3	18.1	12.9	0	0	34.9	0	0	1	0.190607735	0.17679558	0	0.048342541	0	0.07320442	0.25	0.178176796	0	0	0.482044199	0	0		
D4GP21	HTH-10 family transcription regulator	24584.42	2	FALSE	2	0	0	1	0	1	2	2	1	2	1	1	1	1	170	0	0	15	0	24.2	45.2	77	97.7	143.5	135.8	95	79.9	56.8	1	0	0	0.088235294	0	0.142352941	0.265882353	0.452941176	0.574705882	0.844117647	0.798823529	0.558823529	0.47	0.334117647		
D4GPJ5	LppX domain protein	42755.42	6	FALSE	6	0	0	0	0	1	2	2	2	2	2	1	1	0	321.1	0	0	0	0	13.8	42.3	102.5	100.6	144.4	136.9	11.8	6.4	0	1	0	0	0	0	0.042977266	0.131734662	0.319215198	0.313298038	0.449704142	0.426346932	0.036748676	0.019931486	0		
D4GTK5	Protein-export membrane protein SecD	55005.98	2	FALSE	1	2	2	2	0	1	1	1	1	0	1	1	1	1	107.4	74.4	90.4	72	0	5.8	7.1	23.2	5.1	0	15.2	65.8	143.9	163	0.658895706	0.456441718	0.554601227	0.441717791	0	0.035582822	0.043558282	0.142331288	0.031288344	0	0.093251534	0.403680982	0.882822086	1		
D4GXX3	ABC-type transport system periplasmic substrate-binding protein (Probable substrate sugar)	39212.43	4	FALSE	1	3	0	0	0	0	0	0	2	1	2	2	3	3	94.4	188.3	0	0	0	0	0	0	290.6	545.7	889.9	1180.6	2014.3	2570.6	0.036722944	0.073251381	0	0	0	0	0	0	0.113047538	0.21228507	0.34618377	0.459270209	0.783591379	1		Tat/SPII
D4GZ09	Peptidase M10 family protein	41323.06	7	FALSE	4	2	1	2	0	0	0	1	2	2	3	3	3	2	1715.4	50.8	12.6	25.3	0	0	0	46.2	88.7	431.1	610.4	764.8	982.3	1301.5	1	0.029614084	0.007345226	0.014748747	0	0	0	0.026932494	0.051708056	0.251311647	0.355835374	0.445843535	0.57263612	0.758715168		Sec/SPII
D4GZB7	DNA primase large subunit PriL	40049.2	10	FALSE	9	0	0	0	0	0	1	2	1	2	1	1	1	0	837.2	0	0	0	0	0	296.8	358	243.1	332.5	248.8	257.8	287.2	0	1	0	0	0	0	0	0.35451505	0.427615862	0.290372671	0.397157191	0.29718108	0.307931199	0.343048256	0		
D4GYI7	Phosphocarrier protein HPr	9443.35	4	FALSE	0	1	0	0	0	2	3	4	4	4	4	2	1	0	0	2.3	0	0	0	129.4	2544	7813.2	10293.1	16245.2	12011.5	6031.5	102.3	0	0	0.00014158	0	0	0	0.00796543	0.156600103	0.480954374	0.633608697	1	0.739387635	0.371278901	0.006297245	0		
D4GX50	NUDIX family hydrolase	21552.9	14	FALSE	0	0	0	1	0	4	11	13	14	12	10	8	3	0	0	0	0	152.9	0	210.1	1169.1	2389.9	3186.9	5115.7	2624.6	1296.4	114.7	0	0	0	0	0.029888383	0	0.041069648	0.228531775	0.467169693	0.622964599	1	0.513048068	0.253415955	0.022421174	0		
A0A1C9J6V6	Uncharacterized protein	10389.17	4	FALSE	0	0	0	0	0	1	3	4	3	4	4	3	2	1	0	0	0	0	0	56.2	890.2	3512.5	4028.5	7839	5793.1	3756.8	1540.1	525.9	0	0	0	0	0	0.007169282	0.113560403	0.448080112	0.513904835	1	0.739010078	0.479244802	0.196466386	0.067087639		
D4GQA5	Uncharacterized protein	9389.09	5	FALSE	0	0	0	0	0	3	5	5	5	5	5	5	5	1	0	0	0	0	0	844.6	4184.9	12340.3	18999.5	34728.5	20601.1	12582.3	6746.6	2342.3	0	0	0	0	0	0.024320083	0.120503333	0.355336395	0.547086687	1	0.593204429	0.362304735	0.194266957	0.067446046		
D4GQJ8	DUF106 family protein	33504.15	3	FALSE	0	0	0	0	0	1	1	2	1	1	1	1	3	3	0	0	0	0	0	48.5	65.9	122.7	119.2	212.5	157.6	187.1	374.4	579.1	0	0	0	0	0	0.083750648	0.113797272	0.211880504	0.205836643	0.366948714	0.272146434	0.32308755	0.646520463	1		
D4GUF6	Small archaeal modifier protein 1	8936.83	4	FALSE	0	0	0	0	0	1	2	4	4	4	4	3	3	3	0	0	0	0	0	58.7	432.9	1870.8	2685.6	6993.9	9015.7	7573.8	3959	2605.6	0	0	0	0	0	0.006510864	0.048016238	0.207504686	0.297880364	0.775746753	1	0.840067882	0.439122863	0.289006955		
D4GV28	DUF1508 family protein	11822.69	10	FALSE	0	0	0	0	0	3	5	10	10	10	10	10	10	5	0	0	0	0	0	143.4	795.9	3653.6	6555.8	15657.9	14681.5	11979.4	5775.2	3240.9	0	0	0	0	0	0.009158316	0.050830571	0.233339081	0.418689607	1	0.937641702	0.765070667	0.368836179	0.206981779		
D4GXR2	UPF0033 family protein	8978.92	5	FALSE	0	0	0	0	0	2	3	4	5	5	5	4	3	2	0	0	0	0	0	538.4	2269.5	5955	9689.3	17359.3	13065.4	10323	5712	3880	0	0	0	0	0	0.031015075	0.130736838	0.343043786	0.558161907	1	0.752645556	0.594666836	0.329045526	0.223511317		
D4GYE3	Phosphocarrier protein HPr	9359.32	5	FALSE	0	0	0	0	0	1	2	2	4	5	5	4	2	0	0	0	0	0	0	15.9	207.1	1307.3	3947.1	8262.9	6459.3	4750.1	920	0	0	0	0	0	0	0.001924264	0.02506384	0.158213218	0.477689431	1	0.781723124	0.574870808	0.111341055	0		
D4GZ28	Uncharacterized protein	5468.91	6	FALSE	0	0	0	0	0	1	4	6	6	6	6	6	5	6	0	0	0	0	0	238.9	4241.2	15043.3	33063.5	68331.5	57323.7	45632.3	25098.8	13480.3	0	0	0	0	0	0.003496191	0.062068007	0.22015176	0.483869079	1	0.838905922	0.667807673	0.367309367	0.197277976		
D4GZX8	Probable transcription termination protein NusA	14988.77	8	FALSE	0	0	0	0	0	1	4	8	8	8	7	5	5	1	0	0	0	0	0	114.6	757.7	3314.1	5596.3	10354.2	8548.2	6629.2	3097.7	788.6	0	0	0	0	0	0.011067972	0.073178034	0.320073014	0.540485986	1	0.825578026	0.640242607	0.299173282	0.07616233		
D4H012	Uncharacterized protein	13955.66	7	FALSE	0	0	0	0	0	1	2	4	6	6	7	6	7	6	0	0	0	0	0	39.2	95.7	483.9	1062.1	3957.2	5339.8	7679	6544.8	7998.3	0	0	0	0	0	0.004901041	0.011965043	0.060500356	0.132790718	0.494755135	0.667616869	0.960079017	0.818273883	1		
D4GP58	Ferredoxin (4Fe-4S)	8797.64	4	FALSE	0	0	0	0	0	0	1	4	4	4	4	3	2	2	0	0	0	0	0	0	97.8	1526.1	3121.3	7322.4	5846.6	4301.2	1864.8	865.7	0	0	0	0	0	0	0.013356277	0.208415274	0.426267344	1	0.798454059	0.587403037	0.2546706	0.118226265		
D4GRR0	Uncharacterized protein	14114.17	4	FALSE	0	0	0	0	0	0	2	4	4	4	4	4	4	4	0	0	0	0	0	0	1080.1	5936.3	15025.5	41354	50559	45070.6	26936.8	17869.4	0	0	0	0	0	0	0.02136316	0.117413319	0.297187444	0.817935481	1	0.891445638	0.532779525	0.353436579		Tat/SPI
D4GRX9	Thioredoxin	10028.98	4	FALSE	0	0	0	0	0	0	1	1	1	2	3	4	4	4	0	0	0	0	0	0	186.1	710.4	873.3	5351.7	8092.9	15949.1	23758.9	34511.1	0	0	0	0	0	0	0.005392468	0.020584681	0.025304902	0.155071846	0.234501363	0.462144064	0.688442269	1		
D4GUC1	Uncharacterized protein	10584.79	4	FALSE	0	0	0	0	0	0	2	3	4	4	4	4	2	1	0	0	0	0	0	0	128.3	1140.2	2736.1	6998	7475.8	6749.3	2004.1	841.2	0	0	0	0	0	0	0.017162043	0.152518794	0.365994275	0.936087108	1	0.902819765	0.268078333	0.112523074		
D4GUZ7	Small CPxCG-related zinc finger protein	7514.35	2	FALSE	0	0	0	0	0	0	1	1	2	2	2	2	1	1	0	0	0	0	0	0	38.1	231.7	522.7	2370.7	2460.8	1530.7	637.2	552.2	0	0	0	0	0	0	0.01548277	0.094156372	0.212410598	0.963385891	1	0.622033485	0.258940182	0.22439857		
D4GVG9	Uncharacterized protein	8911.63	10	FALSE	0	0	0	0	0	0	1	1	2	5	7	8	9	9	0	0	0	0	0	0	14.9	70.5	176.5	1509.2	3978.5	14617.4	29526.2	50523.8	0	0	0	0	0	0	0.000294911	0.001395382	0.003493403	0.029871071	0.078745067	0.289317114	0.584401807	1		
D4GWX6	Response regulator CheY	13192.03	4	FALSE	0	0	0	0	0	0	3	4	3	3	3	3	2	1	0	0	0	0	0	0	1100.2	2852.5	2713.6	4607.1	3470.8	2302	327	100.9	0	0	0	0	0	0	0.238805322	0.619153046	0.589003929	1	0.753358946	0.499663563	0.070977404	0.021900979		
D4GZK5	Uncharacterized protein	10539.59	5	FALSE	0	0	0	0	0	0	1	5	4	5	5	4	4	3	0	0	0	0	0	0	193.1	2211.6	5326.6	16674.9	18553.6	16999.3	8091.5	5735.8	0	0	0	0	0	0	0.010407684	0.119200586	0.287092532	0.898742023	1	0.916226501	0.436114824	0.309147551		
D4H0E3	Uncharacterized protein	8084.94	3	FALSE	0	0	0	0	0	0	2	2	2	2	3	3	2	2	0	0	0	0	0	0	422.5	2052.1	5307.5	24832.4	33319.7	46916.4	51319.3	39967.8	0	0	0	0	0	0	0.00823277	0.039986906	0.10342113	0.483880334	0.649262558	0.914205767	1	0.778806414		