assembly_accession,protein_id,hmm_accession,hmm_query,domain,gtdb_phylum,gtdb_class,gtdb_order,gtdb_family,gtdb_genus,gtdb_species,id
GCA_000016605.1,ABP95145.1,PF08823.14,PG_binding_2,Archaea,Thermoproteota,Thermoprotei_A,Sulfolobales,Sulfolobaceae,Metallosphaera,Metallosphaera sedula,ABP95145.1@GCA_000016605.1
GCA_000247545.1,AFA39332.1,PF08823.14,PG_binding_2,Archaea,Thermoproteota,Thermoprotei,Thermoproteales,Thermoproteaceae,Pyrobaculum,Pyrobaculum oguniense,AFA39332.1@GCA_000247545.1
GCA_000306725.1,AFV23806.1,PF01471.21,PG_binding_1,Archaea,Halobacteriota,Methanosarcinia,Methanosarcinales,Methanosarcinaceae,Methanolobus,Methanolobus psychrophilus,AFV23806.1@GCA_000306725.1
GCA_000337115.1,ELZ08810.1,PF01476.23,LysM,Archaea,Halobacteriota,Halobacteria,Halobacteriales,Natrialbaceae,Natrinema,Natrinema thermotolerans,ELZ08810.1@GCA_000337115.1
GCA_000380705.1,AQYM01000023.1_51,PF08823.14,PG_binding_2,Archaea,Thermoproteota,Thermoprotei,Gearchaeales,Gearchaeaceae,SCGC-AAA471-B05,SCGC-AAA471-B05 sp000380705,AQYM01000023.1_51@GCA_000380705.1
GCA_000495735.1,ESQ24174.1,PF08823.14,PG_binding_2,Archaea,Thermoproteota,Thermoprotei_A,Sulfolobales,Acidilobaceae,Acidilobus,Acidilobus sp000495735,ESQ24174.1@GCA_000495735.1
GCA_000499765.1,CDG64340.1,PF08823.14,PG_binding_2,Archaea,Methanobacteriota,Methanobacteria,Methanobacteriales,Methanobacteriaceae,Methanobacterium,Methanobacterium sp000499765,CDG64340.1@GCA_000499765.1
GCA_000499765.1,CDG64340.1,PF01471.21,PG_binding_1,Archaea,Methanobacteriota,Methanobacteria,Methanobacteriales,Methanobacteriaceae,Methanobacterium,Methanobacterium sp000499765,CDG64340.1@GCA_000499765.1
GCA_000499765.1,CDG65053.1,PF01471.21,PG_binding_1,Archaea,Methanobacteriota,Methanobacteria,Methanobacteriales,Methanobacteriaceae,Methanobacterium,Methanobacterium sp000499765,CDG65053.1@GCA_000499765.1
GCA_000508305.1,AHC51922.1,PF08823.14,PG_binding_2,Archaea,Thermoproteota,Thermoprotei_A,Sulfolobales,Sulfolobaceae,Sulfolobus,Sulfolobus acidocaldarius_A,AHC51922.1@GCA_000508305.1
GCA_000806115.1,KHO48487.1,PF01476.23,LysM,Archaea,Aenigmatarchaeota,Aenigmatarchaeia,GW2011-AR5,GW2011-AR5,GW2011-AR5,GW2011-AR5 sp000806115,KHO48487.1@GCA_000806115.1
GCA_000830295.1,AJF61973.1,PF01476.23,LysM,Archaea,Nanoarchaeota,Nanoarchaeia,Woesearchaeales,GW2011-AR15,GW2011-AR15,GW2011-AR15 sp000830295,AJF61973.1@GCA_000830295.1
GCA_000960885.1,KJR73328.1,PF08823.14,PG_binding_2,Archaea,Thermoproteota,Thermoprotei,Thermoproteales,Thermoproteaceae,Thermoproteus,Thermoproteus sp000960885,KJR73328.1@GCA_000960885.1
GCA_001189275.1,AKT34922.1,PF08823.14,PG_binding_2,Archaea,Thermoproteota,Thermoprotei,Thermoproteales,Thermoproteaceae,Pyrobaculum,Pyrobaculum sp001189275,AKT34922.1@GCA_001189275.1
GCA_001412355.1,KQC04763.1,PF01476.23,LysM,Archaea,Halobacteriota,Methanomicrobia,Methanomicrobiales,Methanomicrobiaceae,LKUD01,LKUD01 sp001412355,KQC04763.1@GCA_001412355.1
GCA_001421185.1,KQM11599.1,PF08239.14,SH3_3,Archaea,Thermoplasmatota,Thermoplasmata,Methanomassiliicoccales,Methanomassiliicoccaceae,DTU008,DTU008 sp001421185,KQM11599.1@GCA_001421185.1
GCA_001509375.1,KUK43965.1,PF04122.15,CW_binding_2,Archaea,Halobacteriota,Methanosarcinia,Methanotrichales,Methanotrichaceae,Methanothrix_A,Methanothrix_A harundinacea_D,KUK43965.1@GCA_001509375.1
GCA_001563325.1,KXH70500.1,PF11741.11,AMIN,Archaea,Asgardarchaeota,Thorarchaeia,Thorarchaeales,Thorarchaeaceae,SMTZ1-83,SMTZ1-83 sp001563325,KXH70500.1@GCA_001563325.1
GCA_001563325.1,KXH75826.1,PF08823.14,PG_binding_2,Archaea,Asgardarchaeota,Thorarchaeia,Thorarchaeales,Thorarchaeaceae,SMTZ1-83,SMTZ1-83 sp001563325,KXH75826.1@GCA_001563325.1
GCA_001563325.1,KXH77365.1,PF07653.20,SH3_2,Archaea,Asgardarchaeota,Thorarchaeia,Thorarchaeales,Thorarchaeaceae,SMTZ1-83,SMTZ1-83 sp001563325,KXH77365.1@GCA_001563325.1
GCA_001563335.1,KXH74515.1,PF08823.14,PG_binding_2,Archaea,Asgardarchaeota,Thorarchaeia,Thorarchaeales,Thorarchaeaceae,SMTZ1-45,SMTZ1-45 sp001563335,KXH74515.1@GCA_001563335.1
GCA_001563335.1,KXH74770.1,PF07653.20,SH3_2,Archaea,Asgardarchaeota,Thorarchaeia,Thorarchaeales,Thorarchaeaceae,SMTZ1-45,SMTZ1-45 sp001563335,KXH74770.1@GCA_001563335.1
GCA_001563795.1,LKML01000063.1_10,PF01476.23,LysM,Archaea,Halobacteriota,Halobacteria,Halobacteriales,Haloferacaceae,Halohasta,Halohasta sp001563795,LKML01000063.1_10@GCA_001563795.1
GCA_001563875.1,LKMN01000003.1_40,PF04122.15,CW_binding_2,Archaea,Nanohaloarchaeota,Nanosalinia,Nanosalinales,Nanosalinaceae,B1-Br10-U2g19,B1-Br10-U2g19 sp001563875,LKMN01000003.1_40@GCA_001563875.1
GCA_001563885.1,LKMM01000162.1_2,PF01476.23,LysM,Archaea,Halobacteriota,Halobacteria,Halobacteriales,Natrialbaceae,Natrarchaeobaculum,Natrarchaeobaculum sp001563885,LKMM01000162.1_2@GCA_001563885.1
GCA_001564255.1,LKNC01000182.1_2,PF01476.23,LysM,Archaea,Halobacteriota,Halobacteria,Halobacteriales,Natrialbaceae,Tc-Br11-E2g1,Tc-Br11-E2g1 sp001564255,LKNC01000182.1_2@GCA_001564255.1
GCA_001717015.1,MAGV01000015.1_8,PF01476.23,LysM,Archaea,Thermoproteota,Methanomethylicia,Methanomethylicales,Methanomethylicaceae,Methanosuratincola,Methanosuratincola petrocarbonis,MAGV01000015.1_8@GCA_001717015.1
GCA_001723855.1,ODS37899.1,PF01476.23,LysM,Archaea,Altiarchaeota,Altiarchaeia,IMC4,MCBC01,MCBC01,MCBC01 sp001723855,ODS37899.1@GCA_001723855.1
GCA_001761425.1,AOV94634.1,PF04122.15,CW_binding_2,Archaea,Nanohaloarchaeota,Nanosalinia,Nanosalinales,Nanosalinaceae,Nanohalobium,Nanohalobium sp001761425,AOV94634.1@GCA_001761425.1
GCA_001761425.1,AOV94635.1,PF04122.15,CW_binding_2,Archaea,Nanohaloarchaeota,Nanosalinia,Nanosalinales,Nanosalinaceae,Nanohalobium,Nanohalobium sp001761425,AOV94635.1@GCA_001761425.1
GCA_001800825.1,OGS59990.1,PF08823.14,PG_binding_2,Archaea,Thermoplasmatota,Thermoplasmata,RBG-16-68-12,RBG-16-68-12,RBG-16-68-12,RBG-16-68-12 sp001800825,OGS59990.1@GCA_001800825.1
GCA_001871475.1,OIO21269.1,PF01471.21,PG_binding_1,Archaea,Micrarchaeota,Micrarchaeia,Anstonellales,CG1-02-47-40,CG1-02-47-40,CG1-02-47-40 sp001871475,OIO21269.1@GCA_001871475.1
GCA_001915065.1,OLB47224.1,PF07653.20,SH3_2,Archaea,Thermoproteota,Bathyarchaeia,40CM-2-53-6,40CM-2-53-6,40CM-2-53-6,40CM-2-53-6 sp001915065,OLB47224.1@GCA_001915065.1
GCA_001915065.1,OLB47224.1,PF00018.31,SH3_1,Archaea,Thermoproteota,Bathyarchaeia,40CM-2-53-6,40CM-2-53-6,40CM-2-53-6,40CM-2-53-6 sp001915065,OLB47224.1@GCA_001915065.1
GCA_001919285.1,OLD56156.1,PF07653.20,SH3_2,Archaea,Thermoproteota,Bathyarchaeia,40CM-2-53-6,40CM-2-53-6,40CM-2-53-6,40CM-2-53-6 sp001919285,OLD56156.1@GCA_001919285.1
GCA_001919285.1,OLD56156.1,PF00018.31,SH3_1,Archaea,Thermoproteota,Bathyarchaeia,40CM-2-53-6,40CM-2-53-6,40CM-2-53-6,40CM-2-53-6 sp001919285,OLD56156.1@GCA_001919285.1
GCA_001940705.1,OLS21343.1,PF08823.14,PG_binding_2,Archaea,Asgardarchaeota,Thorarchaeia,Thorarchaeales,Thorarchaeaceae,SMTZ1-45,SMTZ1-45 sp001940705,OLS21343.1@GCA_001940705.1
GCA_001940725.1,OLS23043.1,PF07653.20,SH3_2,Archaea,Asgardarchaeota,Heimdallarchaeia,UBA460,Kariarchaeaceae,LC-2,LC-2 sp001940725,OLS23043.1@GCA_001940725.1
GCA_001940725.1,OLS23043.1,PF13457.9,GW,Archaea,Asgardarchaeota,Heimdallarchaeia,UBA460,Kariarchaeaceae,LC-2,LC-2 sp001940725,OLS23043.1@GCA_001940725.1
GCA_001940725.1,OLS23043.1,PF00018.31,SH3_1,Archaea,Asgardarchaeota,Heimdallarchaeia,UBA460,Kariarchaeaceae,LC-2,LC-2 sp001940725,OLS23043.1@GCA_001940725.1
GCA_002011125.1,MTMF01000003.1_72,PF04122.15,CW_binding_2,Archaea,Hydrothermarchaeota,Hydrothermarchaeia,Hydrothermarchaeales,Hydrothermarchaeaceae,Hydrothermarchaeum,Hydrothermarchaeum profundi,MTMF01000003.1_72@GCA_002011125.1
GCA_002011125.1,MTMF01000013.1_45,PF04122.15,CW_binding_2,Archaea,Hydrothermarchaeota,Hydrothermarchaeia,Hydrothermarchaeales,Hydrothermarchaeaceae,Hydrothermarchaeum,Hydrothermarchaeum profundi,MTMF01000013.1_45@GCA_002011125.1
GCA_002011125.1,MTMF01000014.1_158,PF04122.15,CW_binding_2,Archaea,Hydrothermarchaeota,Hydrothermarchaeia,Hydrothermarchaeales,Hydrothermarchaeaceae,Hydrothermarchaeum,Hydrothermarchaeum profundi,MTMF01000014.1_158@GCA_002011125.1
GCA_002067365.1,OPY55024.1,PF01476.23,LysM,Archaea,Halobacteriota,Methanosarcinia,Methanotrichales,Methanotrichaceae,Methanothrix,Methanothrix sp002067365,OPY55024.1@GCA_002067365.1
GCA_002067705.1,OPY56249.1,PF01471.21,PG_binding_1,Archaea,Halobacteriota,Methanosarcinia,Methanotrichales,Methanotrichaceae,Methanothrix,Methanothrix sp002067705,OPY56249.1@GCA_002067705.1
GCA_002068435.1,OPZ41884.1,PF05036.16,SPOR,Archaea,Halobacteriota,Methanomicrobia,Methanomicrobiales,Methanoregulaceae,UBA9949,UBA9949 sp002068435,OPZ41884.1@GCA_002068435.1
GCA_002254745.1,OYT60773.1,PF08823.14,PG_binding_2,Archaea,Thermoproteota,Thermoprotei_A,EX4484-217-1,EX4484-217-1,EX4484-217-1,EX4484-217-1 sp002254745,OYT60773.1@GCA_002254745.1
GCA_002256595.1,OYV09741.1,PF01471.21,PG_binding_1,Archaea,Halobacteriota,Methanosarcinia,Methanotrichales,Methanotrichaceae,Methanothrix,Methanothrix sp002256595,OYV09741.1@GCA_002256595.1
GCA_002494885.1,DACV01000006.1_8,PF01471.21,PG_binding_1,Archaea,Methanobacteriota,Methanobacteria,Methanobacteriales,Methanobacteriaceae,Methanobacterium_D,Methanobacterium_D sp002494885,DACV01000006.1_8@GCA_002494885.1
GCA_002494885.1,DACV01000007.1_157,PF01471.21,PG_binding_1,Archaea,Methanobacteriota,Methanobacteria,Methanobacteriales,Methanobacteriaceae,Methanobacterium_D,Methanobacterium_D sp002494885,DACV01000007.1_157@GCA_002494885.1
GCA_002495625.1,DAGC01000007.1_9,PF01476.23,LysM,Archaea,Methanobacteriota,Methanobacteria,Methanobacteriales,Methanobacteriaceae,Methanobacterium_A,Methanobacterium_A sp002495625,DAGC01000007.1_9@GCA_002495625.1
GCA_002496565.1,DAKJ01000022.1_10,PF01471.21,PG_binding_1,Archaea,Halobacteriota,Methanosarcinia,Methanosarcinales,Methanosarcinaceae,Methanosarcina,Methanosarcina sp002496565,DAKJ01000022.1_10@GCA_002496565.1
GCA_002496805.1,DALO01000017.1_54,PF01471.21,PG_binding_1,Archaea,Methanobacteriota,Methanobacteria,Methanobacteriales,Methanobacteriaceae,Methanobacterium,Methanobacterium sp002496805,DALO01000017.1_54@GCA_002496805.1
GCA_002496805.1,DALO01000031.1_3,PF01471.21,PG_binding_1,Archaea,Methanobacteriota,Methanobacteria,Methanobacteriales,Methanobacteriaceae,Methanobacterium,Methanobacterium sp002496805,DALO01000031.1_3@GCA_002496805.1
GCA_002496905.1,DALV01000075.1_12,PF01471.21,PG_binding_1,Archaea,Thermoplasmatota,Poseidoniia,Poseidoniales,Thalassarchaeaceae,MGIIb-O1,MGIIb-O1 sp002496905,DALV01000075.1_12@GCA_002496905.1
GCA_002498125.1,DAGG01000031.1_14,PF01476.23,LysM,Archaea,Nanoarchaeota,Nanoarchaeia,Woesearchaeales,UBA525,UBA525,UBA525 sp002498125,DAGG01000031.1_14@GCA_002498125.1
GCA_002498385.1,DAHH01000013.1_17,PF01471.21,PG_binding_1,Archaea,Methanobacteriota,Methanobacteria,Methanobacteriales,Methanobacteriaceae,Methanobacterium_C,Methanobacterium_C sp002498385,DAHH01000013.1_17@GCA_002498385.1
GCA_002498385.1,DAHH01000016.1_106,PF01471.21,PG_binding_1,Archaea,Methanobacteriota,Methanobacteria,Methanobacteriales,Methanobacteriaceae,Methanobacterium_C,Methanobacterium_C sp002498385,DAHH01000016.1_106@GCA_002498385.1
GCA_002498385.1,DAHH01000021.1_2,PF01471.21,PG_binding_1,Archaea,Methanobacteriota,Methanobacteria,Methanobacteriales,Methanobacteriaceae,Methanobacterium_C,Methanobacterium_C sp002498385,DAHH01000021.1_2@GCA_002498385.1
GCA_002499445.1,DALS01000058.1_20,PF01471.21,PG_binding_1,Archaea,Halobacteriota,Methanosarcinia,Methanosarcinales,Methanosarcinaceae,Methanosarcina,Methanosarcina sp002499445,DALS01000058.1_20@GCA_002499445.1
GCA_002502855.1,DAQK01000046.1_61,PF01471.21,PG_binding_1,Archaea,Methanobacteriota,Methanobacteria,Methanobacteriales,Methanobacteriaceae,Methanobacterium_A,Methanobacterium_A sp002502855,DAQK01000046.1_61@GCA_002502855.1
GCA_002503205.1,DARE01000013.1_26,PF08823.14,PG_binding_2,Archaea,Thermoplasmatota,Thermoplasmata,Thermoplasmatales,Thermoplasmataceae,UBA447,UBA447 sp002503205,DARE01000013.1_26@GCA_002503205.1
GCA_002503395.1,DARQ01000019.1_1,PF01471.21,PG_binding_1,Archaea,Thermoplasmatota,Poseidoniia,Poseidoniales,Poseidoniaceae,UBA60,UBA60 sp002503395,DARQ01000019.1_1@GCA_002503395.1
GCA_002503985.1,DASW01000007.1_19,PF08823.14,PG_binding_2,Archaea,Thermoplasmatota,Thermoplasmata,UBA184,UBA184,UBA184,UBA184 sp002503985,DASW01000007.1_19@GCA_002503985.1
GCA_002505495.1,DAVI01000078.1_11,PF01471.21,PG_binding_1,Archaea,Thermoplasmatota,Poseidoniia,Poseidoniales,Thalassarchaeaceae,MGIIb-Q1,MGIIb-Q1 sp002505495,DAVI01000078.1_11@GCA_002505495.1
GCA_002505765.1,DAVZ01000004.1_32,PF01471.21,PG_binding_1,Archaea,Methanobacteriota,Methanobacteria,Methanobacteriales,Methanobacteriaceae,Methanobacterium_D,Methanobacterium_D sp002505765,DAVZ01000004.1_32@GCA_002505765.1
GCA_002505805.1,DAWB01000155.1_4,PF01471.21,PG_binding_1,Archaea,Halobacteriota,Methanosarcinia,Methanotrichales,Methanotrichaceae,Methanothrix,Methanothrix sp002505805,DAWB01000155.1_4@GCA_002505805.1
GCA_002508425.1,DAKU01000127.1_5,PF01471.21,PG_binding_1,Archaea,Halobacteriota,Methanosarcinia,Methanosarcinales,Methanosarcinaceae,Methanomethylovorans,Methanomethylovorans sp002508425,DAKU01000127.1_5@GCA_002508425.1
GCA_002509665.1,DADN01000153.1_4,PF01471.21,PG_binding_1,Archaea,Methanobacteriota,Methanobacteria,Methanobacteriales,Methanobacteriaceae,Methanobacterium_D,Methanobacterium_D sp002509665,DADN01000153.1_4@GCA_002509665.1
GCA_002509665.1,DADN01000217.1_10,PF01471.21,PG_binding_1,Archaea,Methanobacteriota,Methanobacteria,Methanobacteriales,Methanobacteriaceae,Methanobacterium_D,Methanobacterium_D sp002509665,DADN01000217.1_10@GCA_002509665.1
GCA_002509665.1,DADN01000217.1_9,PF01471.21,PG_binding_1,Archaea,Methanobacteriota,Methanobacteria,Methanobacteriales,Methanobacteriaceae,Methanobacterium_D,Methanobacterium_D sp002509665,DADN01000217.1_9@GCA_002509665.1
GCA_002509665.1,DADN01000217.1_9,PF09374.13,PG_binding_3,Archaea,Methanobacteriota,Methanobacteria,Methanobacteriales,Methanobacteriaceae,Methanobacterium_D,Methanobacterium_D sp002509665,DADN01000217.1_9@GCA_002509665.1
GCA_002685895.1,MAE38978.1,PF01471.21,PG_binding_1,Archaea,Thermoplasmatota,Poseidoniia,Poseidoniales,Thalassarchaeaceae,MGIIb-Q1,MGIIb-Q1 sp002685895,MAE38978.1@GCA_002685895.1
GCA_002686195.1,MAG24308.1,PF01471.21,PG_binding_1,Archaea,Nanoarchaeota,Nanoarchaeia,Pacearchaeales,GW2011-AR1,ARS23,ARS23 sp002686195,MAG24308.1@GCA_002686195.1
GCA_002686195.1,MAG25584.1,PF01471.21,PG_binding_1,Archaea,Nanoarchaeota,Nanoarchaeia,Pacearchaeales,GW2011-AR1,ARS23,ARS23 sp002686195,MAG25584.1@GCA_002686195.1
GCA_002686195.1,MAG25836.1,PF01471.21,PG_binding_1,Archaea,Nanoarchaeota,Nanoarchaeia,Pacearchaeales,GW2011-AR1,ARS23,ARS23 sp002686195,MAG25836.1@GCA_002686195.1
GCA_002686195.1,MAG27712.1,PF01471.21,PG_binding_1,Archaea,Nanoarchaeota,Nanoarchaeia,Pacearchaeales,GW2011-AR1,ARS23,ARS23 sp002686195,MAG27712.1@GCA_002686195.1
GCA_002686195.1,MAG28018.1,PF01476.23,LysM,Archaea,Nanoarchaeota,Nanoarchaeia,Pacearchaeales,GW2011-AR1,ARS23,ARS23 sp002686195,MAG28018.1@GCA_002686195.1
GCA_002686315.1,MAG73007.1,PF01476.23,LysM,Archaea,Nanoarchaeota,Nanoarchaeia,Woesearchaeales,GW2011-AR9,UBA11998,UBA11998 sp002686315,MAG73007.1@GCA_002686315.1
GCA_002687255.1,MAE50161.1,PF01471.21,PG_binding_1,Archaea,Nanoarchaeota,Nanoarchaeia,Pacearchaeales,GW2011-AR1,ARS50,ARS50 sp002687255,MAE50161.1@GCA_002687255.1
GCA_002687775.1,MAF99140.1,PF01476.23,LysM,Archaea,Nanoarchaeota,Nanoarchaeia,Woesearchaeales,GW2011-AR9,NZBF01,NZBF01 sp002687775,MAF99140.1@GCA_002687775.1
GCA_002687795.1,MAG07876.1,PF01476.23,LysM,Archaea,Nanoarchaeota,Nanoarchaeia,Woesearchaeales,GCA-2687795,GCA-2687795,GCA-2687795 sp002687795,MAG07876.1@GCA_002687795.1
GCA_002690445.1,MAH44952.1,PF01471.21,PG_binding_1,Archaea,Nanoarchaeota,Nanoarchaeia,Pacearchaeales,GW2011-AR1,ARS10,ARS10 sp002690445,MAH44952.1@GCA_002690445.1
GCA_002690445.1,MAH47919.1,PF01471.21,PG_binding_1,Archaea,Nanoarchaeota,Nanoarchaeia,Pacearchaeales,GW2011-AR1,ARS10,ARS10 sp002690445,MAH47919.1@GCA_002690445.1
GCA_002693165.1,MAM42632.1,PF01476.23,LysM,Archaea,Thermoproteota,Nitrososphaeria,Nitrososphaerales,UBA57,UBA57,UBA57 sp002693165,MAM42632.1@GCA_002693165.1
GCA_002713325.1,MBE44764.1,PF05036.16,SPOR,Archaea,Thermoproteota,Nitrososphaeria,Nitrososphaerales,UBA213,UBA213,UBA213 sp002713325,MBE44764.1@GCA_002713325.1
GCA_002725475.1,MBO57457.1,PF01471.21,PG_binding_1,Archaea,Thermoplasmatota,Poseidoniia,Poseidoniales,Thalassarchaeaceae,MGIIb-Q1,MGIIb-Q1 sp002725475,MBO57457.1@GCA_002725475.1
GCA_002727675.1,MBS71920.1,PF01471.21,PG_binding_1,Archaea,Thermoplasmatota,Poseidoniia,Poseidoniales,Thalassarchaeaceae,MGIIb-Q1,MGIIb-Q1 sp002727675,MBS71920.1@GCA_002727675.1
GCA_002762985.1,PIN85992.1,PF01471.21,PG_binding_1,Archaea,Nanoarchaeota,Nanoarchaeia,Woesearchaeales,UBA12501,1-14-0-10-44-13,1-14-0-10-44-13 sp002762985,PIN85992.1@GCA_002762985.1
GCA_002763025.1,PIN88058.1,PF01471.21,PG_binding_1,Archaea,Nanoarchaeota,Nanoarchaeia,Woesearchaeales,GW2011-AR9,1-14-0-10-32-24,1-14-0-10-32-24 sp002763025,PIN88058.1@GCA_002763025.1
GCA_002792115.1,PIZ50628.1,PF01476.23,LysM,Archaea,Nanoarchaeota,Nanoarchaeia,Woesearchaeales,GW2011-AR9,GCA-002792115,GCA-002792115 sp002792115,PIZ50628.1@GCA_002792115.1
GCA_002825515.1,PJET01000032.1_8,PF08823.14,PG_binding_2,Archaea,Asgardarchaeota,Thorarchaeia,Thorarchaeales,Thorarchaeaceae,SMTZ1-45,SMTZ1-45 sp002825515,PJET01000032.1_8@GCA_002825515.1
GCA_002838935.1,PKK85283.1,PF04122.15,CW_binding_2,Archaea,Thermoplasmatota,E2,GCA-002838935,GCA-002838935,GCA-002838935,GCA-002838935 sp002838935,PKK85283.1@GCA_002838935.1
GCA_002839705.1,PKL68939.1,PF01471.21,PG_binding_1,Archaea,Methanobacteriota,Methanobacteria,Methanobacteriales,Methanobacteriaceae,UBA349,UBA349 sp002839705,PKL68939.1@GCA_002839705.1
GCA_002877855.1,PMP60017.1,PF08823.14,PG_binding_2,Archaea,Thermoproteota,Thermoprotei_A,Sulfolobales,Acidilobaceae,Caldisphaera,Caldisphaera sp002877855,PMP60017.1@GCA_002877855.1
GCA_002897655.1,GBE19753.1,PF01476.23,LysM,Archaea,Nanoarchaeota,Nanoarchaeia,Pacearchaeales,GW2011-AR1,BMS3ABIN17,BMS3ABIN17 sp002897655,GBE19753.1@GCA_002897655.1
GCA_002897955.1,GBE54266.1,PF04122.15,CW_binding_2,Archaea,Hydrothermarchaeota,Hydrothermarchaeia,Hydrothermarchaeales,BMS3B,BMS3B,BMS3B sp002897955,GBE54266.1@GCA_002897955.1
GCA_002923215.1,GBE17646.1,PF04122.15,CW_binding_2,Archaea,Hydrothermarchaeota,Hydrothermarchaeia,Hydrothermarchaeales,SZUA-236,SZUA-236,SZUA-236 sp002923215,GBE17646.1@GCA_002923215.1
GCA_002923215.1,GBE18987.1,PF04122.15,CW_binding_2,Archaea,Hydrothermarchaeota,Hydrothermarchaeia,Hydrothermarchaeales,SZUA-236,SZUA-236,SZUA-236 sp002923215,GBE18987.1@GCA_002923215.1
GCA_003009815.1,PSH00269.1,PF04122.15,CW_binding_2,Archaea,Nanohaloarchaeota,Nanosalinia,Nanosalinales,Nanosalinaceae,SW-4-43-9,SW-4-43-9 sp003009815,PSH00269.1@GCA_003009815.1
GCA_003020945.1,PSQ07631.1,PF08823.14,PG_binding_2,Archaea,Halobacteriota,Halobacteria,Halobacteriales,Haloferacaceae,Halobaculum,Halobaculum sp003020945,PSQ07631.1@GCA_003020945.1
GCA_003021085.1,PSP75469.1,PF08239.14,SH3_3,Archaea,Halobacteriota,Halobacteria,Halobacteriales,PXRE01,PXRE01,PXRE01 sp003021085,PSP75469.1@GCA_003021085.1
GCA_003021175.1,PSP58122.1,PF08823.14,PG_binding_2,Archaea,Halobacteriota,Halobacteria,Halobacteriales,Haloarculaceae,Halosegnis,Halosegnis sp003021175,PSP58122.1@GCA_003021175.1
GCA_003021305.1,PSP31698.1,PF01476.23,LysM,Archaea,Halobacteriota,Halobacteria,Halobacteriales,Haloarculaceae,QH-10-67-22,QH-10-67-22 sp003021305,PSP31698.1@GCA_003021305.1
GCA_003021305.1,PSP32855.1,PF01476.23,LysM,Archaea,Halobacteriota,Halobacteria,Halobacteriales,Haloarculaceae,QH-10-67-22,QH-10-67-22 sp003021305,PSP32855.1@GCA_003021305.1
GCA_003021785.1,PSP37514.1,PF08823.14,PG_binding_2,Archaea,Halobacteriota,Halobacteria,Halobacteriales,Haloarculaceae,Halosegnis,Halosegnis sp003021785,PSP37514.1@GCA_003021785.1
GCA_003021975.1,PSQ02803.1,PF08823.14,PG_binding_2,Archaea,Halobacteriota,Halobacteria,Halobacteriales,Haloarculaceae,Halomarina,Halomarina sp003021975,PSQ02803.1@GCA_003021975.1
GCA_003022005.1,PSQ09079.1,PF08823.14,PG_binding_2,Archaea,Halobacteriota,Halobacteria,Halobacteriales,Haloarculaceae,QS-5-70-15,QS-5-70-15 sp003022005,PSQ09079.1@GCA_003022005.1
GCA_003022865.1,PSQ39384.1,PF08823.14,PG_binding_2,Archaea,Halobacteriota,Halobacteria,Halobacteriales,SW-7-71-33,SW-7-71-33,SW-7-71-33 sp003022865,PSQ39384.1@GCA_003022865.1
GCA_003023185.1,PSQ24454.1,PF08823.14,PG_binding_2,Archaea,Halobacteriota,Halobacteria,Halobacteriales,Haloarculaceae,Halosegnis,Halosegnis sp003023185,PSQ24454.1@GCA_003023185.1
GCA_003023195.1,PSQ18642.1,PF08823.14,PG_binding_2,Archaea,Halobacteriota,Halobacteria,Halobacteriales,SW-7-71-33,SW-7-71-33,SW-7-71-33 sp003023195,PSQ18642.1@GCA_003023195.1
GCA_003023195.1,PSQ19188.1,PF01476.23,LysM,Archaea,Halobacteriota,Halobacteria,Halobacteriales,SW-7-71-33,SW-7-71-33,SW-7-71-33 sp003023195,PSQ19188.1@GCA_003023195.1
GCA_003144275.1,PWI47328.1,PF08823.14,PG_binding_2,Archaea,Asgardarchaeota,Heimdallarchaeia,Hodarchaeales,Hodarchaeaceae,Hodarchaeum,Hodarchaeum sp003144275,PWI47328.1@GCA_003144275.1
GCA_003151535.1,PLXT01000064.1_42,PF01471.21,PG_binding_1,Archaea,Methanobacteriota,Methanobacteria,Methanobacteriales,Methanobacteriaceae,Methanobacterium_B,Methanobacterium_B sp003151535,PLXT01000064.1_42@GCA_003151535.1
GCA_003194445.1,PXF59443.1,PF05036.16,SPOR,Archaea,Halobacteriota,Methanosarcinia,Methanosarcinales,Methanogasteraceae,Methanogaster,Methanogaster sp003194445,PXF59443.1@GCA_003194445.1
GCA_003229935.1,QIGD01000044.1_1,PF04122.15,CW_binding_2,Archaea,Hydrothermarchaeota,Hydrothermarchaeia,Hydrothermarchaeales,BMS3B,BMS3B,BMS3B sp003229935,QIGD01000044.1_1@GCA_003229935.1
GCA_003230355.1,QIDD01000002.1_1,PF04122.15,CW_binding_2,Archaea,Hydrothermarchaeota,Hydrothermarchaeia,Hydrothermarchaeales,SZUA-236,SZUA-236,SZUA-236 sp003230355,QIDD01000002.1_1@GCA_003230355.1
GCA_003298465.1,RBI64707.1,PF08823.14,PG_binding_2,Archaea,Halobacteriota,Halobacteria,Halobacteriales,Haladaptataceae,Haladaptatus,Haladaptatus sp003298465,RBI64707.1@GCA_003298465.1
GCA_003336485.1,RCV64316.1,PF04122.15,CW_binding_2,Archaea,Halobacteriota,Syntropharchaeia,ANME-1,ANME-1,QENH01,QENH01 sp003336485,RCV64316.1@GCA_003336485.1
GCA_003345545.1,RDE15951.1,PF08823.14,PG_binding_2,Archaea,Asgardarchaeota,Thorarchaeia,Thorarchaeales,Thorarchaeaceae,MP8T-1,MP8T-1 sp003345545,RDE15951.1@GCA_003345545.1
GCA_003345555.1,RDE10758.1,PF08823.14,PG_binding_2,Archaea,Asgardarchaeota,Thorarchaeia,Thorarchaeales,Thorarchaeaceae,OWC5,OWC5 sp003345555,RDE10758.1@GCA_003345555.1
GCA_003345595.1,RDE12818.1,PF08823.14,PG_binding_2,Archaea,Asgardarchaeota,Thorarchaeia,Thorarchaeales,Thorarchaeaceae,OWC5,OWC5 sp003345595,RDE12818.1@GCA_003345595.1
GCA_003491285.1,AXV37310.1,PF01471.21,PG_binding_1,Archaea,Methanobacteriota,Methanobacteria,Methanobacteriales,Methanobacteriaceae,UBA117,UBA117 sp002494785,AXV37310.1@GCA_003491285.1
GCA_003491305.1,AXV39051.1,PF01471.21,PG_binding_1,Archaea,Methanobacteriota,Methanobacteria,Methanobacteriales,Methanobacteriaceae,Methanobacterium,Methanobacterium sp003491305,AXV39051.1@GCA_003491305.1
GCA_003491305.1,AXV39054.1,PF08823.14,PG_binding_2,Archaea,Methanobacteriota,Methanobacteria,Methanobacteriales,Methanobacteriaceae,Methanobacterium,Methanobacterium sp003491305,AXV39054.1@GCA_003491305.1
GCA_003491305.1,AXV39054.1,PF01471.21,PG_binding_1,Archaea,Methanobacteriota,Methanobacteria,Methanobacteriales,Methanobacteriaceae,Methanobacterium,Methanobacterium sp003491305,AXV39054.1@GCA_003491305.1
GCA_003491305.1,AXV39874.1,PF08823.14,PG_binding_2,Archaea,Methanobacteriota,Methanobacteria,Methanobacteriales,Methanobacteriaceae,Methanobacterium,Methanobacterium sp003491305,AXV39874.1@GCA_003491305.1
GCA_003491305.1,AXV39874.1,PF01471.21,PG_binding_1,Archaea,Methanobacteriota,Methanobacteria,Methanobacteriales,Methanobacteriaceae,Methanobacterium,Methanobacterium sp003491305,AXV39874.1@GCA_003491305.1
GCA_003551265.1,PUMG01000359.1_1,PF04122.15,CW_binding_2,Archaea,Halobacteriota,Halobacteria,Halobacteriales,Haloarculaceae,Halovenus,Halovenus sp003551265,PUMG01000359.1_1@GCA_003551265.1
GCA_003554115.1,PWFE01000165.1_2,PF01476.23,LysM,Archaea,Halobacteriota,Halobacteria,Halobacteriales,Haloferacaceae,Halohasta,Halohasta sp003554115,PWFE01000165.1_2@GCA_003554115.1
GCA_003554465.1,PWGL01000018.1_1,PF04122.15,CW_binding_2,Archaea,Nanoarchaeota,Nanoarchaeia,Pacearchaeales,GW2011-AR1,PWGL01,PWGL01 sp003554465,PWGL01000018.1_1@GCA_003554465.1
GCA_003554465.1,PWGL01000035.1_7,PF01476.23,LysM,Archaea,Nanoarchaeota,Nanoarchaeia,Pacearchaeales,GW2011-AR1,PWGL01,PWGL01 sp003554465,PWGL01000035.1_7@GCA_003554465.1
GCA_003554465.1,PWGL01000091.1_5,PF01476.23,LysM,Archaea,Nanoarchaeota,Nanoarchaeia,Pacearchaeales,GW2011-AR1,PWGL01,PWGL01 sp003554465,PWGL01000091.1_5@GCA_003554465.1
GCA_003554465.1,PWGL01000114.1_5,PF04122.15,CW_binding_2,Archaea,Nanoarchaeota,Nanoarchaeia,Pacearchaeales,GW2011-AR1,PWGL01,PWGL01 sp003554465,PWGL01000114.1_5@GCA_003554465.1
GCA_003554965.1,PWHR01000051.1_2,PF04122.15,CW_binding_2,Archaea,Thermoplasmatota,Thermoplasmata,PWKY01,PWKY01,Natronoplasma,Natronoplasma sp003554965,PWHR01000051.1_2@GCA_003554965.1
GCA_003554965.1,PWHR01000059.1_46,PF01476.23,LysM,Archaea,Thermoplasmatota,Thermoplasmata,PWKY01,PWKY01,Natronoplasma,Natronoplasma sp003554965,PWHR01000059.1_46@GCA_003554965.1
GCA_003554965.1,PWHR01000083.1_1,PF04122.15,CW_binding_2,Archaea,Thermoplasmatota,Thermoplasmata,PWKY01,PWKY01,Natronoplasma,Natronoplasma sp003554965,PWHR01000083.1_1@GCA_003554965.1
GCA_003555465.1,PWIB01000058.1_3,PF04122.15,CW_binding_2,Archaea,Aenigmatarchaeota,Aenigmatarchaeia,PWEA01,PWEA01,PWEA01,PWEA01 sp003555465,PWIB01000058.1_3@GCA_003555465.1
GCA_003560545.1,PWLK01000008.1_5,PF01476.23,LysM,Archaea,Nanoarchaeota,Nanoarchaeia,Woesearchaeales,21-14-0-10-32-9,PWWA01,PWWA01 sp003560545,PWLK01000008.1_5@GCA_003560545.1
GCA_003561825.1,PWVO01000194.1_1,PF01476.23,LysM,Archaea,Nanoarchaeota,Nanoarchaeia,Woesearchaeales,CG1-02-33-12,PWVO01,PWVO01 sp003561825,PWVO01000194.1_1@GCA_003561825.1
GCA_003562145.1,PWWA01000078.1_4,PF01476.23,LysM,Archaea,Nanoarchaeota,Nanoarchaeia,Woesearchaeales,21-14-0-10-32-9,PWWA01,PWWA01 sp003562145,PWWA01000078.1_4@GCA_003562145.1
GCA_003649845.1,RLF39164.1,PF01476.23,LysM,Archaea,Thermoplasmatota,E2,DHVEG-1,DHVEG-1,B44-G15,B44-G15 sp003649845,RLF39164.1@GCA_003649845.1
GCA_003650545.1,RLE37882.1,PF01476.23,LysM,Archaea,Nanoarchaeota,Nanoarchaeia,Woesearchaeales,B72-G16,B72-G16,B72-G16 sp003650545,RLE37882.1@GCA_003650545.1
GCA_003650585.1,RLE42606.1,PF01476.23,LysM,Archaea,Nanoarchaeota,Nanoarchaeia,Woesearchaeales,B29-G15,B29-G15,B29-G15 sp003650585,RLE42606.1@GCA_003650585.1
GCA_003660485.1,RLF89159.1,PF04122.15,CW_binding_2,Archaea,Methanobacteriota_B,Thermococci,Thermococcales,Thermococcaceae,Pyrococcus,Pyrococcus sp003660485,RLF89159.1@GCA_003660485.1
GCA_003660555.1,RLF89705.1,PF04122.15,CW_binding_2,Archaea,Hadarchaeota,B88-G9,B88-G9,B88-G9,B88-G9,B88-G9 sp003660555,RLF89705.1@GCA_003660555.1
GCA_003660555.1,RLF91059.1,PF04122.15,CW_binding_2,Archaea,Hadarchaeota,B88-G9,B88-G9,B88-G9,B88-G9,B88-G9 sp003660555,RLF91059.1@GCA_003660555.1
GCA_003660555.1,RLF91697.1,PF04122.15,CW_binding_2,Archaea,Hadarchaeota,B88-G9,B88-G9,B88-G9,B88-G9,B88-G9 sp003660555,RLF91697.1@GCA_003660555.1
GCA_003660925.1,RLG17118.1,PF04122.15,CW_binding_2,Archaea,Nanoarchaeota,Nanoarchaeia,B33-G15,B33-G15,B33-G15,B33-G15 sp003660925,RLG17118.1@GCA_003660925.1
GCA_003663025.1,RLI82151.1,PF01476.23,LysM,Archaea,Halobacteriota,Archaeoglobi,Archaeoglobales,Archaeoglobaceae,Archaeoglobus_B,Archaeoglobus_B sp003663025,RLI82151.1@GCA_003663025.1
GCA_003663045.1,RLI87447.1,PF04122.15,CW_binding_2,Archaea,Altiarchaeota,Altiarchaeia,IMC4,QMZM01,QMZG01,QMZG01 sp003663045,RLI87447.1@GCA_003663045.1
GCA_003663175.1,RLI93786.1,PF04122.15,CW_binding_2,Archaea,Altiarchaeota,Altiarchaeia,IMC4,QMZM01,QMZM01,QMZM01 sp003663175,RLI93786.1@GCA_003663175.1
GCA_003663695.1,RLF75540.1,PF04122.15,CW_binding_2,Archaea,Methanobacteriota_B,Thermococci,Thermococcales,Thermococcaceae,Palaeococcus,Palaeococcus sp003663695,RLF75540.1@GCA_003663695.1
GCA_003695745.1,RMF90322.1,PF04122.15,CW_binding_2,Archaea,Hydrothermarchaeota,Hydrothermarchaeia,Hydrothermarchaeales,SZUA-236,J060,J060 sp003695745,RMF90322.1@GCA_003695745.1
GCA_004195515.1,RZD37865.1,PF01471.21,PG_binding_1,Archaea,Thermoplasmatota,Poseidoniia,Poseidoniales,Poseidoniaceae,MGIIa-K1,MGIIa-K1 sp004195515,RZD37865.1@GCA_004195515.1
GCA_004212135.1,RZN35494.1,PF01476.23,LysM,Archaea,Halobacteriota,Syntropharchaeia,ANME-1,ANME-1,ANME-1-THS,ANME-1-THS sp004212135,RZN35494.1@GCA_004212135.1
GCA_004376265.1,TET06353.1,PF07653.20,SH3_2,Archaea,Asgardarchaeota,Thorarchaeia,Thorarchaeales,Thorarchaeaceae,SMTZ1-45,SMTZ1-45 sp004376265,TET06353.1@GCA_004376265.1
GCA_004376385.1,TET28728.1,PF01471.21,PG_binding_1,Archaea,Thermoproteota,Bathyarchaeia,B26-1,BA1,BIN-L-1,BIN-L-1 sp004376385,TET28728.1@GCA_004376385.1
GCA_004524365.1,TFF97020.1,PF01471.21,PG_binding_1,Archaea,Asgardarchaeota,Lokiarchaeia,CR-4,SOKP01,TEKIR-8,TEKIR-8 sp004524365,TFF97020.1@GCA_004524365.1
GCA_004524365.1,TFF97020.1,PF08823.14,PG_binding_2,Archaea,Asgardarchaeota,Lokiarchaeia,CR-4,SOKP01,TEKIR-8,TEKIR-8 sp004524365,TFF97020.1@GCA_004524365.1
GCA_004524365.1,TFG00248.1,PF07653.20,SH3_2,Archaea,Asgardarchaeota,Lokiarchaeia,CR-4,SOKP01,TEKIR-8,TEKIR-8 sp004524365,TFG00248.1@GCA_004524365.1
GCA_004524365.1,TFG00248.1,PF00018.31,SH3_1,Archaea,Asgardarchaeota,Lokiarchaeia,CR-4,SOKP01,TEKIR-8,TEKIR-8 sp004524365,TFG00248.1@GCA_004524365.1
GCA_004524365.1,TFG00248.1,PF14604.9,SH3_9,Archaea,Asgardarchaeota,Lokiarchaeia,CR-4,SOKP01,TEKIR-8,TEKIR-8 sp004524365,TFG00248.1@GCA_004524365.1
GCA_004524435.1,TFG04308.1,PF08823.14,PG_binding_2,Archaea,Asgardarchaeota,Thorarchaeia,Thorarchaeales,Thorarchaeaceae,TEKIR-12S,TEKIR-12S sp004524435,TFG04308.1@GCA_004524435.1
GCA_004524445.1,TFG13761.1,PF08823.14,PG_binding_2,Archaea,Asgardarchaeota,Thorarchaeia,Thorarchaeales,Thorarchaeaceae,TEKIR-14,TEKIR-14 sp004524445,TFG13761.1@GCA_004524445.1
GCA_004524595.1,TFG34034.1,PF08823.14,PG_binding_2,Archaea,Asgardarchaeota,Thorarchaeia,Thorarchaeales,Thorarchaeaceae,MP8T-1,MP8T-1 sp004524595,TFG34034.1@GCA_004524595.1
GCA_004553595.1,SFKZ01000001.1_36,PF01471.21,PG_binding_1,Archaea,Methanobacteriota,Methanobacteria,Methanobacteriales,Methanobacteriaceae,Methanobrevibacter,Methanobrevibacter ruminantium_A,SFKZ01000001.1_36@GCA_004553595.1
GCA_004553595.1,SFKZ01000002.1_52,PF01471.21,PG_binding_1,Archaea,Methanobacteriota,Methanobacteria,Methanobacteriales,Methanobacteriaceae,Methanobrevibacter,Methanobrevibacter ruminantium_A,SFKZ01000002.1_52@GCA_004553595.1
GCA_004553595.1,SFKZ01000024.1_7,PF01476.23,LysM,Archaea,Methanobacteriota,Methanobacteria,Methanobacteriales,Methanobacteriaceae,Methanobrevibacter,Methanobrevibacter ruminantium_A,SFKZ01000024.1_7@GCA_004553595.1
GCA_005222975.1,TKJ27483.1,PF08460.13,SH3_5,Archaea,Asgardarchaeota,Lokiarchaeia,CR-4,SOKP01,SOKP01,SOKP01 sp005222975,TKJ27483.1@GCA_005222975.1
GCA_005223125.1,TKJ19806.1,PF11741.11,AMIN,Archaea,Asgardarchaeota,Lokiarchaeia,CR-4,SOKP01,Loki-b32,Loki-b32 sp005223125,TKJ19806.1@GCA_005223125.1
GCA_005223125.1,TKJ23048.1,PF07653.20,SH3_2,Archaea,Asgardarchaeota,Lokiarchaeia,CR-4,SOKP01,Loki-b32,Loki-b32 sp005223125,TKJ23048.1@GCA_005223125.1
GCA_005239435.1,SZNP01000001.1_1272,PF08823.14,PG_binding_2,Archaea,Halobacteriota,Halobacteria,Halobacteriales,Haladaptataceae,Halorussus,Halorussus sp005239435,SZNP01000001.1_1272@GCA_005239435.1
GCA_005878385.1,TLZ56405.1,PF08823.14,PG_binding_2,Archaea,Thermoplasmatota,Thermoplasmata,RBG-16-68-12,RBG-16-68-12,RBG-16-68-12,RBG-16-68-12 sp005878385,TLZ56405.1@GCA_005878385.1
GCA_005878485.1,TLZ77377.1,PF08823.14,PG_binding_2,Archaea,Thermoplasmatota,Thermoplasmata,RBG-16-68-12,RBG-16-68-12,RBG-16-68-12,RBG-16-68-12 sp005878485,TLZ77377.1@GCA_005878485.1
GCA_005878515.1,TLZ91917.1,PF08823.14,PG_binding_2,Archaea,Thermoplasmatota,Thermoplasmata,RBG-16-68-12,RBG-16-68-12,RBG-16-68-12,RBG-16-68-12 sp005878515,TLZ91917.1@GCA_005878515.1
GCA_005878525.1,TLZ85335.1,PF08823.14,PG_binding_2,Archaea,Thermoplasmatota,Thermoplasmata,RBG-16-68-12,RBG-16-68-12,RBG-16-68-12,RBG-16-68-12 sp005878525,TLZ85335.1@GCA_005878525.1
GCA_005878615.1,TLZ95758.1,PF08823.14,PG_binding_2,Archaea,Thermoplasmatota,Thermoplasmata,RBG-16-68-12,RBG-16-68-12,RBG-16-68-12,RBG-16-68-12 sp005878615,TLZ95758.1@GCA_005878615.1
GCA_005878635.1,TMA07987.1,PF08823.14,PG_binding_2,Archaea,Thermoplasmatota,Thermoplasmata,RBG-16-68-12,RBG-16-68-12,RBG-16-68-12,RBG-16-68-12 sp005878635,TMA07987.1@GCA_005878635.1
GCA_005878915.1,TLZ61571.1,PF08823.14,PG_binding_2,Archaea,Thermoplasmatota,Thermoplasmata,RBG-16-68-12,RBG-16-68-12,EA-19,EA-19 sp005878915,TLZ61571.1@GCA_005878915.1
GCA_005878955.1,TLZ73596.1,PF08823.14,PG_binding_2,Archaea,Thermoplasmatota,Thermoplasmata,RBG-16-68-12,RBG-16-68-12,EA-19,EA-19 sp005878955,TLZ73596.1@GCA_005878955.1
GCA_005878985.1,TLZ88482.1,PF08823.14,PG_binding_2,Archaea,Thermoplasmatota,Thermoplasmata,RBG-16-68-12,RBG-16-68-12,RBG-16-68-12,RBG-16-68-12 sp005878985,TLZ88482.1@GCA_005878985.1
GCA_005879045.1,TMA00583.1,PF08823.14,PG_binding_2,Archaea,Thermoplasmatota,Thermoplasmata,RBG-16-68-12,RBG-16-68-12,RBG-16-68-12,RBG-16-68-12 sp005879045,TMA00583.1@GCA_005879045.1
GCA_005879065.1,TLZ98983.1,PF08823.14,PG_binding_2,Archaea,Thermoplasmatota,Thermoplasmata,RBG-16-68-12,RBG-16-68-12,RBG-16-68-12,RBG-16-68-12 sp005879065,TLZ98983.1@GCA_005879065.1
GCA_005882905.1,TMI45712.1,PF07653.20,SH3_2,Archaea,Thermoproteota,Bathyarchaeia,40CM-2-53-6,40CM-2-53-6,40CM-2-53-6,40CM-2-53-6 sp005882905,TMI45712.1@GCA_005882905.1
GCA_005882905.1,TMI45712.1,PF00018.31,SH3_1,Archaea,Thermoproteota,Bathyarchaeia,40CM-2-53-6,40CM-2-53-6,40CM-2-53-6,40CM-2-53-6 sp005882905,TMI45712.1@GCA_005882905.1
GCA_005888635.1,TMI66768.1,PF07653.20,SH3_2,Archaea,Thermoproteota,Bathyarchaeia,40CM-2-53-6,40CM-2-53-6,40CM-2-53-6,40CM-2-53-6 sp005888635,TMI66768.1@GCA_005888635.1
GCA_005888635.1,TMI66768.1,PF00018.31,SH3_1,Archaea,Thermoproteota,Bathyarchaeia,40CM-2-53-6,40CM-2-53-6,40CM-2-53-6,40CM-2-53-6 sp005888635,TMI66768.1@GCA_005888635.1
GCA_005954745.1,CP040678.1_2073,PF01476.23,LysM,Archaea,Halobacteriota,Halobacteria,Halobacteriales,QS-9-68-17,Halostella,Halostella pelagica,CP040678.1_2073@GCA_005954745.1
GCA_007117755.1,SKFY01000047.1_25,PF01476.23,LysM,Archaea,Nanoarchaeota,Nanoarchaeia,Woesearchaeales,21-14-0-10-32-9,SKIS01,SKIS01 sp007117755,SKFY01000047.1_25@GCA_007117755.1
GCA_007118975.1,SKQO01000003.1_23,PF01476.23,LysM,Archaea,Halobacteriota,Halobacteria,Halobacteriales,SKNY01,SKQO01,SKQO01 sp007118975,SKQO01000003.1_23@GCA_007118975.1
GCA_007122455.1,SKTU01000028.1_5,PF01476.23,LysM,Archaea,Halobacteriota,Halobacteria,Halobacteriales,Haloarculaceae,Natronomonas,Natronomonas sp007122455,SKTU01000028.1_5@GCA_007122455.1
GCA_007122875.1,SKSS01000027.1_16,PF08823.14,PG_binding_2,Archaea,Halobacteriota,Halobacteria,Halobacteriales,QS-1-68-20,QS-1-68-20,QS-1-68-20 sp007122875,SKSS01000027.1_16@GCA_007122875.1
GCA_007128515.1,SKXI01000237.1_1,PF01476.23,LysM,Archaea,Halobacteriota,Halobacteria,Halobacteriales,Halalkalicoccaceae,SKXI01,SKXI01 sp007128515,SKXI01000237.1_1@GCA_007128515.1
GCA_007129135.1,SKWB01000376.1_2,PF08823.14,PG_binding_2,Archaea,Halobacteriota,Halobacteria,Halobacteriales,Halalkalicoccaceae,SKXI01,SKXI01 sp007129135,SKWB01000376.1_2@GCA_007129135.1
GCA_007131205.1,SLQZ01000073.1_3,PF01476.23,LysM,Archaea,Nanoarchaeota,Nanoarchaeia,Woesearchaeales,21-14-0-10-32-9,PWWA01,PWWA01 sp007131205,SLQZ01000073.1_3@GCA_007131205.1
GCA_007135505.1,SLIS01000238.1_2,PF01476.23,LysM,Archaea,Halobacteriota,Halobacteria,Halobacteriales,Natrialbaceae,Halovivax,Halovivax sp007135505,SLIS01000238.1_2@GCA_007135505.1
GCA_009776805.1,MCL2134415.1,PF01476.23,LysM,Archaea,Thermoproteota,Bathyarchaeia,B26-1,UBA233,PALSA-986,PALSA-986 sp009776805,MCL2134415.1@GCA_009776805.1
GCA_009777005.1,MCL2114967.1,PF01471.21,PG_binding_1,Archaea,Methanobacteriota,Methanobacteria,Methanobacteriales,Methanobacteriaceae,Methanobrevibacter_C,Methanobrevibacter_C sp009777005,MCL2114967.1@GCA_009777005.1
GCA_009778385.1,MCL1976564.1,PF01476.23,LysM,Archaea,Thermoproteota,Bathyarchaeia,B26-1,UBA233,PALSA-986,PALSA-986 sp009778385,MCL1976564.1@GCA_009778385.1
GCA_009778385.1,MCL1976648.1,PF01476.23,LysM,Archaea,Thermoproteota,Bathyarchaeia,B26-1,UBA233,PALSA-986,PALSA-986 sp009778385,MCL1976648.1@GCA_009778385.1
GCA_009778385.1,MCL1976649.1,PF01476.23,LysM,Archaea,Thermoproteota,Bathyarchaeia,B26-1,UBA233,PALSA-986,PALSA-986 sp009778385,MCL1976649.1@GCA_009778385.1
GCA_009787175.1,MCL1969905.1,PF01476.23,LysM,Archaea,Thermoproteota,Bathyarchaeia,B26-1,UBA233,PALSA-986,PALSA-986 sp009787175,MCL1969905.1@GCA_009787175.1
GCA_009787175.1,MCL1970029.1,PF01476.23,LysM,Archaea,Thermoproteota,Bathyarchaeia,B26-1,UBA233,PALSA-986,PALSA-986 sp009787175,MCL1970029.1@GCA_009787175.1
GCA_009787585.1,MCL2257972.1,PF01476.23,LysM,Archaea,Thermoproteota,Bathyarchaeia,B26-1,UBA233,PALSA-986,PALSA-986 sp009787585,MCL2257972.1@GCA_009787585.1
GCA_009889605.1,WUQU01000118.1_2,PF06347.16,SH3_4,Archaea,Thermoproteota,Bathyarchaeia,B26-1,UBA233,WUQU01,WUQU01 sp009889605,WUQU01000118.1_2@GCA_009889605.1
GCA_009889605.1,WUQU01000118.1_2,PF08239.14,SH3_3,Archaea,Thermoproteota,Bathyarchaeia,B26-1,UBA233,WUQU01,WUQU01 sp009889605,WUQU01000118.1_2@GCA_009889605.1
GCA_009889605.1,WUQU01000379.1_1,PF01476.23,LysM,Archaea,Thermoproteota,Bathyarchaeia,B26-1,UBA233,WUQU01,WUQU01 sp009889605,WUQU01000379.1_1@GCA_009889605.1
GCA_009903405.1,NAT10229.1,PF04122.15,CW_binding_2,Archaea,Halobacteriota,Syntropharchaeia,ANME-1,ANME-1,QENH01,QENH01 sp009903405,NAT10229.1@GCA_009903405.1
GCA_009903825.1,NAZ13351.1,PF08823.14,PG_binding_2,Archaea,Thermoproteota,Thermoprotei_A,Sulfolobales,AG1,WYEN01,WYEN01 sp009903825,NAZ13351.1@GCA_009903825.1
GCA_009903905.1,NAZ34542.1,PF08823.14,PG_binding_2,Archaea,Thermoproteota,Thermoprotei,Thermoproteales,Thermoproteaceae,Pyrobaculum,Pyrobaculum sp009903905,NAZ34542.1@GCA_009903905.1
GCA_009904015.1,NAZ12110.1,PF08823.14,PG_binding_2,Archaea,Thermoproteota,Thermoprotei_A,Sulfolobales,Fervidicoccaceae,WYEQ01,WYEQ01 sp009904015,NAZ12110.1@GCA_009904015.1
GCA_011364905.1,NHI90570.1,PF08823.14,PG_binding_2,Archaea,Asgardarchaeota,Thorarchaeia,Thorarchaeales,Thorarchaeaceae,SMTZ1-45,SMTZ1-45 sp011364905,NHI90570.1@GCA_011364905.1
GCA_011364905.1,NHI90762.1,PF07653.20,SH3_2,Archaea,Asgardarchaeota,Thorarchaeia,Thorarchaeales,Thorarchaeaceae,SMTZ1-45,SMTZ1-45 sp011364905,NHI90762.1@GCA_011364905.1
GCA_011364975.1,NHJ23006.1,PF07653.20,SH3_2,Archaea,Asgardarchaeota,Lokiarchaeia,CR-4,SOKP01,SOKP01,SOKP01 sp011364975,NHJ23006.1@GCA_011364975.1
GCA_011364985.1,NHI83953.1,PF08823.14,PG_binding_2,Archaea,Asgardarchaeota,Thorarchaeia,Thorarchaeales,Thorarchaeaceae,SMTZ1-83,SMTZ1-83 sp011364985,NHI83953.1@GCA_011364985.1
GCA_011365025.1,NHJ12368.1,PF08823.14,PG_binding_2,Archaea,Asgardarchaeota,Thorarchaeia,Thorarchaeales,Thorarchaeaceae,SMTZ1-83,SMTZ1-83 sp011365025,NHJ12368.1@GCA_011365025.1
GCA_012026795.1,NJD51971.1,PF08239.14,SH3_3,Archaea,Halobacteriota,Methanosarcinia,Methanosarcinales,Methanoperedenaceae,Methanoperedens,Methanoperedens sp012026795,NJD51971.1@GCA_012026795.1
GCA_012026795.1,NJD51981.1,PF01476.23,LysM,Archaea,Halobacteriota,Methanosarcinia,Methanosarcinales,Methanoperedenaceae,Methanoperedens,Methanoperedens sp012026795,NJD51981.1@GCA_012026795.1
GCA_012222305.1,QIW23761.1,PF08823.14,PG_binding_2,Archaea,Thermoproteota,Thermoprotei_A,Sulfolobales,Sulfolobaceae,Sulfurisphaera,Sulfurisphaera sp012222305,QIW23761.1@GCA_012222305.1
GCA_012799835.1,NMA32041.1,PF01471.21,PG_binding_1,Archaea,Methanobacteriota_B,Thermococci,Methanofastidiosales,Methanofastidiosaceae,Methanofastidiosum,Methanofastidiosum sp012799835,NMA32041.1@GCA_012799835.1
GCA_012838205.1,HHT19191.1,PF01471.21,PG_binding_1,Archaea,Methanobacteriota,Methanobacteria,Methanobacteriales,Methanobacteriaceae,Methanobacterium,Methanobacterium sp012838205,HHT19191.1@GCA_012838205.1
GCA_012960975.1,HIE63512.1,PF01471.21,PG_binding_1,Archaea,Thermoplasmatota,Poseidoniia,Poseidoniales,Thalassarchaeaceae,MGIIb-O2,MGIIb-O2 sp004195525,HIE63512.1@GCA_012960975.1
GCA_012964335.1,HIB41664.1,PF01471.21,PG_binding_1,Archaea,Thermoplasmatota,Poseidoniia,Poseidoniales,Thalassarchaeaceae,MGIIb-Q1,MGIIb-Q1 sp012964335,HIB41664.1@GCA_012964335.1
GCA_013114725.1,NOJ28709.1,PF01476.23,LysM,Archaea,Thermoproteota,Nitrososphaeria,Nitrososphaerales,Nitrososphaeraceae,QCWD01,QCWD01 sp013114725,NOJ28709.1@GCA_013114725.1
GCA_013114725.1,NOJ30012.1,PF01471.21,PG_binding_1,Archaea,Thermoproteota,Nitrososphaeria,Nitrososphaerales,Nitrososphaeraceae,QCWD01,QCWD01 sp013114725,NOJ30012.1@GCA_013114725.1
GCA_013139985.1,NOR77194.1,PF04122.15,CW_binding_2,Archaea,Halobacteriota,Syntropharchaeia,ANME-1,ANME-1,QENH01,QENH01 sp013139985,NOR77194.1@GCA_013139985.1
GCA_013151465.1,NOX71234.1,PF08239.14,SH3_3,Archaea,Aenigmatarchaeota,Aenigmatarchaeia,QMZP01,QMZT01,JAADIF01,JAADIF01 sp013151465,NOX71234.1@GCA_013151465.1
GCA_013151465.1,NOX71345.1,PF01476.23,LysM,Archaea,Aenigmatarchaeota,Aenigmatarchaeia,QMZP01,QMZT01,JAADIF01,JAADIF01 sp013151465,NOX71345.1@GCA_013151465.1
GCA_013152685.1,NOZ58174.1,PF13457.9,GW,Archaea,Hydrothermarchaeota,Hydrothermarchaeia,Hydrothermarchaeales,BMS3B,JAADFX01,JAADFX01 sp013152685,NOZ58174.1@GCA_013152685.1
GCA_013152685.1,NOZ58312.1,PF04122.15,CW_binding_2,Archaea,Hydrothermarchaeota,Hydrothermarchaeia,Hydrothermarchaeales,BMS3B,JAADFX01,JAADFX01 sp013152685,NOZ58312.1@GCA_013152685.1
GCA_013152685.1,NOZ59795.1,PF04122.15,CW_binding_2,Archaea,Hydrothermarchaeota,Hydrothermarchaeia,Hydrothermarchaeales,BMS3B,JAADFX01,JAADFX01 sp013152685,NOZ59795.1@GCA_013152685.1
GCA_013152685.1,NOZ59831.1,PF04122.15,CW_binding_2,Archaea,Hydrothermarchaeota,Hydrothermarchaeia,Hydrothermarchaeales,BMS3B,JAADFX01,JAADFX01 sp013152685,NOZ59831.1@GCA_013152685.1
GCA_013152815.1,NOZ80043.1,PF01471.21,PG_binding_1,Archaea,Nanoarchaeota,Nanoarchaeia,Woesearchaeales,JAADFO01,JAADFO01,JAADFO01 sp013152815,NOZ80043.1@GCA_013152815.1
GCA_013152995.1,NOZ82324.1,PF04122.15,CW_binding_2,Archaea,Hydrothermarchaeota,Hydrothermarchaeia,Hydrothermarchaeales,BMS3B,JAADFH01,JAADFH01 sp013152995,NOZ82324.1@GCA_013152995.1
GCA_013153845.1,NPA62800.1,PF04122.15,CW_binding_2,Archaea,Methanobacteriota,Methanococci,Methanococcales,Methanocaldococcaceae,Methanocaldococcus,Methanocaldococcus sp013153845,NPA62800.1@GCA_013153845.1
GCA_013154005.1,NPA76002.1,PF05036.16,SPOR,Archaea,Thermoplasmatota,Thermoplasmata,Aciduliprofundales,Aciduliprofundaceae,JAADDK01,JAADDK01 sp013154005,NPA76002.1@GCA_013154005.1
GCA_013166775.1,NPD90165.1,PF08823.14,PG_binding_2,Archaea,Asgardarchaeota,Heimdallarchaeia,UBA460,UBA460,UBA460,UBA460 sp013166775,NPD90165.1@GCA_013166775.1
GCA_013166775.1,NPD90688.1,PF08823.14,PG_binding_2,Archaea,Asgardarchaeota,Heimdallarchaeia,UBA460,UBA460,UBA460,UBA460 sp013166775,NPD90688.1@GCA_013166775.1
GCA_013180565.1,NQE53088.1,PF04122.15,CW_binding_2,Archaea,Halobacteriota,Syntropharchaeia,ANME-1,ANME-1,QENH01,QENH01 sp013180565,NQE53088.1@GCA_013180565.1
GCA_013180565.1,NQE53260.1,PF01471.21,PG_binding_1,Archaea,Halobacteriota,Syntropharchaeia,ANME-1,ANME-1,QENH01,QENH01 sp013180565,NQE53260.1@GCA_013180565.1
GCA_013180585.1,NQE46217.1,PF01476.23,LysM,Archaea,Halobacteriota,Syntropharchaeia,ANME-1,ANME-1,QENJ01,QENJ01 sp013180585,NQE46217.1@GCA_013180585.1
GCA_013329215.1,HII15649.1,PF01471.21,PG_binding_1,Archaea,Nanoarchaeota,Nanoarchaeia,SCGC-AAA011-G17,GW2011-AR17,UBA9640,UBA9640 sp9640u,HII15649.1@GCA_013329215.1
GCA_013329415.1,HII02543.1,PF01476.23,LysM,Archaea,Halobacteriota,Methanosarcinia,Methanosarcinales,Methanosarcinaceae,MTP4,MTP4 sp9310u,HII02543.1@GCA_013329415.1
GCA_013329905.1,HII43101.1,PF01471.21,PG_binding_1,Archaea,Thermoplasmatota,Poseidoniia,Poseidoniales,Thalassarchaeaceae,MGIIb-O1,MGIIb-O1 sp8684u,HII43101.1@GCA_013329905.1
GCA_013330825.1,HII63894.1,PF01471.21,PG_binding_1,Archaea,Nanoarchaeota,Nanoarchaeia,Woesearchaeales,GW2011-AR4,GW2011-AR11,GW2011-AR11 sp12027u,HII63894.1@GCA_013330825.1
GCA_013331375.1,HIH44103.1,PF01476.23,LysM,Archaea,Halobacteriota,Methanosarcinia,Methanosarcinales,Methanoperedenaceae,UBA10536,UBA10536 sp10536u,HIH44103.1@GCA_013331375.1
GCA_013331375.1,HIH44870.1,PF01471.21,PG_binding_1,Archaea,Halobacteriota,Methanosarcinia,Methanosarcinales,Methanoperedenaceae,UBA10536,UBA10536 sp10536u,HIH44870.1@GCA_013331375.1
GCA_013331615.1,HIH42332.1,PF05036.16,SPOR,Archaea,Nanoarchaeota,Nanoarchaeia,Woesearchaeales,UBA10200,UBA10200,UBA10200 sp10200u,HIH42332.1@GCA_013331615.1
GCA_013331615.1,HIH42334.1,PF08239.14,SH3_3,Archaea,Nanoarchaeota,Nanoarchaeia,Woesearchaeales,UBA10200,UBA10200,UBA10200 sp10200u,HIH42334.1@GCA_013331615.1
GCA_013331695.1,HIG95370.1,PF01476.23,LysM,Archaea,Nanoarchaeota,Nanoarchaeia,Woesearchaeales,UBA12501,UBA12501,UBA12501 sp10192u,HIG95370.1@GCA_013331695.1
GCA_013375355.1,NVM03017.1,PF05036.16,SPOR,Archaea,Asgardarchaeota,Lokiarchaeia,Helarchaeales,JABXJV01,JABXJV01,JABXJV01 sp013375355,NVM03017.1@GCA_013375355.1
GCA_013375355.1,NVM03934.1,PF05036.16,SPOR,Archaea,Asgardarchaeota,Lokiarchaeia,Helarchaeales,JABXJV01,JABXJV01,JABXJV01 sp013375355,NVM03934.1@GCA_013375355.1
GCA_013375405.1,NVM53975.1,PF01476.23,LysM,Archaea,Asgardarchaeota,Lokiarchaeia,Helarchaeales,HEL-GB-A,JABXJT01,JABXJT01 sp013375405,NVM53975.1@GCA_013375405.1
GCA_013375405.1,NVM54782.1,PF01476.23,LysM,Archaea,Asgardarchaeota,Lokiarchaeia,Helarchaeales,HEL-GB-A,JABXJT01,JABXJT01 sp013375405,NVM54782.1@GCA_013375405.1
GCA_013375455.1,NVM29216.1,PF01476.23,LysM,Archaea,Asgardarchaeota,Lokiarchaeia,Helarchaeales,HEL-GB-A,JABXJT01,JABXJT01 sp013375455,NVM29216.1@GCA_013375455.1
GCA_013375475.1,NVM45731.1,PF13457.9,GW,Archaea,Asgardarchaeota,Lokiarchaeia,CR-4,SOKP01,SOKP01,SOKP01 sp013375475,NVM45731.1@GCA_013375475.1
GCA_013375475.1,NVM45731.1,PF07653.20,SH3_2,Archaea,Asgardarchaeota,Lokiarchaeia,CR-4,SOKP01,SOKP01,SOKP01 sp013375475,NVM45731.1@GCA_013375475.1
GCA_013375485.1,NVM37371.1,PF07653.20,SH3_2,Archaea,Asgardarchaeota,Lokiarchaeia,CR-4,SOKP01,Loki-b32,Loki-b32 sp013375485,NVM37371.1@GCA_013375485.1
GCA_013375485.1,NVM37371.1,PF00018.31,SH3_1,Archaea,Asgardarchaeota,Lokiarchaeia,CR-4,SOKP01,Loki-b32,Loki-b32 sp013375485,NVM37371.1@GCA_013375485.1
GCA_013388835.1,NWF94998.1,PF08823.14,PG_binding_2,Archaea,Asgardarchaeota,Thorarchaeia,Thorarchaeales,Thorarchaeaceae,JACAEL01,JACAEL01 sp013388835,NWF94998.1@GCA_013388835.1
GCA_013403005.1,NYB52397.1,PF01471.21,PG_binding_1,Archaea,Methanobacteriota,Methanobacteria,Methanobacteriales,Methanobacteriaceae,Methanobacterium,Methanobacterium sp013403005,NYB52397.1@GCA_013403005.1
GCA_013403005.1,NYB52462.1,PF01471.21,PG_binding_1,Archaea,Methanobacteriota,Methanobacteria,Methanobacteriales,Methanobacteriaceae,Methanobacterium,Methanobacterium sp013403005,NYB52462.1@GCA_013403005.1
GCA_014237145.1,MBC2697435.1,PF01471.21,PG_binding_1,Archaea,Halobacteriota,Methanosarcinia,Methanosarcinales,Methanocomedenaceae,Methanocomedens,Methanocomedens sp014237145,MBC2697435.1@GCA_014237145.1
GCA_014297435.1,MBC5792409.1,PF04122.15,CW_binding_2,Archaea,Nanohaloarchaeota,Nanosalinia,Nanosalinales,Nanosalinaceae,PL-Br10-U2g16,PL-Br10-U2g16 sp014297435,MBC5792409.1@GCA_014297435.1
GCA_014361205.1,MBC7086832.1,PF01476.23,LysM,Archaea,Halobacteriota,Methanosarcinia,Methanosarcinales,Methanosarcinaceae,Methanomethylovorans,Methanomethylovorans sp014361205,MBC7086832.1@GCA_014361205.1
GCA_014381105.1,MBC8156972.1,PF08239.14,SH3_3,Archaea,Thermoproteota,Nitrososphaeria,Nitrososphaerales,Nitrososphaeraceae,TA-21,TA-21 sp014381105,MBC8156972.1@GCA_014381105.1
GCA_014384685.1,MBC8518565.1,PF01471.21,PG_binding_1,Archaea,Thermoplasmatota,Poseidoniia,Poseidoniales,Thalassarchaeaceae,MGIIb-Q1,MGIIb-Q1 sp014384685,MBC8518565.1@GCA_014384685.1
GCA_014523485.1,JAATVK010000199.1_7,PF01471.21,PG_binding_1,Archaea,Thermoproteota,Nitrososphaeria,Nitrososphaerales,Nitrososphaeraceae,TH1177,TH1177 sp014523485,JAATVK010000199.1_7@GCA_014523485.1
GCA_014523515.1,JAATVJ010000196.1_3,PF01471.21,PG_binding_1,Archaea,Thermoproteota,Nitrososphaeria,Nitrososphaerales,Nitrososphaeraceae,TH1177,TH1177 sp014523515,JAATVJ010000196.1_3@GCA_014523515.1
GCA_014523515.1,JAATVJ010000344.1_8,PF01471.21,PG_binding_1,Archaea,Thermoproteota,Nitrososphaeria,Nitrososphaerales,Nitrososphaeraceae,TH1177,TH1177 sp014523515,JAATVJ010000344.1_8@GCA_014523515.1
GCA_014523515.1,JAATVJ010000428.1_1,PF01471.21,PG_binding_1,Archaea,Thermoproteota,Nitrososphaeria,Nitrososphaerales,Nitrososphaeraceae,TH1177,TH1177 sp014523515,JAATVJ010000428.1_1@GCA_014523515.1
GCA_014523695.1,JAATVS010000458.1_2,PF01471.21,PG_binding_1,Archaea,Thermoproteota,Nitrososphaeria,Nitrososphaerales,Nitrososphaeraceae,TH5896,TH5896 sp014523695,JAATVS010000458.1_2@GCA_014523695.1
GCA_014728985.1,MBD3155600.1,PF01476.23,LysM,Archaea,Aenigmatarchaeota,Aenigmatarchaeia,CG10238-14,CG10238-14,CG10238-14,CG10238-14 sp014728985,MBD3155600.1@GCA_014728985.1
GCA_014729015.1,MBD3209382.1,PF01476.23,LysM,Archaea,Nanoarchaeota,Nanoarchaeia,Woesearchaeales,WJKR01,WJKR01,WJKR01 sp014729015,MBD3209382.1@GCA_014729015.1
GCA_014729315.1,MBD3337618.1,PF05036.16,SPOR,Archaea,Asgardarchaeota,Lokiarchaeia,CR-4,SOKP01,WJKD01,WJKD01 sp014729315,MBD3337618.1@GCA_014729315.1
GCA_014729315.1,MBD3342366.1,PF06347.16,SH3_4,Archaea,Asgardarchaeota,Lokiarchaeia,CR-4,SOKP01,WJKD01,WJKD01 sp014729315,MBD3342366.1@GCA_014729315.1
GCA_014729315.1,MBD3342366.1,PF08239.14,SH3_3,Archaea,Asgardarchaeota,Lokiarchaeia,CR-4,SOKP01,WJKD01,WJKD01 sp014729315,MBD3342366.1@GCA_014729315.1
GCA_014729315.1,MBD3342707.1,PF05036.16,SPOR,Archaea,Asgardarchaeota,Lokiarchaeia,CR-4,SOKP01,WJKD01,WJKD01 sp014729315,MBD3342707.1@GCA_014729315.1
GCA_014729915.1,MBD3204701.1,PF01476.23,LysM,Archaea,Nanoarchaeota,Nanoarchaeia,Woesearchaeales,GW2011-AR15,WJJD01,WJJD01 sp014729915,MBD3204701.1@GCA_014729915.1
GCA_014729995.1,MBD3163818.1,PF01476.23,LysM,Archaea,Nanoarchaeota,Nanoarchaeia,Woesearchaeales,WJIZ01,WJIZ01,WJIZ01 sp014729995,MBD3163818.1@GCA_014729995.1
GCA_014730165.1,MBD3201214.1,PF08823.14,PG_binding_2,Archaea,Asgardarchaeota,Lokiarchaeia,CR-4,SOKP01,TEKIR-8,TEKIR-8 sp014730165,MBD3201214.1@GCA_014730165.1
GCA_014730295.1,MBD3216404.1,PF13457.9,GW,Archaea,Asgardarchaeota,Lokiarchaeia,CR-4,SOKP01,TEKIR-8,TEKIR-8 sp014730295,MBD3216404.1@GCA_014730295.1
GCA_014859725.1,MBE0523837.1,PF01471.21,PG_binding_1,Archaea,Halobacteriota,Methanosarcinia,Methanosarcinales,Methanocomedenaceae,Kmv04,Kmv04 sp014859725,MBE0523837.1@GCA_014859725.1
GCA_014874255.1,JACWAN010000071.1_3,PF01476.23,LysM,Archaea,Nanoarchaeota,Nanoarchaeia,Woesearchaeales,UBA525,UBA153,UBA153 sp014874255,JACWAN010000071.1_3@GCA_014874255.1
GCA_015062825.1,MBE6489172.1,PF19127.3,Choline_bind_3,Archaea,Methanobacteriota,Methanobacteria,Methanobacteriales,Methanobacteriaceae,Methanosphaera,Methanosphaera stadtmanae_A,MBE6489172.1@GCA_015062825.1
GCA_015062825.1,MBE6489172.1,PF01473.23,Choline_bind_1,Archaea,Methanobacteriota,Methanobacteria,Methanobacteriales,Methanobacteriaceae,Methanosphaera,Methanosphaera stadtmanae_A,MBE6489172.1@GCA_015062825.1
GCA_015063035.1,MBE6512790.1,PF01471.21,PG_binding_1,Archaea,Methanobacteriota,Methanobacteria,Methanobacteriales,Methanobacteriaceae,Methanobrevibacter,Methanobrevibacter olleyae_A,MBE6512790.1@GCA_015063035.1
GCA_015520145.1,WAQR01000027.1_11,PF04122.15,CW_binding_2,Archaea,Hydrothermarchaeota,Hydrothermarchaeia,Hydrothermarchaeales,WAQR01,WAQR01,WAQR01 sp015520145,WAQR01000027.1_11@GCA_015520145.1
GCA_015520145.1,WAQR01000051.1_12,PF04122.15,CW_binding_2,Archaea,Hydrothermarchaeota,Hydrothermarchaeia,Hydrothermarchaeales,WAQR01,WAQR01,WAQR01 sp015520145,WAQR01000051.1_12@GCA_015520145.1
GCA_015520145.1,WAQR01000100.1_6,PF01476.23,LysM,Archaea,Hydrothermarchaeota,Hydrothermarchaeia,Hydrothermarchaeales,WAQR01,WAQR01,WAQR01 sp015520145,WAQR01000100.1_6@GCA_015520145.1
GCA_015520195.1,MCE4598986.1,PF08823.14,PG_binding_2,Archaea,Thermoproteota,Thermoprotei_A,Sulfolobales,Acidilobaceae,WAQN01,WAQN01 sp015520195,MCE4598986.1@GCA_015520195.1
GCA_015520245.1,WAQM01000079.1_6,PF05036.16,SPOR,Archaea,Thermoproteota,Thermoprotei_A,Sulfolobales,Pyrodictiaceae,WAQM01,WAQM01 sp015520245,WAQM01000079.1_6@GCA_015520245.1
GCA_015520245.1,WAQM01000160.1_4,PF08823.14,PG_binding_2,Archaea,Thermoproteota,Thermoprotei_A,Sulfolobales,Pyrodictiaceae,WAQM01,WAQM01 sp015520245,WAQM01000160.1_4@GCA_015520245.1
GCA_015520265.1,WAQK01000043.1_11,PF08823.14,PG_binding_2,Archaea,Thermoproteota,Thermoprotei_A,Sulfolobales,WAQK01,WAQK01,WAQK01 sp015520265,WAQK01000043.1_11@GCA_015520265.1
GCA_015521565.1,WANX01000002.1_33,PF13457.9,GW,Archaea,Hydrothermarchaeota,Hydrothermarchaeia,Hydrothermarchaeales,BMS3B,JAADFX01,JAADFX01 sp015521565,WANX01000002.1_33@GCA_015521565.1
GCA_015521565.1,WANX01000040.1_6,PF04122.15,CW_binding_2,Archaea,Hydrothermarchaeota,Hydrothermarchaeia,Hydrothermarchaeales,BMS3B,JAADFX01,JAADFX01 sp015521565,WANX01000040.1_6@GCA_015521565.1
GCA_015521565.1,WANX01000056.1_1,PF04122.15,CW_binding_2,Archaea,Hydrothermarchaeota,Hydrothermarchaeia,Hydrothermarchaeales,BMS3B,JAADFX01,JAADFX01 sp015521565,WANX01000056.1_1@GCA_015521565.1
GCA_015521565.1,WANX01000067.1_5,PF04122.15,CW_binding_2,Archaea,Hydrothermarchaeota,Hydrothermarchaeia,Hydrothermarchaeales,BMS3B,JAADFX01,JAADFX01 sp015521565,WANX01000067.1_5@GCA_015521565.1
GCA_015521615.1,WANW01000025.1_24,PF04122.15,CW_binding_2,Archaea,Hydrothermarchaeota,Hydrothermarchaeia,Hydrothermarchaeales,BMS3B,JAADFX01,JAADFX01 sp015521615,WANW01000025.1_24@GCA_015521615.1
GCA_015521685.1,MCE4616853.1,PF08823.14,PG_binding_2,Archaea,Thermoproteota,Thermoprotei_A,Sulfolobales,Acidilobaceae,Aeropyrum,Aeropyrum sp015521685,MCE4616853.1@GCA_015521685.1
GCA_015521705.1,MCE4613558.1,PF08823.14,PG_binding_2,Archaea,Thermoproteota,Thermoprotei_A,Sulfolobales,Acidilobaceae,S141-84,S141-84 sp015521705,MCE4613558.1@GCA_015521705.1
GCA_015521945.1,WANG01000001.1_4,PF04122.15,CW_binding_2,Archaea,Hydrothermarchaeota,Hydrothermarchaeia,Hydrothermarchaeales,BMS3B,JAADFH01,JAADFH01 sp015521945,WANG01000001.1_4@GCA_015521945.1
GCA_015521945.1,WANG01000053.1_3,PF04122.15,CW_binding_2,Archaea,Hydrothermarchaeota,Hydrothermarchaeia,Hydrothermarchaeales,BMS3B,JAADFH01,JAADFH01 sp015521945,WANG01000053.1_3@GCA_015521945.1
GCA_015521945.1,WANG01000100.1_3,PF04122.15,CW_binding_2,Archaea,Hydrothermarchaeota,Hydrothermarchaeia,Hydrothermarchaeales,BMS3B,JAADFH01,JAADFH01 sp015521945,WANG01000100.1_3@GCA_015521945.1
GCA_015522385.1,WAMJ01000136.1_38,PF01473.23,Choline_bind_1,Archaea,Asgardarchaeota,Heimdallarchaeia,UBA460,Kariarchaeaceae,S139-21,S139-21 sp015522385,WAMJ01000136.1_38@GCA_015522385.1
GCA_015522385.1,WAMJ01000242.1_11,PF08823.14,PG_binding_2,Archaea,Asgardarchaeota,Heimdallarchaeia,UBA460,Kariarchaeaceae,S139-21,S139-21 sp015522385,WAMJ01000242.1_11@GCA_015522385.1
GCA_015523155.1,WAKW01000008.1_25,PF04122.15,CW_binding_2,Archaea,Methanobacteriota,Methanococci,Methanococcales,Methanococcaceae,Methanothermococcus_A,Methanothermococcus_A sp015523155,WAKW01000008.1_25@GCA_015523155.1
GCA_015523185.1,WAKV01000019.1_34,PF04122.15,CW_binding_2,Archaea,Methanobacteriota_B,Thermococci,Thermococcales,Thermococcaceae,Thermococcus,Thermococcus sp015523185,WAKV01000019.1_34@GCA_015523185.1
GCA_015523465.1,MCE4610611.1,PF08823.14,PG_binding_2,Archaea,Thermoproteota,Thermoprotei_A,Sulfolobales,Acidilobaceae,Aeropyrum,Aeropyrum sp015523465,MCE4610611.1@GCA_015523465.1
GCA_015523465.1,MCE4611443.1,PF08823.14,PG_binding_2,Archaea,Thermoproteota,Thermoprotei_A,Sulfolobales,Acidilobaceae,Aeropyrum,Aeropyrum sp015523465,MCE4611443.1@GCA_015523465.1
GCA_015523465.1,MCE4611443.1,PF01471.21,PG_binding_1,Archaea,Thermoproteota,Thermoprotei_A,Sulfolobales,Acidilobaceae,Aeropyrum,Aeropyrum sp015523465,MCE4611443.1@GCA_015523465.1
GCA_015523565.1,WAKA01000015.1_16,PF08823.14,PG_binding_2,Archaea,Asgardarchaeota,Heimdallarchaeia,UBA460,Kariarchaeaceae,WAKA01,WAKA01 sp015523565,WAKA01000015.1_16@GCA_015523565.1
GCA_015523605.1,WAKC01000009.1_60,PF08823.14,PG_binding_2,Archaea,Thermoproteota,Nitrososphaeria,Geothermarchaeales,JDFR-13,SZUA-1514,SZUA-1514 sp015523605,WAKC01000009.1_60@GCA_015523605.1
GCA_015661515.1,HIQ50318.1,PF04122.15,CW_binding_2,Archaea,Aenigmatarchaeota,Aenigmatarchaeia,Aenigmatarchaeales,SZUA-1535,SZUA-1535,SZUA-1535 sp015661515,HIQ50318.1@GCA_015661515.1
GCA_015663075.1,HIP17104.1,PF04122.15,CW_binding_2,Archaea,Methanobacteriota,Methanococci,Methanococcales,Methanococcaceae,Methanofervidicoccus,Methanofervidicoccus okinawensis_C,HIP17104.1@GCA_015663075.1
GCA_016177315.1,MBI1969924.1,PF01476.23,LysM,Archaea,Nanoarchaeota,Nanoarchaeia,Woesearchaeales,UBA12501,JACOVN01,JACOVN01 sp016177315,MBI1969924.1@GCA_016177315.1
GCA_016177345.1,MBI1970148.1,PF01476.23,LysM,Archaea,Nanoarchaeota,Nanoarchaeia,Woesearchaeales,UBA12501,JACPCA01,JACPCA01 sp016177345,MBI1970148.1@GCA_016177345.1
GCA_016177345.1,MBI1970531.1,PF01471.21,PG_binding_1,Archaea,Nanoarchaeota,Nanoarchaeia,Woesearchaeales,UBA12501,JACPCA01,JACPCA01 sp016177345,MBI1970531.1@GCA_016177345.1
GCA_016179955.1,MBI2145776.1,PF01476.23,LysM,Archaea,Nanoarchaeota,Nanoarchaeia,Woesearchaeales,GW2011-AR9,JACPCD01,JACPCD01 sp016179955,MBI2145776.1@GCA_016179955.1
GCA_016180275.1,MBI2135804.1,PF01476.23,LysM,Archaea,Nanoarchaeota,Nanoarchaeia,Woesearchaeales,UBA10200,UBA10200,UBA10200 sp016180275,MBI2135804.1@GCA_016180275.1
GCA_016180275.1,MBI2135942.1,PF01471.21,PG_binding_1,Archaea,Nanoarchaeota,Nanoarchaeia,Woesearchaeales,UBA10200,UBA10200,UBA10200 sp016180275,MBI2135942.1@GCA_016180275.1
GCA_016180925.1,MBI2173325.1,PF04122.15,CW_binding_2,Archaea,Aenigmatarchaeota,Aenigmatarchaeia,GW2011-AR5,GW2011-AR5,JACPAH01,JACPAH01 sp016180925,MBI2173325.1@GCA_016180925.1
GCA_016180945.1,MBI2076146.1,PF08239.14,SH3_3,Archaea,Aenigmatarchaeota,Aenigmatarchaeia,GW2011-AR5,GW2011-AR5,JACPAG01,JACPAG01 sp016180945,MBI2076146.1@GCA_016180945.1
GCA_016181895.1,MBI2043574.1,PF01476.23,LysM,Archaea,Nanoarchaeota,Nanoarchaeia,Pacearchaeales,GW2011-AR1,JACQLK01,JACQLK01 sp016181895,MBI2043574.1@GCA_016181895.1
GCA_016185555.1,MBI2673239.1,PF01476.23,LysM,Archaea,Nanoarchaeota,Nanoarchaeia,SCGC-AAA011-G17,JACPNG01,JACPNI01,JACPNI01 sp016185555,MBI2673239.1@GCA_016185555.1
GCA_016187385.1,MBI2543427.1,PF01476.23,LysM,Archaea,Aenigmatarchaeota,Aenigmatarchaeia,CG10238-14,SCSR01,JACPAE01,JACPAE01 sp016187385,MBI2543427.1@GCA_016187385.1
GCA_016188045.1,MBI2499852.1,PF01471.21,PG_binding_1,Archaea,Nanoarchaeota,Nanoarchaeia,SCGC-AAA011-G17,JACPIM01,JACPIM01,JACPIM01 sp016188045,MBI2499852.1@GCA_016188045.1
GCA_016188105.1,MBI2582400.1,PF01471.21,PG_binding_1,Archaea,Nanoarchaeota,Nanoarchaeia,Woesearchaeales,GW2011-AR9,JACPIL01,JACPIL01 sp016188105,MBI2582400.1@GCA_016188105.1
GCA_016188175.1,MBI2576689.1,PF01476.23,LysM,Archaea,Nanoarchaeota,Nanoarchaeia,Woesearchaeales,JACPBV01,JACPII01,JACPII01 sp016188175,MBI2576689.1@GCA_016188175.1
GCA_016191585.1,MBI3190330.1,PF01471.21,PG_binding_1,Archaea,Aenigmatarchaeota,Aenigmatarchaeia,GW2011-AR5,GW2011-AR5,JACPVU01,JACPVU01 sp016191585,MBI3190330.1@GCA_016191585.1
GCA_016192905.1,MBI3051797.1,PF01476.23,LysM,Archaea,Nanoarchaeota,Nanoarchaeia,Woesearchaeales,UBA10216,JACPTG01,JACPTG01 sp016192905,MBI3051797.1@GCA_016192905.1
GCA_016192995.1,MBI3032235.1,PF01476.23,LysM,Archaea,Nanoarchaeota,Nanoarchaeia,Woesearchaeales,DSVV01,JACPTB01,JACPTB01 sp016192995,MBI3032235.1@GCA_016192995.1
GCA_016192995.1,MBI3032655.1,PF01471.21,PG_binding_1,Archaea,Nanoarchaeota,Nanoarchaeia,Woesearchaeales,DSVV01,JACPTB01,JACPTB01 sp016192995,MBI3032655.1@GCA_016192995.1
GCA_016198585.1,MBI4021293.1,PF01476.23,LysM,Archaea,Aenigmatarchaeota,Aenigmatarchaeia,QMZP01,QMZP01,JACQOD01,JACQOD01 sp016198585,MBI4021293.1@GCA_016198585.1
GCA_016198605.1,MBI4019716.1,PF01476.23,LysM,Archaea,Aenigmatarchaeota,Aenigmatarchaeia,QMZP01,QMZP01,JACQIG01,JACQIG01 sp016198605,MBI4019716.1@GCA_016198605.1
GCA_016198605.1,MBI4020440.1,PF01476.23,LysM,Archaea,Aenigmatarchaeota,Aenigmatarchaeia,QMZP01,QMZP01,JACQIG01,JACQIG01 sp016198605,MBI4020440.1@GCA_016198605.1
GCA_016198625.1,MBI4017989.1,PF08239.14,SH3_3,Archaea,Aenigmatarchaeota,Aenigmatarchaeia,GW2011-AR5,GW2011-AR5,JACPJW01,JACPJW01 sp016198625,MBI4017989.1@GCA_016198625.1
GCA_016198705.1,MBI4009972.1,PF04122.15,CW_binding_2,Archaea,Aenigmatarchaeota,Aenigmatarchaeia,CG10238-14,SCSR01,JACQIA01,JACQIA01 sp016198705,MBI4009972.1@GCA_016198705.1
GCA_016202745.1,MBI4176386.1,PF01476.23,LysM,Archaea,Aenigmatarchaeota,Aenigmatarchaeia,QMZP01,QMZP01,JACQIG01,JACQIG01 sp016202745,MBI4176386.1@GCA_016202745.1
GCA_016202845.1,MBI4163085.1,PF01476.23,LysM,Archaea,Aenigmatarchaeota,Aenigmatarchaeia,GW2011-AR5,GW2011-AR5,JACQNW01,JACQNW01 sp016202845,MBI4163085.1@GCA_016202845.1
GCA_016207475.1,MBI4345139.1,PF04122.15,CW_binding_2,Archaea,Hydrothermarchaeota,Hydrothermarchaeia,Hydrothermarchaeales,WAQR01,JACQPM01,JACQPM01 sp016207475,MBI4345139.1@GCA_016207475.1
GCA_016207545.1,MBI4416024.1,PF08823.14,PG_binding_2,Archaea,Thermoplasmatota,Thermoplasmata,RBG-16-68-12,EA-27,EA-27,EA-27 sp016207545,MBI4416024.1@GCA_016207545.1
GCA_016208715.1,MBI4738351.1,PF01471.21,PG_binding_1,Archaea,Nanoarchaeota,Nanoarchaeia,Woesearchaeales,UBA11576,JACQX01,JACQX01 sp016208715,MBI4738351.1@GCA_016208715.1
GCA_016211215.1,MBI4439946.1,PF01476.23,LysM,Archaea,Nanoarchaeota,Nanoarchaeia,Woesearchaeales,JACQSR01,JACQSR01,JACQSR01 sp016211215,MBI4439946.1@GCA_016211215.1
GCA_016212505.1,MBI5227567.1,PF01471.21,PG_binding_1,Archaea,Micrarchaeota,Micrarchaeia,Anstonellales,Bilamarchaeaceae,Bilamarchaeum,Bilamarchaeum sp016212505,MBI5227567.1@GCA_016212505.1
GCA_016212525.1,MBI5222875.1,PF01471.21,PG_binding_1,Archaea,Micrarchaeota,Micrarchaeia,Anstonellales,Bilamarchaeaceae,Bilamarchaeum,Bilamarchaeum sp016212525,MBI5222875.1@GCA_016212525.1
GCA_016214025.1,MBI4979948.1,PF01476.23,LysM,Archaea,Nanoarchaeota,Nanoarchaeia,Woesearchaeales,GW2011-AR9,JACRPH01,JACRPH01 sp016214025,MBI4979948.1@GCA_016214025.1
GCA_016214025.1,MBI4981201.1,PF01476.23,LysM,Archaea,Nanoarchaeota,Nanoarchaeia,Woesearchaeales,GW2011-AR9,JACRPH01,JACRPH01 sp016214025,MBI4981201.1@GCA_016214025.1
GCA_016215305.1,MBI5073497.1,PF01471.21,PG_binding_1,Archaea,Nanoarchaeota,Nanoarchaeia,Woesearchaeales,DSVV01,JACRPI01,JACRPI01 sp016215305,MBI5073497.1@GCA_016215305.1
GCA_016215315.1,MBI5064763.1,PF01471.21,PG_binding_1,Archaea,Nanoarchaeota,Nanoarchaeia,Woesearchaeales,ARS49,JACRKG01,JACRKG01 sp016215315,MBI5064763.1@GCA_016215315.1
GCA_016217785.1,MBI5458967.1,PF01471.21,PG_binding_1,Archaea,Methanobacteriota,Methanobacteria,Methanobacteriales,Methanobacteriaceae,Methanobacterium,Methanobacterium sp016217785,MBI5458967.1@GCA_016217785.1
GCA_016217785.1,MBI5459083.1,PF08823.14,PG_binding_2,Archaea,Methanobacteriota,Methanobacteria,Methanobacteriales,Methanobacteriaceae,Methanobacterium,Methanobacterium sp016217785,MBI5459083.1@GCA_016217785.1
GCA_016217785.1,MBI5459083.1,PF01471.21,PG_binding_1,Archaea,Methanobacteriota,Methanobacteria,Methanobacteriales,Methanobacteriaceae,Methanobacterium,Methanobacterium sp016217785,MBI5459083.1@GCA_016217785.1
GCA_016219795.1,MBI5389560.1,PF04122.15,CW_binding_2,Archaea,Nanoarchaeota,Nanoarchaeia,Woesearchaeales,JACRKL01,JACRKK01,JACRKK01 sp016219795,MBI5389560.1@GCA_016219795.1
GCA_016219835.1,MBI5390821.1,PF01471.21,PG_binding_1,Archaea,Nanoarchaeota,Nanoarchaeia,Woesearchaeales,JACRKL01,JACRKL01,JACRKL01 sp016219835,MBI5390821.1@GCA_016219835.1
GCA_016222945.1,MBI5680564.1,PF01471.21,PG_binding_1,Archaea,Methanobacteriota,Methanobacteria,Methanobacteriales,Methanobacteriaceae,Methanobacterium_D,Methanobacterium_D sp016222945,MBI5680564.1@GCA_016222945.1
GCA_016234025.1,MBI5803920.1,PF01476.23,LysM,Archaea,Nanoarchaeota,Nanoarchaeia,Pacearchaeales,GW2011-AR1,JACQLL01,JACQLL01 sp016234025,MBI5803920.1@GCA_016234025.1
GCA_016282985.1,JAEELZ010000087.1_29,PF01471.21,PG_binding_1,Archaea,Methanobacteriota,Methanobacteria,Methanobacteriales,Methanobacteriaceae,Methanosphaera,Methanosphaera sp016282985,JAEELZ010000087.1_29@GCA_016282985.1
GCA_016282985.1,JAEELZ010000087.1_35,PF01471.21,PG_binding_1,Archaea,Methanobacteriota,Methanobacteria,Methanobacteriales,Methanobacteriaceae,Methanosphaera,Methanosphaera sp016282985,JAEELZ010000087.1_35@GCA_016282985.1
GCA_016550395.1,JABXGY010000446.1_1,PF01471.21,PG_binding_1,Archaea,Asgardarchaeota,Hermodarchaeia,Hermodarchaeales,Hermodarchaeaceae,Hermodarchaeum,Hermodarchaeum sp016550395,JABXGY010000446.1_1@GCA_016550395.1
GCA_016784085.1,MBL7059057.1,PF01476.23,LysM,Archaea,Nanoarchaeota,Nanoarchaeia,Pacearchaeales,GW2011-AR1,BS150m-G67,BS150m-G67 sp016784085,MBL7059057.1@GCA_016784085.1
GCA_016838945.1,JADLKP010000002.1_22,PF01471.21,PG_binding_1,Archaea,Methanobacteriota,Methanobacteria,Methanobacteriales,Methanobacteriaceae,Methanobrevibacter,Methanobrevibacter sp016838945,JADLKP010000002.1_22@GCA_016838945.1
GCA_016838945.1,JADLKP010000003.1_26,PF01471.21,PG_binding_1,Archaea,Methanobacteriota,Methanobacteria,Methanobacteriales,Methanobacteriaceae,Methanobrevibacter,Methanobrevibacter sp016838945,JADLKP010000003.1_26@GCA_016838945.1
GCA_016838945.1,JADLKP010000059.1_7,PF01471.21,PG_binding_1,Archaea,Methanobacteriota,Methanobacteria,Methanobacteriales,Methanobacteriaceae,Methanobrevibacter,Methanobrevibacter sp016838945,JADLKP010000059.1_7@GCA_016838945.1
GCA_016839245.1,JAEOUN010000058.1_50,PF08823.14,PG_binding_2,Archaea,Asgardarchaeota,Thorarchaeia,Thorarchaeales,Thorarchaeaceae,MP8T-1,MP8T-1 sp016839245,JAEOUN010000058.1_50@GCA_016839245.1
GCA_016839275.1,JAEOUM010000139.1_26,PF08823.14,PG_binding_2,Archaea,Asgardarchaeota,Thorarchaeia,Thorarchaeales,Thorarchaeaceae,MP8T-1,MP8T-1 sp016839275,JAEOUM010000139.1_26@GCA_016839275.1
GCA_016839345.1,JAEOUL010000157.1_9,PF00018.31,SH3_1,Archaea,Asgardarchaeota,Thorarchaeia,Thorarchaeales,Thorarchaeaceae,SMTZ1-45,SMTZ1-45 sp016839345,JAEOUL010000157.1_9@GCA_016839345.1
GCA_016839345.1,JAEOUL010000275.1_5,PF08823.14,PG_binding_2,Archaea,Asgardarchaeota,Thorarchaeia,Thorarchaeales,Thorarchaeaceae,SMTZ1-45,SMTZ1-45 sp016839345,JAEOUL010000275.1_5@GCA_016839345.1
GCA_016839385.1,JAEOUK010000200.1_2,PF08823.14,PG_binding_2,Archaea,Asgardarchaeota,Lokiarchaeia,CR-4,AMARA-1,AMARA-1,AMARA-1 sp016839385,JAEOUK010000200.1_2@GCA_016839385.1
GCA_016839405.1,JAEOUJ010000109.1_2,PF00018.31,SH3_1,Archaea,Asgardarchaeota,Heimdallarchaeia,JABLTI01,JABLTI01,JABLTI01,JABLTI01 sp016839405,JAEOUJ010000109.1_2@GCA_016839405.1
GCA_016839605.1,JAEOTX010000107.1_1,PF08823.14,PG_binding_2,Archaea,Asgardarchaeota,Thorarchaeia,Thorarchaeales,Thorarchaeaceae,SMTZ1-83,SMTZ1-83 sp016839605,JAEOTX010000107.1_1@GCA_016839605.1
GCA_016839765.1,JAEOTP010000023.1_4,PF08823.14,PG_binding_2,Archaea,Asgardarchaeota,Lokiarchaeia,CR-4,SOKP01,SOKP01,SOKP01 sp016839765,JAEOTP010000023.1_4@GCA_016839765.1
GCA_016839765.1,JAEOTP010000087.1_31,PF07653.20,SH3_2,Archaea,Asgardarchaeota,Lokiarchaeia,CR-4,SOKP01,SOKP01,SOKP01 sp016839765,JAEOTP010000087.1_31@GCA_016839765.1
GCA_016839785.1,JAEOTQ010000093.1_2,PF08823.14,PG_binding_2,Archaea,Asgardarchaeota,Heimdallarchaeia,Hodarchaeales,Hodarchaeaceae,Hodarchaeum,Hodarchaeum sp016839785,JAEOTQ010000093.1_2@GCA_016839785.1
GCA_016839815.1,JAEOTM010000170.1_6,PF08823.14,PG_binding_2,Archaea,Asgardarchaeota,Heimdallarchaeia,Hodarchaeales,Hodarchaeaceae,Hodarchaeum,Hodarchaeum sp016839815,JAEOTM010000170.1_6@GCA_016839815.1
GCA_016839865.1,JAEOTN010000499.1_4,PF08823.14,PG_binding_2,Archaea,Asgardarchaeota,Lokiarchaeia,CR-4,AMARA-1,AMARA-1,AMARA-1 sp016839865,JAEOTN010000499.1_4@GCA_016839865.1
GCA_016839865.1,JAEOTN010000550.1_3,PF07653.20,SH3_2,Archaea,Asgardarchaeota,Lokiarchaeia,CR-4,AMARA-1,AMARA-1,AMARA-1 sp016839865,JAEOTN010000550.1_3@GCA_016839865.1
GCA_016839915.1,JAEOTH010000149.1_16,PF07653.20,SH3_2,Archaea,Asgardarchaeota,Lokiarchaeia,CR-4,SOKP01,Loki-b32,Loki-b32 sp016839915,JAEOTH010000149.1_16@GCA_016839915.1
GCA_016839915.1,JAEOTH010000149.1_16,PF00018.31,SH3_1,Archaea,Asgardarchaeota,Lokiarchaeia,CR-4,SOKP01,Loki-b32,Loki-b32 sp016839915,JAEOTH010000149.1_16@GCA_016839915.1
GCA_016840025.1,JAEOTF010000407.1_7,PF08823.14,PG_binding_2,Archaea,Asgardarchaeota,Heimdallarchaeia,Hodarchaeales,YT1-039,YT1-039,YT1-039 sp016840025,JAEOTF010000407.1_7@GCA_016840025.1
GCA_016840035.1,JAEOTC010000182.1_43,PF08823.14,PG_binding_2,Archaea,Asgardarchaeota,Heimdallarchaeia,Hodarchaeales,Hodarchaeaceae,Hodarchaeum,Hodarchaeum sp016840035,JAEOTC010000182.1_43@GCA_016840035.1
GCA_016840085.1,JAEOTA010000055.1_29,PF07653.20,SH3_2,Archaea,Asgardarchaeota,Lokiarchaeia,CR-4,SOKP01,Loki-b32,Loki-b32 sp016840085,JAEOTA010000055.1_29@GCA_016840085.1
GCA_016840125.1,JAEOSY010000190.1_5,PF01476.23,LysM,Archaea,Asgardarchaeota,Lokiarchaeia,Helarchaeales,HEL-GB-A,JABXJT01,JABXJT01 sp016840125,JAEOSY010000190.1_5@GCA_016840125.1
GCA_016840125.1,JAEOSY010000305.1_4,PF01476.23,LysM,Archaea,Asgardarchaeota,Lokiarchaeia,Helarchaeales,HEL-GB-A,JABXJT01,JABXJT01 sp016840125,JAEOSY010000305.1_4@GCA_016840125.1
GCA_016840165.1,JAEOSU010000047.1_9,PF01476.23,LysM,Archaea,Asgardarchaeota,Lokiarchaeia,CR-4,SOKP01,SOKP01,SOKP01 sp016840165,JAEOSU010000047.1_9@GCA_016840165.1
GCA_016840245.1,JAEOST010000343.1_7,PF08823.14,PG_binding_2,Archaea,Asgardarchaeota,Thorarchaeia,Thorarchaeales,Thorarchaeaceae,YT-029,YT-029 sp016840245,JAEOST010000343.1_7@GCA_016840245.1
GCA_016840245.1,JAEOST010000343.1_7,PF01471.21,PG_binding_1,Archaea,Asgardarchaeota,Thorarchaeia,Thorarchaeales,Thorarchaeaceae,YT-029,YT-029 sp016840245,JAEOST010000343.1_7@GCA_016840245.1
GCA_016840245.1,JAEOST010000481.1_12,PF08823.14,PG_binding_2,Archaea,Asgardarchaeota,Thorarchaeia,Thorarchaeales,Thorarchaeaceae,YT-029,YT-029 sp016840245,JAEOST010000481.1_12@GCA_016840245.1
GCA_016840315.1,JAEOSO010000138.1_1,PF06347.16,SH3_4,Archaea,Asgardarchaeota,Sifarchaeia,Borrarchaeales,Borrarchaeaceae,Borrarchaeum,Borrarchaeum sp016840315,JAEOSO010000138.1_1@GCA_016840315.1
GCA_016840315.1,JAEOSO010000138.1_1,PF08239.14,SH3_3,Archaea,Asgardarchaeota,Sifarchaeia,Borrarchaeales,Borrarchaeaceae,Borrarchaeum,Borrarchaeum sp016840315,JAEOSO010000138.1_1@GCA_016840315.1
GCA_016840515.1,JAEOSF010000031.1_4,PF08823.14,PG_binding_2,Archaea,Asgardarchaeota,Sifarchaeia,Borrarchaeales,Borrarchaeaceae,Borrarchaeum,Borrarchaeum yapensis,JAEOSF010000031.1_4@GCA_016840515.1
GCA_016840645.1,JAEORY010000013.1_18,PF08823.14,PG_binding_2,Archaea,Asgardarchaeota,Sifarchaeia,Borrarchaeales,Borrarchaeaceae,Borrarchaeum,Borrarchaeum sp016840645,JAEORY010000013.1_18@GCA_016840645.1
GCA_016840685.1,JAEORX010000004.1_25,PF07653.20,SH3_2,Archaea,Asgardarchaeota,Thorarchaeia,Thorarchaeales,Thorarchaeaceae,SMTZ1-45,SMTZ1-45 sp016840685,JAEORX010000004.1_25@GCA_016840685.1
GCA_016840685.1,JAEORX010000004.1_25,PF00018.31,SH3_1,Archaea,Asgardarchaeota,Thorarchaeia,Thorarchaeales,Thorarchaeaceae,SMTZ1-45,SMTZ1-45 sp016840685,JAEORX010000004.1_25@GCA_016840685.1
GCA_016840685.1,JAEORX010000034.1_29,PF08823.14,PG_binding_2,Archaea,Asgardarchaeota,Thorarchaeia,Thorarchaeales,Thorarchaeaceae,SMTZ1-45,SMTZ1-45 sp016840685,JAEORX010000034.1_29@GCA_016840685.1
GCA_016840695.1,JAEORV010000203.1_4,PF01471.21,PG_binding_1,Archaea,Asgardarchaeota,Lokiarchaeia,CR-4,SOKP01,FT1-020,FT1-020 sp016840695,JAEORV010000203.1_4@GCA_016840695.1
GCA_016840695.1,JAEORV010000435.1_1,PF11741.11,AMIN,Archaea,Asgardarchaeota,Lokiarchaeia,CR-4,SOKP01,FT1-020,FT1-020 sp016840695,JAEORV010000435.1_1@GCA_016840695.1
GCA_016840695.1,JAEORV010000522.1_3,PF07653.20,SH3_2,Archaea,Asgardarchaeota,Lokiarchaeia,CR-4,SOKP01,FT1-020,FT1-020 sp016840695,JAEORV010000522.1_3@GCA_016840695.1
GCA_016840695.1,JAEORV010000522.1_3,PF00018.31,SH3_1,Archaea,Asgardarchaeota,Lokiarchaeia,CR-4,SOKP01,FT1-020,FT1-020 sp016840695,JAEORV010000522.1_3@GCA_016840695.1
GCA_016840825.1,JAEORN010000062.1_11,PF08823.14,PG_binding_2,Archaea,Asgardarchaeota,Thorarchaeia,Thorarchaeales,Thorarchaeaceae,MP5-2226,MP5-2226 sp016840825,JAEORN010000062.1_11@GCA_016840825.1
GCA_016840825.1,JAEORN010000197.1_8,PF01476.23,LysM,Archaea,Asgardarchaeota,Thorarchaeia,Thorarchaeales,Thorarchaeaceae,MP5-2226,MP5-2226 sp016840825,JAEORN010000197.1_8@GCA_016840825.1
GCA_016840855.1,JAEORO010000056.1_31,PF08823.14,PG_binding_2,Archaea,Asgardarchaeota,Thorarchaeia,Thorarchaeales,Thorarchaeaceae,SMTZ1-45,SMTZ1-45 sp016840855,JAEORO010000056.1_31@GCA_016840855.1
GCA_016840945.1,JAEORJ010000330.1_23,PF08823.14,PG_binding_2,Archaea,Asgardarchaeota,Heimdallarchaeia,JABLTI01,JABLTI01,JABLTI01,JABLTI01 sp016840945,JAEORJ010000330.1_23@GCA_016840945.1
GCA_016841005.1,JAEORG010000250.1_31,PF08823.14,PG_binding_2,Archaea,Asgardarchaeota,Thorarchaeia,Thorarchaeales,Thorarchaeaceae,MP5-2226,MP5-2226 sp016841005,JAEORG010000250.1_31@GCA_016841005.1
GCA_016841005.1,JAEORG010000354.1_5,PF07653.20,SH3_2,Archaea,Asgardarchaeota,Thorarchaeia,Thorarchaeales,Thorarchaeaceae,MP5-2226,MP5-2226 sp016841005,JAEORG010000354.1_5@GCA_016841005.1
GCA_016841265.1,JAENZL010000033.1_10,PF01476.23,LysM,Archaea,Halobacteriota,Methanosarcinia,Methanosarcinales,Methanosarcinaceae,MTP4,MTP4 sp016841265,JAENZL010000033.1_10@GCA_016841265.1
GCA_016845345.1,JAERSV010000002.1_25,PF01471.21,PG_binding_1,Archaea,Thermoplasmatota,Poseidoniia,Poseidoniales,Thalassarchaeaceae,MGIIb-Q1,MGIIb-Q1 sp016845345,JAERSV010000002.1_25@GCA_016845345.1
GCA_016874675.1,MBM4250272.1,PF07653.20,SH3_2,Archaea,Thermoplasmatota,Themoplasmata_A,DTKX01,VGTL01,VGTL01,VGTL01 sp016874675,MBM4250272.1@GCA_016874675.1
GCA_016928115.1,MBN1377468.1,PF01476.23,LysM,Archaea,Nanoarchaeota,Nanoarchaeia,Woesearchaeales,JAFGLI01,JAFGLI01,JAFGLI01 sp016928115,MBN1377468.1@GCA_016928115.1
GCA_016928155.1,MBN1386710.1,PF01476.23,LysM,Archaea,Nanoarchaeota,Nanoarchaeia,Woesearchaeales,JAFGLG01,JAFGLG01,JAFGLG01 sp016928155,MBN1386710.1@GCA_016928155.1
GCA_016928155.1,MBN1386714.1,PF01476.23,LysM,Archaea,Nanoarchaeota,Nanoarchaeia,Woesearchaeales,JAFGLG01,JAFGLG01,JAFGLG01 sp016928155,MBN1386714.1@GCA_016928155.1
GCA_016930995.1,MBN1861861.1,PF05036.16,SPOR,Archaea,Thermoplasmatota,E2,DHVEG-1,DHVEG-1,SM1-50,SM1-50 sp016930995,MBN1861861.1@GCA_016930995.1
GCA_016931255.1,MBN1896653.1,PF04122.15,CW_binding_2,Archaea,Aenigmatarchaeota,Aenigmatarchaeia,QMZP01,JAFGSV01,JAFGFG01,JAFGFG01 sp016931255,MBN1896653.1@GCA_016931255.1
GCA_016931955.1,MBN2014615.1,PF04122.15,CW_binding_2,Archaea,Altiarchaeota,Altiarchaeia,IMC4,QMZM01,JAFGDV01,JAFGDV01 sp016931955,MBN2014615.1@GCA_016931955.1
GCA_016932315.1,MBN2052851.1,PF01476.23,LysM,Archaea,Nanoarchaeota,Nanoarchaeia,Woesearchaeales,SM23-78,SM23-78,SM23-78 sp016932315,MBN2052851.1@GCA_016932315.1
GCA_016933055.1,MBN2155865.1,PF08823.14,PG_binding_2,Archaea,Asgardarchaeota,Lokiarchaeia,CR-4,AMARA-1,AMARA-1,AMARA-1 sp016933055,MBN2155865.1@GCA_016933055.1
GCA_016933575.1,MBN2229346.1,PF05036.16,SPOR,Archaea,Asgardarchaeota,Thorarchaeia,Thorarchaeales,Thorarchaeaceae,MP8T-1,MP8T-1 sp016933575,MBN2229346.1@GCA_016933575.1
GCA_016933575.1,MBN2229378.1,PF08823.14,PG_binding_2,Archaea,Asgardarchaeota,Thorarchaeia,Thorarchaeales,Thorarchaeaceae,MP8T-1,MP8T-1 sp016933575,MBN2229378.1@GCA_016933575.1
GCA_016934325.1,MBN2330294.1,PF04122.15,CW_binding_2,Archaea,Aenigmatarchaeota,Aenigmatarchaeia,QMZP01,JAFGSV01,JAFGSV01,JAFGSV01 sp016934325,MBN2330294.1@GCA_016934325.1
GCA_016934355.1,MBN2334611.1,PF07653.20,SH3_2,Archaea,Thermoproteota,Bathyarchaeia,TCS64,TCS64,RBG-16-57-9,RBG-16-57-9 sp016934355,MBN2334611.1@GCA_016934355.1
GCA_016935125.1,MBN2458382.1,PF01476.23,LysM,Archaea,Nanoarchaeota,Nanoarchaeia,Woesearchaeales,DSVV01,JAFGRM01,JAFGRM01 sp016935125,MBN2458382.1@GCA_016935125.1
GCA_016935175.1,MBN2459849.1,PF01476.23,LysM,Archaea,Nanoarchaeota,Nanoarchaeia,Woesearchaeales,SM23-78,SM23-78,SM23-78 sp016935175,MBN2459849.1@GCA_016935175.1
GCA_016936135.1,MBN2603432.1,PF01471.21,PG_binding_1,Archaea,Thermoplasmatota,E2,DHVEG-1,DHVEG-1,JAFGPP01,JAFGPP01 sp016936135,MBN2603432.1@GCA_016936135.1
GCA_016938695.1,MBN2881455.1,PF08239.14,SH3_3,Archaea,Nanoarchaeota,Nanoarchaeia,Woesearchaeales,JAFGUC01,JAFGUC01,JAFGUC01 sp016938695,MBN2881455.1@GCA_016938695.1
GCA_017410345.1,MBQ2961565.1,PF01471.21,PG_binding_1,Archaea,Methanobacteriota,Methanobacteria,Methanobacteriales,Methanobacteriaceae,Methanobrevibacter,Methanobrevibacter sp017410345,MBQ2961565.1@GCA_017410345.1
GCA_017608235.1,JAFCGI010000007.1_22,PF01471.21,PG_binding_1,Archaea,Nanoarchaeota,Nanoarchaeia,UBA10117,JAFCGI01,JAFCGI01,JAFCGI01 sp017608235,JAFCGI010000007.1_22@GCA_017608235.1
GCA_017608235.1,JAFCGI010000033.1_2,PF01476.23,LysM,Archaea,Nanoarchaeota,Nanoarchaeia,UBA10117,JAFCGI01,JAFCGI01,JAFCGI01 sp017608235,JAFCGI010000033.1_2@GCA_017608235.1
GCA_017608295.1,JAFCGF010000011.1_18,PF01476.23,LysM,Archaea,Nanoarchaeota,Nanoarchaeia,Woesearchaeales,JAGVZT01,JAFCGF01,JAFCGF01 sp017608295,JAFCGF010000011.1_18@GCA_017608295.1
GCA_017608385.1,JAFCFZ010000009.1_56,PF04122.15,CW_binding_2,Archaea,Nanoarchaeota,Nanoarchaeia,B33-G15,B33-G15,JAFCFZ01,JAFCFZ01 sp017608385,JAFCFZ010000009.1_56@GCA_017608385.1
GCA_017608405.1,JAFCFX010000002.1_22,PF01471.21,PG_binding_1,Archaea,Nanoarchaeota,Nanoarchaeia,Pacearchaeales,GW2011-AR1,JAFCFX01,JAFCFX01 sp017608405,JAFCFX010000002.1_22@GCA_017608405.1
GCA_017608505.1,JAFCFT010000007.1_21,PF04122.15,CW_binding_2,Archaea,Nanoarchaeota,Nanoarchaeia,WJKC01,WJKC01,JAFCFT01,JAFCFT01 sp017608505,JAFCFT010000007.1_21@GCA_017608505.1
GCA_017608625.1,JAFCFN010000001.1_110,PF08239.14,SH3_3,Archaea,Nanoarchaeota,Nanoarchaeia,Woesearchaeales,JAFCFN01,JAFCFN01,JAFCFN01 sp017608625,JAFCFN010000001.1_110@GCA_017608625.1
GCA_017609285.1,JAFCEE010000003.1_87,PF01471.21,PG_binding_1,Archaea,Nanoarchaeota,Nanoarchaeia,Pacearchaeales,GW2011-AR1,JAFCEE01,JAFCEE01 sp017609285,JAFCEE010000003.1_87@GCA_017609285.1
GCA_017609465.1,JAFCDX010000001.1_29,PF01476.23,LysM,Archaea,Nanoarchaeota,Nanoarchaeia,SCGC-AAA011-G17,JAFCDX01,JAFCDX01,JAFCDX01 sp017609465,JAFCDX010000001.1_29@GCA_017609465.1
GCA_017609475.1,JAFCDW010000034.1_8,PF01476.23,LysM,Archaea,Nanoarchaeota,Nanoarchaeia,Pacearchaeales,GW2011-AR1,JAFCDW01,JAFCDW01 sp017609475,JAFCDW010000034.1_8@GCA_017609475.1
GCA_017610225.1,JAFCCM010000008.1_3,PF01476.23,LysM,Archaea,Aenigmatarchaeota,Aenigmatarchaeia,CG10238-14,CG10238-14,CG10238-14,CG10238-14 sp017610225,JAFCCM010000008.1_3@GCA_017610225.1
GCA_017857195.1,JAFMDM010000184.1_1,PF08823.14,PG_binding_2,Archaea,Thermoproteota,Thermoprotei_A,Sulfolobales,Sulfolobaceae,Sulfodiicoccus,Sulfodiicoccus sp017857195,JAFMDM010000184.1_1@GCA_017857195.1
GCA_017857595.1,JAFMCU010000007.1_52,PF08823.14,PG_binding_2,Archaea,Thermoproteota,Thermoprotei,Gearchaeales,Gearchaeaceae,AAA261-N23,AAA261-N23 sp017857595,JAFMCU010000007.1_52@GCA_017857595.1
GCA_017883965.1,JAFNKG010000015.1_25,PF01476.23,LysM,Archaea,Halobacteriota,Syntropharchaeia,ANME-1,ANME-1,JAFNKG01,JAFNKG01 sp017883965,JAFNKG010000015.1_25@GCA_017883965.1
GCA_018221125.1,MBR9691547.1,PF01476.23,LysM,Archaea,Nanoarchaeota,Nanoarchaeia,Woesearchaeales,WJKL01,JAAOYC01,JAAOYC01 sp018221125,MBR9691547.1@GCA_018221125.1
GCA_018221245.1,MBR9701221.1,PF01476.23,LysM,Archaea,Nanoarchaeota,Nanoarchaeia,Woesearchaeales,UBA525,UBA525,UBA525 sp018221245,MBR9701221.1@GCA_018221245.1
GCA_018238545.1,JABCTC010000022.1_12,PF08823.14,PG_binding_2,Archaea,Asgardarchaeota,Heimdallarchaeia,UBA460,UBA460,UBA460,UBA460 sp018238545,JABCTC010000022.1_12@GCA_018238545.1
GCA_018238545.1,JABCTC010000034.1_5,PF01471.21,PG_binding_1,Archaea,Asgardarchaeota,Heimdallarchaeia,UBA460,UBA460,UBA460,UBA460 sp018238545,JABCTC010000034.1_5@GCA_018238545.1
GCA_018238625.1,JABCSY010000146.1_4,PF01476.23,LysM,Archaea,Asgardarchaeota,Lokiarchaeia,CR-4,SOKP01,SOKP01,SOKP01 sp018238625,JABCSY010000146.1_4@GCA_018238625.1
GCA_018238965.1,JABCSI010000051.1_8,PF08823.14,PG_binding_2,Archaea,Asgardarchaeota,Lokiarchaeia,CR-4,MK-D1,Prometheoarchaeum,Prometheoarchaeum sp018238965,JABCSI010000051.1_8@GCA_018238965.1
GCA_018238965.1,JABCSI010000158.1_9,PF01471.21,PG_binding_1,Archaea,Asgardarchaeota,Lokiarchaeia,CR-4,MK-D1,Prometheoarchaeum,Prometheoarchaeum sp018238965,JABCSI010000158.1_9@GCA_018238965.1
GCA_018303075.1,MBS3137529.1,PF01476.23,LysM,Archaea,Nanoarchaeota,Nanoarchaeia,Woesearchaeales,DSVV01,JACRKF01,JACRKF01 sp018303075,MBS3137529.1@GCA_018303075.1
GCA_018303285.1,MBS3119146.1,PF01476.23,LysM,Archaea,Nanoarchaeota,Nanoarchaeia,Woesearchaeales,JAGVYL01,JAGVYL01,JAGVYL01 sp018303285,MBS3119146.1@GCA_018303285.1
GCA_018303325.1,MBS3122693.1,PF01476.23,LysM,Archaea,Nanoarchaeota,Nanoarchaeia,Woesearchaeales,DSVV01,JACQSP01,JACQSP01 sp018303325,MBS3122693.1@GCA_018303325.1
GCA_018303545.1,MBS3108217.1,PF01471.21,PG_binding_1,Archaea,Nanoarchaeota,Nanoarchaeia,SCGC-AAA011-G17,JAGVXY01,JAGVXY01,JAGVXY01 sp018303545,MBS3108217.1@GCA_018303545.1
GCA_018303885.1,MBS3086675.1,PF01471.21,PG_binding_1,Archaea,Nanoarchaeota,Nanoarchaeia,Pacearchaeales,GW2011-AR1,ASMP01,ASMP01 sp018303885,MBS3086675.1@GCA_018303885.1
GCA_018303885.1,MBS3086772.1,PF01476.23,LysM,Archaea,Nanoarchaeota,Nanoarchaeia,Pacearchaeales,GW2011-AR1,ASMP01,ASMP01 sp018303885,MBS3086772.1@GCA_018303885.1
GCA_018304205.1,MBS3071548.1,PF01476.23,LysM,Archaea,Nanoarchaeota,Nanoarchaeia,Pacearchaeales,GW2011-AR1,JAGVWR01,JAGVWR01 sp018304205,MBS3071548.1@GCA_018304205.1
GCA_018304545.1,MBS3052256.1,PF01476.23,LysM,Archaea,Aenigmatarchaeota,Aenigmatarchaeia,CG10238-14,CG10238-14,JAGVVZ01,JAGVVZ01 sp018304545,MBS3052256.1@GCA_018304545.1
GCA_018334775.1,MBS3760143.1,PF08823.14,PG_binding_2,Archaea,Halobacteriota,Halobacteria,Halobacteriales,Halobacteriaceae,Halodesulfurarchaeum,Halodesulfurarchaeum sp018334775,MBS3760143.1@GCA_018334775.1
GCA_018335335.1,MBS3793892.1,PF08823.14,PG_binding_2,Archaea,Asgardarchaeota,Thorarchaeia,Thorarchaeales,Thorarchaeaceae,WJIL01,WJIL01 sp018335335,MBS3793892.1@GCA_018335335.1
GCA_018650285.1,MBT4058924.1,PF01471.21,PG_binding_1,Archaea,Thermoplasmatota,Poseidoniia,Poseidoniales,Thalassarchaeaceae,MGIIb-Q1,MGIIb-Q1 sp018650285,MBT4058924.1@GCA_018650285.1
GCA_018654845.1,MBT3757126.1,PF01471.21,PG_binding_1,Archaea,Thermoplasmatota,Poseidoniia,Poseidoniales,Thalassarchaeaceae,MGIIb-O2,MGIIb-O2 sp002499785,MBT3757126.1@GCA_018654845.1
GCA_018655015.1,MBT3866063.1,PF01476.23,LysM,Archaea,Nanoarchaeota,Nanoarchaeia,SCGC-AAA011-G17,UBA489,JABIKK01,JABIKK01 sp018655015,MBT3866063.1@GCA_018655015.1
GCA_018656555.1,MBT4440982.1,PF01476.23,LysM,Archaea,Nanoarchaeota,Nanoarchaeia,SCGC-AAA011-G17,GW2011-AR17,JABHZQ01,JABHZQ01 sp018656555,MBT4440982.1@GCA_018656555.1
GCA_018658265.1,MBT4577062.1,PF01476.23,LysM,Archaea,Nanoarchaeota,Nanoarchaeia,SCGC-AAA011-G17,UBA489,JABIKK01,JABIKK01 sp018658265,MBT4577062.1@GCA_018658265.1
GCA_018661705.1,MBT5272813.1,PF01476.23,LysM,Archaea,Nanoarchaeota,Nanoarchaeia,Woesearchaeales,DSVV01,JABHXF01,JABHXF01 sp018661705,MBT5272813.1@GCA_018661705.1
GCA_018662715.1,MBT5286193.1,PF01476.23,LysM,Archaea,Thermoplasmatota,Poseidoniia,Poseidoniales,Poseidoniaceae,Poseidonia,Poseidonia sp018662715,MBT5286193.1@GCA_018662715.1
GCA_018664115.1,MBT4805488.1,PF01476.23,LysM,Archaea,Nanoarchaeota,Nanoarchaeia,Woesearchaeales,GW2011-AR9,JABJOX01,JABJOX01 sp018664115,MBT4805488.1@GCA_018664115.1
GCA_018668595.1,MBT6518968.1,PF01476.23,LysM,Archaea,Nanoarchaeota,Nanoarchaeia,Woesearchaeales,UBA11576,JABJCP01,JABJCP01 sp018668595,MBT6518968.1@GCA_018668595.1
GCA_018670085.1,MBT6762482.1,PF01476.23,LysM,Archaea,Nanoarchaeota,Nanoarchaeia,Woesearchaeales,GW2011-AR9,GCA-2688265,GCA-2688265 sp018670085,MBT6762482.1@GCA_018670085.1
GCA_018670095.1,MBT6773785.1,PF01476.23,LysM,Archaea,Nanoarchaeota,Nanoarchaeia,Woesearchaeales,GW2011-AR9,JABJOX01,JABJOX01 sp018670095,MBT6773785.1@GCA_018670095.1
GCA_018675335.1,MBT7902387.1,PF01476.23,LysM,Archaea,Nanoarchaeota,Nanoarchaeia,Woesearchaeales,UBA11576,JABJCP01,JABJCP01 sp018675335,MBT7902387.1@GCA_018675335.1
GCA_018693795.1,MBT6995705.1,PF01476.23,LysM,Archaea,Nanoarchaeota,Nanoarchaeia,SCGC-AAA011-G17,PNOQ01,JABJPM01,JABJPM01 sp018693795,MBT6995705.1@GCA_018693795.1
GCA_018696595.1,MBT6743885.1,PF01476.23,LysM,Archaea,Nanoarchaeota,Nanoarchaeia,Woesearchaeales,GW2011-AR9,JABJOX01,JABJOX01 sp018696595,MBT6743885.1@GCA_018696595.1
GCA_018812355.1,MBU0459467.1,PF01471.21,PG_binding_1,Archaea,Nanoarchaeota,Nanoarchaeia,Woesearchaeales,GW2011-AR9,JAHJDQ01,JAHJDQ01 sp018812355,MBU0459467.1@GCA_018812355.1
GCA_018812355.1,MBU0460920.1,PF06347.16,SH3_4,Archaea,Nanoarchaeota,Nanoarchaeia,Woesearchaeales,GW2011-AR9,JAHJDQ01,JAHJDQ01 sp018812355,MBU0460920.1@GCA_018812355.1
GCA_018812765.1,MBU0469921.1,PF01471.21,PG_binding_1,Archaea,Nanoarchaeota,Nanoarchaeia,Woesearchaeales,GW2011-AR9,JAHJDB01,JAHJDB01 sp018812765,MBU0469921.1@GCA_018812765.1
GCA_018813445.1,MBU0585956.1,PF01471.21,PG_binding_1,Archaea,Micrarchaeota,Micrarchaeia,Anstonellales,Bilamarchaeaceae,JAHJBR01,JAHJBR01 sp018813445,MBU0585956.1@GCA_018813445.1
GCA_018813725.1,MBU0615282.1,PF01476.23,LysM,Archaea,Nanoarchaeota,Nanoarchaeia,Woesearchaeales,JAHJBD01,JAHJBD01,JAHJBD01 sp018813725,MBU0615282.1@GCA_018813725.1
GCA_018816585.1,MBU0962412.1,PF05036.16,SPOR,Archaea,Nanoarchaeota,Nanoarchaeia,SCGC-AAA011-G17,JAFCDX01,JAHIVQ01,JAHIVQ01 sp018816585,MBU0962412.1@GCA_018816585.1
GCA_018819065.1,MBU1201780.1,PF01476.23,LysM,Archaea,Nanoarchaeota,Nanoarchaeia,Woesearchaeales,GCA-2686295,GCA-2686295,GCA-2686295 sp018819065,MBU1201780.1@GCA_018819065.1
GCA_018896675.1,MBU4352952.1,PF01476.23,LysM,Archaea,Nanoarchaeota,Nanoarchaeia,SCGC-AAA011-G17,GW2011-AR17,JAHIMK01,JAHIMK01 sp018896675,MBU4352952.1@GCA_018896675.1
GCA_018992565.1,MBU7040520.1,PF01471.21,PG_binding_1,Archaea,Methanobacteriota_B,Thermococci,Methanofastidiosales,SZ-28-30,SZ-28-30,SZ-28-30 sp018992565,MBU7040520.1@GCA_018992565.1
GCA_018992685.1,MBU7038638.1,PF01471.21,PG_binding_1,Archaea,Methanobacteriota_B,Thermococci,Methanofastidiosales,SZ-28-30,SZ-28-30,SZ-28-30 sp018992685,MBU7038638.1@GCA_018992685.1
GCA_019057375.1,DXJF01000026.1_6,PF08823.14,PG_binding_2,Archaea,Asgardarchaeota,Heimdallarchaeia,UBA460,UBA460,UBA460,UBA460 sp002505645,DXJF01000026.1_6@GCA_019057375.1
GCA_019057385.1,JAHQJS010000005.1_115,PF08823.14,PG_binding_2,Archaea,Asgardarchaeota,Sifarchaeia,Borrarchaeales,Borrarchaeaceae,Borrarchaeum,Borrarchaeum weybense,JAHQJS010000005.1_115@GCA_019057385.1
GCA_019057595.1,DXJI01000009.1_2,PF00018.31,SH3_1,Archaea,Asgardarchaeota,Thorarchaeia,Thorarchaeales,Thorarchaeaceae,SMTZ1-45,SMTZ1-45 sp019057595,DXJI01000009.1_2@GCA_019057595.1
GCA_019057775.1,JAHLWT010000042.1_9,PF07653.20,SH3_2,Archaea,Asgardarchaeota,Lokiarchaeia,CR-4,SOKP01,Loki-b32,Loki-b32 sp019057775,JAHLWT010000042.1_9@GCA_019057775.1
GCA_019057775.1,JAHLWT010000067.1_2,PF05036.16,SPOR,Archaea,Asgardarchaeota,Lokiarchaeia,CR-4,SOKP01,Loki-b32,Loki-b32 sp019057775,JAHLWT010000067.1_2@GCA_019057775.1
GCA_019057775.1,JAHLWT010000164.1_4,PF01471.21,PG_binding_1,Archaea,Asgardarchaeota,Lokiarchaeia,CR-4,SOKP01,Loki-b32,Loki-b32 sp019057775,JAHLWT010000164.1_4@GCA_019057775.1
GCA_019057795.1,JAHLWS010000068.1_65,PF01476.23,LysM,Archaea,Asgardarchaeota,Lokiarchaeia,CR-4,SOKP01,SOKP01,SOKP01 sp019057795,JAHLWS010000068.1_65@GCA_019057795.1
GCA_019057815.1,JAHLWR010000021.1_22,PF08823.14,PG_binding_2,Archaea,Asgardarchaeota,Heimdallarchaeia,UBA460,UBA460,18H4-34,18H4-34 sp019057815,JAHLWR010000021.1_22@GCA_019057815.1
GCA_019057865.1,JAHLWP010000009.1_80,PF07653.20,SH3_2,Archaea,Asgardarchaeota,Lokiarchaeia,CR-4,SOKP01,Loki-b32,Loki-b32 sp019057865,JAHLWP010000009.1_80@GCA_019057865.1
GCA_019057865.1,JAHLWP010000076.1_9,PF08823.14,PG_binding_2,Archaea,Asgardarchaeota,Lokiarchaeia,CR-4,SOKP01,Loki-b32,Loki-b32 sp019057865,JAHLWP010000076.1_9@GCA_019057865.1
GCA_019058015.1,JAHLWH010000030.1_25,PF07653.20,SH3_2,Archaea,Asgardarchaeota,Lokiarchaeia,CR-4,SOKP01,6H3-1,6H3-1 sp019058015,JAHLWH010000030.1_25@GCA_019058015.1
GCA_019058015.1,JAHLWH010000030.1_25,PF00018.31,SH3_1,Archaea,Asgardarchaeota,Lokiarchaeia,CR-4,SOKP01,6H3-1,6H3-1 sp019058015,JAHLWH010000030.1_25@GCA_019058015.1
GCA_019058015.1,JAHLWH010000084.1_21,PF08823.14,PG_binding_2,Archaea,Asgardarchaeota,Lokiarchaeia,CR-4,SOKP01,6H3-1,6H3-1 sp019058015,JAHLWH010000084.1_21@GCA_019058015.1
GCA_019058135.1,JAHLWE010000419.1_4,PF08823.14,PG_binding_2,Archaea,Asgardarchaeota,Lokiarchaeia,CR-4,SOKP01,6H3-1,6H3-1 sp019058135,JAHLWE010000419.1_4@GCA_019058135.1
GCA_019058135.1,JAHLWE010000527.1_3,PF07653.20,SH3_2,Archaea,Asgardarchaeota,Lokiarchaeia,CR-4,SOKP01,6H3-1,6H3-1 sp019058135,JAHLWE010000527.1_3@GCA_019058135.1
GCA_019058365.1,JAHPZE010000012.1_76,PF07653.20,SH3_2,Archaea,Asgardarchaeota,Lokiarchaeia,CR-4,SOKP01,Loki-b32,Loki-b32 sp019058365,JAHPZE010000012.1_76@GCA_019058365.1
GCA_019058365.1,JAHPZE010000012.1_76,PF00018.31,SH3_1,Archaea,Asgardarchaeota,Lokiarchaeia,CR-4,SOKP01,Loki-b32,Loki-b32 sp019058365,JAHPZE010000012.1_76@GCA_019058365.1
GCA_019058425.1,JAHPYZ010000105.1_4,PF07653.20,SH3_2,Archaea,Asgardarchaeota,Lokiarchaeia,CR-4,SOKP01,Loki-b32,Loki-b32 sp019058425,JAHPYZ010000105.1_4@GCA_019058425.1
GCA_019058515.1,JAHPYY010000032.1_20,PF07653.20,SH3_2,Archaea,Asgardarchaeota,Lokiarchaeia,CR-4,SOKP01,LW60-42,LW60-42 sp019058515,JAHPYY010000032.1_20@GCA_019058515.1
GCA_019058515.1,JAHPYY010000072.1_1,PF08823.14,PG_binding_2,Archaea,Asgardarchaeota,Lokiarchaeia,CR-4,SOKP01,LW60-42,LW60-42 sp019058515,JAHPYY010000072.1_1@GCA_019058515.1
GCA_019561555.1,MBW9221978.1,PF04122.15,CW_binding_2,Archaea,Methanobacteriota,Methanococci,Methanococcales,Methanococcaceae,Methanofervidicoccus,Methanofervidicoccus sp019561555,MBW9221978.1@GCA_019561555.1
GCA_019561615.1,MBW9223456.1,PF04122.15,CW_binding_2,Archaea,Methanobacteriota,Methanococci,Methanococcales,Methanococcaceae,Methanofervidicoccus,Methanofervidicoccus sp019561615,MBW9223456.1@GCA_019561615.1
GCA_019704295.1,BCU68327.1,PF08823.14,PG_binding_2,Archaea,Thermoproteota,Thermoprotei_A,Sulfolobales,Sulfolobaceae,HS-7,HS-7 sp019704295,BCU68327.1@GCA_019704295.1
GCA_019720975.1,MBX8632428.1,PF08823.14,PG_binding_2,Archaea,Thermoplasmatota,Thermoplasmata,Sysuiplasmatales,Sysuiplasmataceae,Sysuiplasma,Sysuiplasma superficiale,MBX8632428.1@GCA_019720975.1
GCA_019721035.1,MBX8645986.1,PF08823.14,PG_binding_2,Archaea,Thermoplasmatota,Thermoplasmata,Sysuiplasmatales,Sysuiplasmataceae,Sysuiplasma,Sysuiplasma acidicola,MBX8645986.1@GCA_019721035.1
GCA_019721075.1,MBX8639618.1,PF08823.14,PG_binding_2,Archaea,Thermoplasmatota,Thermoplasmata,Sysuiplasmatales,Sysuiplasmataceae,Sysuiplasma,Sysuiplasma jiujiangense,MBX8639618.1@GCA_019721075.1
GCA_019894665.1,MBY8997131.1,PF08823.14,PG_binding_2,Archaea,Asgardarchaeota,Thorarchaeia,Thorarchaeales,Thorarchaeaceae,SMTZ1-45,SMTZ1-45 sp019894665,MBY8997131.1@GCA_019894665.1
GCA_019894765.1,MBY8994839.1,PF08823.14,PG_binding_2,Archaea,Asgardarchaeota,Heimdallarchaeia,JABLTI01,JABLTI01,JABLTI01,JABLTI01 sp019894765,MBY8994839.1@GCA_019894765.1
GCA_019894795.1,MBY9000261.1,PF08823.14,PG_binding_2,Archaea,Asgardarchaeota,Heimdallarchaeia,UBA460,UBA460,UBA460,UBA460 sp019894795,MBY9000261.1@GCA_019894795.1
GCA_020029475.1,JAIBJG010000007.1_27,PF08823.14,PG_binding_2,Archaea,Thermoplasmatota,Thermoplasmata,RBG-16-68-12,RBG-16-68-12,EA-19,EA-19 sp020029475,JAIBJG010000007.1_27@GCA_020029475.1
GCA_020056635.1,JAGVHI010000007.1_39,PF01471.21,PG_binding_1,Archaea,Micrarchaeota,Micrarchaeia,Anstonellales,Anstonellaceae,JAGVHI01,JAGVHI01 sp020056635,JAGVHI010000007.1_39@GCA_020056635.1
GCA_020344315.1,UCC57868.1,PF01471.21,PG_binding_1,Archaea,Thermoproteota,Bathyarchaeia,B26-1,BA1,BIN-L-1,BIN-L-1 sp020344315,UCC57868.1@GCA_020344315.1
GCA_020348865.1,UCE29190.1,PF07653.20,SH3_2,Archaea,Thermoproteota,Bathyarchaeia,B26-1,BA1,SOJZ01,SOJZ01 sp020348865,UCE29190.1@GCA_020348865.1
GCA_020348865.1,UCE29730.1,PF01471.21,PG_binding_1,Archaea,Thermoproteota,Bathyarchaeia,B26-1,BA1,SOJZ01,SOJZ01 sp020348865,UCE29730.1@GCA_020348865.1
GCA_020348985.1,UCE10570.1,PF07653.20,SH3_2,Archaea,Asgardarchaeota,Thorarchaeia,Thorarchaeales,Thorarchaeaceae,JAJRWI01,JAJRWI01 sp020348985,UCE10570.1@GCA_020348985.1
GCA_020348985.1,UCE10570.1,PF00018.31,SH3_1,Archaea,Asgardarchaeota,Thorarchaeia,Thorarchaeales,Thorarchaeaceae,JAJRWI01,JAJRWI01 sp020348985,UCE10570.1@GCA_020348985.1
GCA_020354575.1,UCH32363.1,PF07653.20,SH3_2,Archaea,Thermoproteota,Bathyarchaeia,B26-1,SOJC01,GCA-020354575,GCA-020354575 sp020354575,UCH32363.1@GCA_020354575.1
GCA_020355105.1,UCH03348.1,PF07653.20,SH3_2,Archaea,Asgardarchaeota,Thorarchaeia,Thorarchaeales,Thorarchaeaceae,SMTZ1-83,SMTZ1-83 sp020355105,UCH03348.1@GCA_020355105.1
GCA_020355105.1,UCH03584.1,PF08823.14,PG_binding_2,Archaea,Asgardarchaeota,Thorarchaeia,Thorarchaeales,Thorarchaeaceae,SMTZ1-83,SMTZ1-83 sp020355105,UCH03584.1@GCA_020355105.1
GCA_020355125.1,UCH03099.1,PF05036.16,SPOR,Archaea,Thermoproteota,Bathyarchaeia,RBG-16-48-13,GCA-020355125,GCA-020355125,GCA-020355125 sp020355125,UCH03099.1@GCA_020355125.1
GCA_020356005.1,UCH89263.1,PF05036.16,SPOR,Archaea,Thermoplasmatota,JAEHCK01,JAEHCK01,GCA-020356005,GCA-020356005,GCA-020356005 sp020356005,UCH89263.1@GCA_020356005.1
GCA_020430505.1,MCA9487372.1,PF01476.23,LysM,Archaea,Nanoarchaeota,Nanoarchaeia,Pacearchaeales,GW2011-AR1,EX4484-71,EX4484-71 sp020430505,MCA9487372.1@GCA_020430505.1
GCA_020725315.1,DYFG01000001.1_33,PF01476.23,LysM,Archaea,Halobacteriota,Syntropharchaeia,ANME-1,ANME-1,ANME-1-THS,ANME-1-THS sp020725315,DYFG01000001.1_33@GCA_020725315.1
GCA_020832925.1,MCC6017008.1,PF08823.14,PG_binding_2,Archaea,Thermoproteota,Thermoprotei_A,Sulfolobales,Ignisphaeraceae,Ignisphaera,Ignisphaera sp020832925,MCC6017008.1@GCA_020832925.1
GCA_020833325.1,MCC6043793.1,PF08823.14,PG_binding_2,Archaea,Thermoproteota,Thermoprotei_A,Sulfolobales,Acidilobaceae,DSZV01,DSZV01 sp020833325,MCC6043793.1@GCA_020833325.1
GCA_020833325.1,MCC6043793.1,PF01471.21,PG_binding_1,Archaea,Thermoproteota,Thermoprotei_A,Sulfolobales,Acidilobaceae,DSZV01,DSZV01 sp020833325,MCC6043793.1@GCA_020833325.1
GCA_020854775.1,MCC7574376.1,PF01476.23,LysM,Archaea,Nanoarchaeota,Nanoarchaeia,Woesearchaeales,21-14-0-10-32-9,21-14-0-10-32-9,21-14-0-10-32-9 sp020854775,MCC7574376.1@GCA_020854775.1
GCA_020854785.1,MCC7575314.1,PF01476.23,LysM,Archaea,Halobacteriota,Methanosarcinia,Methanosarcinales,Methanosarcinaceae,Methanomethylovorans,Methanomethylovorans sp020854785,MCC7575314.1@GCA_020854785.1
GCA_020854785.1,MCC7577318.1,PF01476.23,LysM,Archaea,Halobacteriota,Methanosarcinia,Methanosarcinales,Methanosarcinaceae,Methanomethylovorans,Methanomethylovorans sp020854785,MCC7577318.1@GCA_020854785.1
GCA_020854825.1,MCC7552319.1,PF01471.21,PG_binding_1,Archaea,Micrarchaeota,Micrarchaeia,Anstonellales,JAHKLY01,JAHKLY01,JAHKLY01 sp020854825,MCC7552319.1@GCA_020854825.1
GCA_020854835.1,MCC7569980.1,PF01471.21,PG_binding_1,Archaea,Micrarchaeota,Micrarchaeia,Anstonellales,JAGGVH01,JAGGVH01,JAGGVH01 sp020854835,MCC7569980.1@GCA_020854835.1
GCA_020854835.1,MCC7570113.1,PF01476.23,LysM,Archaea,Micrarchaeota,Micrarchaeia,Anstonellales,JAGGVH01,JAGGVH01,JAGGVH01 sp020854835,MCC7570113.1@GCA_020854835.1
GCA_020854835.1,MCC7570120.1,PF01476.23,LysM,Archaea,Micrarchaeota,Micrarchaeia,Anstonellales,JAGGVH01,JAGGVH01,JAGGVH01 sp020854835,MCC7570120.1@GCA_020854835.1
GCA_021108405.1,MCD4844465.1,PF01476.23,LysM,Archaea,Halobacteriota,Methanosarcinia,Methanosarcinales,Methanocomedenaceae,Methanomarinus,Methanomarinus sp021108405,MCD4844465.1@GCA_021108405.1
GCA_021157925.1,MCD6195671.1,PF08823.14,PG_binding_2,Archaea,Thermoproteota,Thermoprotei_A,Sulfolobales,Desulfurococcaceae,JAGHDU01,JAGHDU01 sp021157925,MCD6195671.1@GCA_021157925.1
GCA_021162905.1,MCD6515049.1,PF08823.14,PG_binding_2,Archaea,Asgardarchaeota,JAGGXT01,JAGGXT01,JAGGXT01,JAGGXT01,JAGGXT01 sp021162905,MCD6515049.1@GCA_021162905.1
GCA_021163005.1,MCD6496661.1,PF04122.15,CW_binding_2,Archaea,Aenigmatarchaeota,Aenigmatarchaeia,QMZP01,JAFGSV01,JAFGFG01,JAFGFG01 sp021163005,MCD6496661.1@GCA_021163005.1
GCA_021323995.1,JAJPJY010000066.1_37,PF07653.20,SH3_2,Archaea,Thermoproteota,Bathyarchaeia,40CM-2-53-6,40CM-2-53-6,40CM-2-53-6,40CM-2-53-6 sp021323995,JAJPJY010000066.1_37@GCA_021323995.1
GCA_021323995.1,JAJPJY010000066.1_37,PF00018.31,SH3_1,Archaea,Thermoproteota,Bathyarchaeia,40CM-2-53-6,40CM-2-53-6,40CM-2-53-6,40CM-2-53-6 sp021323995,JAJPJY010000066.1_37@GCA_021323995.1
GCA_021324115.1,JAJPJS010000008.1_237,PF01476.23,LysM,Archaea,Thermoproteota,Nitrososphaeria,Conexivisphaerales,DTJL01,JAJPJS01,JAJPJS01 sp021324115,JAJPJS010000008.1_237@GCA_021324115.1
GCA_021324265.1,JAJPJK010000004.1_86,PF08823.14,PG_binding_2,Archaea,Thermoproteota,Thermoprotei,Gearchaeales,Gearchaeaceae,DSFO01,DSFO01 sp021324265,JAJPJK010000004.1_86@GCA_021324265.1
GCA_021325255.1,JAJPHP010000054.1_143,PF01476.23,LysM,Archaea,Thermoproteota,Nitrososphaeria,Nitrososphaerales,CADDZS01,CADDZS01,CADDZS01 sp021325255,JAJPHP010000054.1_143@GCA_021325255.1
GCA_021372715.1,MCE5214222.1,PF01471.21,PG_binding_1,Archaea,Methanobacteriota,Methanobacteria,Methanobacteriales,Methanobacteriaceae,Methanobacterium_A,Methanobacterium_A sp021372715,MCE5214222.1@GCA_021372715.1
GCA_021399405.1,MCE7736297.1,PF07653.20,SH3_2,Archaea,Asgardarchaeota,Heimdallarchaeia,UBA460,Kariarchaeaceae,LC-2,LC-2 sp021399405,MCE7736297.1@GCA_021399405.1
GCA_021399405.1,MCE7737092.1,PF08823.14,PG_binding_2,Archaea,Asgardarchaeota,Heimdallarchaeia,UBA460,Kariarchaeaceae,LC-2,LC-2 sp021399405,MCE7737092.1@GCA_021399405.1
GCA_021409285.1,MCE8427098.1,PF01476.23,LysM,Archaea,Halobacteriota,Methanosarcinia,Methanosarcinales,Methanoperedenaceae,Methanoperedens,Methanoperedens sp021409285,MCE8427098.1@GCA_021409285.1
GCA_021409285.1,MCE8429587.1,PF01471.21,PG_binding_1,Archaea,Halobacteriota,Methanosarcinia,Methanosarcinales,Methanoperedenaceae,Methanoperedens,Methanoperedens sp021409285,MCE8429587.1@GCA_021409285.1
GCA_021498125.1,MCF2137607.1,PF08823.14,PG_binding_2,Archaea,Asgardarchaeota,Thorarchaeia,Thorarchaeales,Thorarchaeaceae,B65-G9,B65-G9 sp021498125,MCF2137607.1@GCA_021498125.1
GCA_021513695.1,UJG42157.1,PF08823.14,PG_binding_2,Archaea,Asgardarchaeota,Heimdallarchaeia,UBA460,UBA460,PR6,PR6 sp021513695,UJG42157.1@GCA_021513695.1
GCA_021513715.1,UJG43165.1,PF08823.14,PG_binding_2,Archaea,Asgardarchaeota,Heimdallarchaeia,UBA460,UBA460,PR6,PR6 sp021513715,UJG43165.1@GCA_021513715.1
GCA_021654415.1,BCS93223.1,PF08823.14,PG_binding_2,Archaea,Thermoproteota,Thermoprotei_A,Sulfolobales,Sulfolobaceae,Metallosphaera,Metallosphaera javensis,BCS93223.1@GCA_021654415.1
GCA_021735165.1,MCF7872429.1,PF01476.23,LysM,Archaea,Nanoarchaeota,Nanoarchaeia,Woesearchaeales,21-14-0-10-32-9,JAIPET01,JAIPET01 sp021735165,MCF7872429.1@GCA_021735165.1
GCA_021736975.1,MCF8013605.1,PF01476.23,LysM,Archaea,Nanoarchaeota,Nanoarchaeia,Woesearchaeales,21-14-0-10-32-9,JAIPET01,JAIPET01 sp021736975,MCF8013605.1@GCA_021736975.1
GCA_021790425.1,JAJYEA010000006.1_9,PF08823.14,PG_binding_2,Archaea,Thermoplasmatota,Thermoplasmata,UBA184,UBA184,JAJYEA01,JAJYEA01 sp021790425,JAJYEA010000006.1_9@GCA_021790425.1
GCA_021796175.1,JAJYOM010000181.1_4,PF08823.14,PG_binding_2,Archaea,Thermoplasmatota,Thermoplasmata,Sysuiplasmatales,Sysuiplasmataceae,JAJZXY01,JAJZXY01 sp021796175,JAJYOM010000181.1_4@GCA_021796175.1
GCA_021796895.1,JAKABN010000097.1_2,PF08823.14,PG_binding_2,Archaea,Thermoplasmatota,Thermoplasmata,Sysuiplasmatales,Sysuiplasmataceae,Sysuiplasma,Sysuiplasma sp021796895,JAKABN010000097.1_2@GCA_021796895.1
GCA_021797265.1,JAJZZZ010000013.1_5,PF08823.14,PG_binding_2,Archaea,Thermoplasmatota,Thermoplasmata,Thermoplasmatales,Thermoplasmataceae,UBA447,UBA447 sp021797265,JAJZZZ010000013.1_5@GCA_021797265.1
GCA_021798195.1,JAJZYH010000001.1_132,PF08823.14,PG_binding_2,Archaea,Thermoplasmatota,Thermoplasmata,UBA184,UBA184,JAJZYH01,JAJZYH01 sp021798195,JAJZYH010000001.1_132@GCA_021798195.1
GCA_021802055.1,JAKAAY010000020.1_2,PF01476.23,LysM,Archaea,Thermoplasmatota,Thermoplasmata,Thermoplasmatales,Thermoplasmataceae,JAKAFX01,JAKAFX01 sp021802055,JAKAAY010000020.1_2@GCA_021802055.1
GCA_021802125.1,JAKAAX010000006.1_33,PF08823.14,PG_binding_2,Archaea,Thermoplasmatota,Thermoplasmata,UBA184,UBA184,JAKAAX01,JAKAAX01 sp021802125,JAKAAX010000006.1_33@GCA_021802125.1
GCA_021802365.1,JAKAAJ010000006.1_10,PF08823.14,PG_binding_2,Archaea,Thermoplasmatota,Thermoplasmata,Thermoplasmatales,Thermoplasmataceae,UBA447,UBA447 sp021802365,JAKAAJ010000006.1_10@GCA_021802365.1
GCA_021804185.1,JAJZKL010000167.1_6,PF08823.14,PG_binding_2,Archaea,Thermoplasmatota,Thermoplasmata,Thermoplasmatales,Thermoplasmataceae,UBA447,UBA447 sp021804185,JAJZKL010000167.1_6@GCA_021804185.1
GCA_021806135.1,JAJZYB010000019.1_29,PF08823.14,PG_binding_2,Archaea,Thermoplasmatota,Thermoplasmata,UBA184,UBA184,JAKATE01,JAKATE01 sp021806135,JAJZYB010000019.1_29@GCA_021806135.1
GCA_021806165.1,JAJZXY010000012.1_55,PF08823.14,PG_binding_2,Archaea,Thermoplasmatota,Thermoplasmata,Sysuiplasmatales,Sysuiplasmataceae,JAJZXY01,JAJZXY01 sp021806165,JAJZXY010000012.1_55@GCA_021806165.1
GCA_021811925.1,JAKAPY010000015.1_8,PF08823.14,PG_binding_2,Archaea,Thermoplasmatota,Thermoplasmata,Sysuiplasmatales,Sysuiplasmataceae,JAJZXY01,JAJZXY01 sp021811925,JAKAPY010000015.1_8@GCA_021811925.1
GCA_021811925.1,JAKAPY010000204.1_4,PF08823.14,PG_binding_2,Archaea,Thermoplasmatota,Thermoplasmata,Sysuiplasmatales,Sysuiplasmataceae,JAJZXY01,JAJZXY01 sp021811925,JAKAPY010000204.1_4@GCA_021811925.1
GCA_021816645.1,JAKAXF010000096.1_5,PF01476.23,LysM,Archaea,Micrarchaeota,Micrarchaeia,Micrarchaeales,Micrarchaeaceae,JAKATY01,JAKATY01 sp021816645,JAKAXF010000096.1_5@GCA_021816645.1
GCA_021817225.1,JAKAVR010000034.1_19,PF08823.14,PG_binding_2,Archaea,Thermoplasmatota,Thermoplasmata,Sysuiplasmatales,Sysuiplasmataceae,JAJZXY01,JAJZXY01 sp021817225,JAKAVR010000034.1_19@GCA_021817225.1
GCA_021817245.1,JAKAVQ010000002.1_44,PF08823.14,PG_binding_2,Archaea,Thermoplasmatota,Thermoplasmata,UBA184,UBA184,UBA184,UBA184 sp021817245,JAKAVQ010000002.1_44@GCA_021817245.1
GCA_021817605.1,JAKAUN010000010.1_28,PF08823.14,PG_binding_2,Archaea,Thermoplasmatota,Thermoplasmata,UBA184,UBA184,UBA184,UBA184 sp021817605,JAKAUN010000010.1_28@GCA_021817605.1
GCA_021817735.1,JAKAFX010000039.1_1,PF08823.14,PG_binding_2,Archaea,Thermoplasmatota,Thermoplasmata,Thermoplasmatales,Thermoplasmataceae,JAKAFX01,JAKAFX01 sp021817735,JAKAFX010000039.1_1@GCA_021817735.1
GCA_021821785.1,JAKACD010000001.1_156,PF08823.14,PG_binding_2,Archaea,Thermoplasmatota,Thermoplasmata,UBA184,UBA184,UBA184,UBA184 sp021821785,JAKACD010000001.1_156@GCA_021821785.1
GCA_021826685.1,JAKAYT010000013.1_32,PF08823.14,PG_binding_2,Archaea,Thermoplasmatota,Thermoplasmata,UBA184,UBA184,UBA184,UBA184 sp021826685,JAKAYT010000013.1_32@GCA_021826685.1
GCA_021827405.1,JAKAVY010000040.1_8,PF08823.14,PG_binding_2,Archaea,Thermoplasmatota,Thermoplasmata,UBA184,UBA184,JAKATE01,JAKATE01 sp021827405,JAKAVY010000040.1_8@GCA_021827405.1
GCA_021828085.1,JAKATE010000006.1_9,PF08823.14,PG_binding_2,Archaea,Thermoplasmatota,Thermoplasmata,UBA184,UBA184,JAKATE01,JAKATE01 sp021828085,JAKATE010000006.1_9@GCA_021828085.1
GCA_021828665.1,JAJZDH010000127.1_2,PF08823.14,PG_binding_2,Archaea,Thermoplasmatota,Thermoplasmata,UBA184,UBA184,JAKIVR01,JAKIVR01 sp021828665,JAJZDH010000127.1_2@GCA_021828665.1
GCA_022257805.1,JAKOPB010000006.1_9,PF04122.15,CW_binding_2,Archaea,Aenigmatarchaeota,Aenigmatarchaeia,PWEA01,PWEA01,PWEA01,PWEA01 sp022257805,JAKOPB010000006.1_9@GCA_022257805.1
GCA_022257805.1,JAKOPB010000103.1_1,PF04122.15,CW_binding_2,Archaea,Aenigmatarchaeota,Aenigmatarchaeia,PWEA01,PWEA01,PWEA01,PWEA01 sp022257805,JAKOPB010000103.1_1@GCA_022257805.1
GCA_022449345.1,MCH2441250.1,PF01471.21,PG_binding_1,Archaea,Thermoplasmatota,Poseidoniia,Poseidoniales,Thalassarchaeaceae,MGIIb-O1,MGIIb-O1 sp022449345,MCH2441250.1@GCA_022449345.1
GCA_022565615.1,MCH8520067.1,PF01476.23,LysM,Archaea,Nanoarchaeota,Nanoarchaeia,Woesearchaeales,UBA583,UBA583,UBA583 sp022565615,MCH8520067.1@GCA_022565615.1
GCA_022729275.1,JALDAH010000034.1_8,PF01476.23,LysM,Archaea,Nanohaloarchaeota,Nanosalinia,Nanosalinales,JALIDP01,JALDAI01,JALDAI01 sp022729275,JALDAH010000034.1_8@GCA_022729275.1
GCA_022729335.1,JALDAE010000012.1_14,PF08823.14,PG_binding_2,Archaea,Nanohaloarchaeota,Nanosalinia,Nanosalinales,JALIDP01,JALDAI01,JALDAI01 sp022729335,JALDAE010000012.1_14@GCA_022729335.1
GCA_022729335.1,JALDAE010000012.1_14,PF01471.21,PG_binding_1,Archaea,Nanohaloarchaeota,Nanosalinia,Nanosalinales,JALIDP01,JALDAI01,JALDAI01 sp022729335,JALDAE010000012.1_14@GCA_022729335.1
GCA_022729335.1,JALDAE010000016.1_14,PF04122.15,CW_binding_2,Archaea,Nanohaloarchaeota,Nanosalinia,Nanosalinales,JALIDP01,JALDAI01,JALDAI01 sp022729335,JALDAE010000016.1_14@GCA_022729335.1
GCA_022729335.1,JALDAE010000019.1_9,PF01471.21,PG_binding_1,Archaea,Nanohaloarchaeota,Nanosalinia,Nanosalinales,JALIDP01,JALDAI01,JALDAI01 sp022729335,JALDAE010000019.1_9@GCA_022729335.1
GCA_022749815.1,MCI4352251.1,PF08823.14,PG_binding_2,Archaea,Thermoplasmatota,Thermoplasmata,UBA184,UBA184,JAKIWV01,JAKIWV01 sp022749815,MCI4352251.1@GCA_022749815.1
GCA_022749845.1,MCI4362848.1,PF08823.14,PG_binding_2,Archaea,Thermoplasmatota,Thermoplasmata,UBA184,UBA184,JAKIVR01,JAKIVR01 sp022749845,MCI4362848.1@GCA_022749845.1
GCA_022749995.1,MCI4334165.1,PF08823.14,PG_binding_2,Archaea,Thermoplasmatota,Thermoplasmata,UBA184,UBA184,JAKIVR01,JAKIVR01 sp022749995,MCI4334165.1@GCA_022749995.1
GCA_022750055.1,MCI4357615.1,PF08823.14,PG_binding_2,Archaea,Thermoplasmatota,Thermoplasmata,UBA184,UBA184,UBA184,UBA184 sp022750055,MCI4357615.1@GCA_022750055.1
GCA_022750115.1,MCI4356165.1,PF08823.14,PG_binding_2,Archaea,Thermoplasmatota,Thermoplasmata,UBA184,UBA184,UBA184,UBA184 sp022750115,MCI4356165.1@GCA_022750115.1
GCA_022750125.1,MCI4346248.1,PF08823.14,PG_binding_2,Archaea,Thermoplasmatota,Thermoplasmata,UBA184,UBA184,JAKIVR01,JAKIVR01 sp022750125,MCI4346248.1@GCA_022750125.1
GCA_022750155.1,MCI4330319.1,PF08823.14,PG_binding_2,Archaea,Thermoplasmatota,Thermoplasmata,UBA184,UBA184,UBA184,UBA184 sp022750155,MCI4330319.1@GCA_022750155.1
GCA_022750195.1,MCI4319626.1,PF08823.14,PG_binding_2,Archaea,Thermoplasmatota,Thermoplasmata,UBA184,UBA184,UBA184,UBA184 sp022750195,MCI4319626.1@GCA_022750195.1
GCA_022750195.1,MCI4320639.1,PF01471.21,PG_binding_1,Archaea,Thermoplasmatota,Thermoplasmata,UBA184,UBA184,UBA184,UBA184 sp022750195,MCI4320639.1@GCA_022750195.1
GCA_022750455.1,MCI4323037.1,PF08823.14,PG_binding_2,Archaea,Thermoplasmatota,Thermoplasmata,UBA184,UBA184,JAKIVR01,JAKIVR01 sp022750455,MCI4323037.1@GCA_022750455.1
GCA_022848835.1,MCJ2520712.1,PF08823.14,PG_binding_2,Archaea,Thermoplasmatota,Thermoplasmata,RBG-16-68-12,JAJISG01,JAJISG01,JAJISG01 sp022848835,MCJ2520712.1@GCA_022848835.1
GCA_022865215.1,MCJ7479138.1,PF04122.15,CW_binding_2,Archaea,Nanohaloarchaeota,Nanosalinia,Nanosalinales,JALIDP01,JALIDP01,JALIDP01 sp022865215,MCJ7479138.1@GCA_022865215.1
GCA_022865275.1,MCJ7450274.1,PF04122.15,CW_binding_2,Archaea,Nanohaloarchaeota,Nanosalinia,Nanosalinales,JALIDP01,JALIDQ01,JALIDQ01 sp022865275,MCJ7450274.1@GCA_022865275.1
GCA_023128965.1,MCK4335112.1,PF01471.21,PG_binding_1,Archaea,Aenigmatarchaeota,Aenigmatarchaeia,QMZP01,QMZT01,CS3-C152,CS3-C152 sp023128965,MCK4335112.1@GCA_023128965.1
GCA_023132955.1,MCK4611381.1,PF08823.14,PG_binding_2,Archaea,Asgardarchaeota,Heimdallarchaeia,UBA460,UBA460,UBA460,UBA460 sp023132955,MCK4611381.1@GCA_023132955.1
GCA_023135215.1,MCK4878387.1,PF08823.14,PG_binding_2,Archaea,Asgardarchaeota,Heimdallarchaeia,UBA460,UBA460,UBA460,UBA460 sp023135215,MCK4878387.1@GCA_023135215.1
GCA_023135215.1,MCK4878840.1,PF00018.31,SH3_1,Archaea,Asgardarchaeota,Heimdallarchaeia,UBA460,UBA460,UBA460,UBA460 sp023135215,MCK4878840.1@GCA_023135215.1
GCA_023136245.1,MCK4954976.1,PF08823.14,PG_binding_2,Archaea,Asgardarchaeota,Heimdallarchaeia,UBA460,UBA460,UBA460,UBA460 sp023136245,MCK4954976.1@GCA_023136245.1
GCA_023136775.1,MCK4996720.1,PF01476.23,LysM,Archaea,Nanoarchaeota,Nanoarchaeia,Pacearchaeales,GW2011-AR1,JAGVXH01,JAGVXH01 sp023136775,MCK4996720.1@GCA_023136775.1
GCA_023137655.1,MCK5107341.1,PF01476.23,LysM,Archaea,Nanoarchaeota,Nanoarchaeia,Woesearchaeales,BS150m-G63,JAGLOT01,JAGLOT01 sp023137655,MCK5107341.1@GCA_023137655.1
GCA_023139025.1,MCK5142351.1,PF08823.14,PG_binding_2,Archaea,Asgardarchaeota,Heimdallarchaeia,UBA460,UBA460,UBA460,UBA460 sp023139025,MCK5142351.1@GCA_023139025.1
GCA_023246445.1,JAHFIJ010000043.1_6,PF01476.23,LysM,Archaea,Nanoarchaeota,Nanoarchaeia,SCGC-AAA011-G17,JACQNH01,JACQNH01,JACQNH01 sp023246445,JAHFIJ010000043.1_6@GCA_023246445.1
GCA_023248035.1,JAHFFJ010000076.1_1,PF01471.21,PG_binding_1,Archaea,Micrarchaeota,Micrarchaeia,Anstonellales,Bilamarchaeaceae,Bilamarchaeum,Bilamarchaeum sp023248035,JAHFFJ010000076.1_1@GCA_023248035.1
GCA_023256255.1,JAGDXD010000028.1_180,PF08823.14,PG_binding_2,Archaea,Thermoproteota,Thermoprotei,Thermoproteales,Thermocladiaceae,Caldivirga,Caldivirga sp023256255,JAGDXD010000028.1_180@GCA_023256255.1
GCA_023256325.1,JAGDXI010000018.1_6,PF08823.14,PG_binding_2,Archaea,Thermoproteota,Thermoprotei_A,Sulfolobales,Acidilobaceae,Caldisphaera,Caldisphaera sp023256325,JAGDXI010000018.1_6@GCA_023256325.1
GCA_023256455.1,JAGDXN010000026.1_28,PF07653.20,SH3_2,Archaea,Thermoplasmatota,Thermoplasmata,Thermoplasmatales,Thermoplasmataceae,Cuniculiplasma,Cuniculiplasma sp023256455,JAGDXN010000026.1_28@GCA_023256455.1
GCA_023256455.1,JAGDXN010000026.1_28,PF00018.31,SH3_1,Archaea,Thermoplasmatota,Thermoplasmata,Thermoplasmatales,Thermoplasmataceae,Cuniculiplasma,Cuniculiplasma sp023256455,JAGDXN010000026.1_28@GCA_023256455.1
GCA_023261745.1,JAGDXR010000057.1_17,PF01476.23,LysM,Archaea,Thermoplasmatota,Thermoplasmata,ARK-15,ARK-15,JAGDXR01,JAGDXR01 sp023261745,JAGDXR010000057.1_17@GCA_023261745.1
GCA_023266955.1,JAHFOH010000172.1_1,PF08823.14,PG_binding_2,Archaea,Thermoproteota,Nitrososphaeria,Nitrososphaerales,JAHFOH01,JAHFOH01,JAHFOH01 sp023266955,JAHFOH010000172.1_1@GCA_023266955.1
GCA_023269825.1,JAGDWI010000001.1_634,PF08823.14,PG_binding_2,Archaea,Thermoproteota,Thermoprotei_A,Sulfolobales,Desulfurococcaceae,UBA285,UBA285 sp023269825,JAGDWI010000001.1_634@GCA_023269825.1
GCA_023270155.1,MCK4770461.1,PF08823.14,PG_binding_2,Archaea,Asgardarchaeota,Heimdallarchaeia,UBA460,UBA460,UBA460,UBA460 sp023270155,MCK4770461.1@GCA_023270155.1
GCA_023270155.1,MCK4771044.1,PF00018.31,SH3_1,Archaea,Asgardarchaeota,Heimdallarchaeia,UBA460,UBA460,UBA460,UBA460 sp023270155,MCK4771044.1@GCA_023270155.1
GCA_023379825.1,MCL4438593.1,PF08823.14,PG_binding_2,Archaea,Thermoplasmatota,Thermoplasmata,Thermoplasmatales,Thermoplasmataceae,UBA447,UBA447 sp023379825,MCL4438593.1@GCA_023379825.1
GCA_023409695.1,JAEYQZ010000099.1_10,PF01471.21,PG_binding_1,Archaea,Methanobacteriota,Methanobacteria,Methanobacteriales,Methanobacteriaceae,Methanobacterium_D,Methanobacterium_D sp023409695,JAEYQZ010000099.1_10@GCA_023409695.1
GCA_023409695.1,JAEYQZ010000099.1_11,PF01471.21,PG_binding_1,Archaea,Methanobacteriota,Methanobacteria,Methanobacteriales,Methanobacteriaceae,Methanobacterium_D,Methanobacterium_D sp023409695,JAEYQZ010000099.1_11@GCA_023409695.1
GCA_023409695.1,JAEYQZ010000215.1_22,PF01471.21,PG_binding_1,Archaea,Methanobacteriota,Methanobacteria,Methanobacteriales,Methanobacteriaceae,Methanobacterium_D,Methanobacterium_D sp023409695,JAEYQZ010000215.1_22@GCA_023409695.1
GCA_023411115.1,JAEYPF010000013.1_5,PF01471.21,PG_binding_1,Archaea,Methanobacteriota,Methanobacteria,Methanobacteriales,Methanobacteriaceae,Methanobacterium_D,Methanobacterium_D sp023411115,JAEYPF010000013.1_5@GCA_023411115.1
GCA_023411115.1,JAEYPF010000018.1_218,PF01471.21,PG_binding_1,Archaea,Methanobacteriota,Methanobacteria,Methanobacteriales,Methanobacteriaceae,Methanobacterium_D,Methanobacterium_D sp023411115,JAEYPF010000018.1_218@GCA_023411115.1
GCA_023411115.1,JAEYPF010000018.1_219,PF08823.14,PG_binding_2,Archaea,Methanobacteriota,Methanobacteria,Methanobacteriales,Methanobacteriaceae,Methanobacterium_D,Methanobacterium_D sp023411115,JAEYPF010000018.1_219@GCA_023411115.1
GCA_023411115.1,JAEYPF010000018.1_219,PF01471.21,PG_binding_1,Archaea,Methanobacteriota,Methanobacteria,Methanobacteriales,Methanobacteriaceae,Methanobacterium_D,Methanobacterium_D sp023411115,JAEYPF010000018.1_219@GCA_023411115.1
GCA_023434825.1,JAEYSH010000043.1_30,PF01471.21,PG_binding_1,Archaea,Methanobacteriota,Methanobacteria,Methanobacteriales,Methanobacteriaceae,Methanobacterium_D,Methanobacterium_D sp023434825,JAEYSH010000043.1_30@GCA_023434825.1
GCA_023434825.1,JAEYSH010000080.1_8,PF01471.21,PG_binding_1,Archaea,Methanobacteriota,Methanobacteria,Methanobacteriales,Methanobacteriaceae,Methanobacterium_D,Methanobacterium_D sp023434825,JAEYSH010000080.1_8@GCA_023434825.1
GCA_023434825.1,JAEYSH010000156.1_18,PF01471.21,PG_binding_1,Archaea,Methanobacteriota,Methanobacteria,Methanobacteriales,Methanobacteriaceae,Methanobacterium_D,Methanobacterium_D sp023434825,JAEYSH010000156.1_18@GCA_023434825.1
GCA_023434825.1,JAEYSH010000169.1_9,PF01471.21,PG_binding_1,Archaea,Methanobacteriota,Methanobacteria,Methanobacteriales,Methanobacteriaceae,Methanobacterium_D,Methanobacterium_D sp023434825,JAEYSH010000169.1_9@GCA_023434825.1
GCA_023436175.1,JAEZKE010000108.1_3,PF01471.21,PG_binding_1,Archaea,Methanobacteriota,Methanobacteria,Methanobacteriales,Methanobacteriaceae,Methanobacterium_D,Methanobacterium_D sp023436175,JAEZKE010000108.1_3@GCA_023436175.1
GCA_023436175.1,JAEZKE010000128.1_1,PF01476.23,LysM,Archaea,Methanobacteriota,Methanobacteria,Methanobacteriales,Methanobacteriaceae,Methanobacterium_D,Methanobacterium_D sp023436175,JAEZKE010000128.1_1@GCA_023436175.1
GCA_023436175.1,JAEZKE010000159.1_15,PF01471.21,PG_binding_1,Archaea,Methanobacteriota,Methanobacteria,Methanobacteriales,Methanobacteriaceae,Methanobacterium_D,Methanobacterium_D sp023436175,JAEZKE010000159.1_15@GCA_023436175.1
GCA_023436175.1,JAEZKE010000162.1_17,PF01471.21,PG_binding_1,Archaea,Methanobacteriota,Methanobacteria,Methanobacteriales,Methanobacteriaceae,Methanobacterium_D,Methanobacterium_D sp023436175,JAEZKE010000162.1_17@GCA_023436175.1
GCA_023487205.1,MCL5786363.1,PF01476.23,LysM,Archaea,Thermoplasmatota,Thermoplasmata,Thermoplasmatales,Thermoplasmataceae,JAMDBT01,JAMDBT01 sp023487205,MCL5786363.1@GCA_023487205.1
GCA_023489435.1,MCL5955706.1,PF07653.20,SH3_2,Archaea,Thermoplasmatota,Thermoplasmata,Thermoplasmatales,Thermoplasmataceae,JAJZOM01,JAJZOM01 sp023489435,MCL5955706.1@GCA_023489435.1
GCA_023544495.1,MCL7412014.1,PF01476.23,LysM,Archaea,Halobacteriota,Methanosarcinia,Methanosarcinales,Methanocomedenaceae,QBUR01,QBUR01 sp023544495,MCL7412014.1@GCA_023544495.1
GCA_023705945.1,BPTM01000167.1_9,PF08823.14,PG_binding_2,Archaea,Asgardarchaeota,Heimdallarchaeia,UBA460,UBA460,UBA460,UBA460 sp023705945,BPTM01000167.1_9@GCA_023705945.1
GCA_023705985.1,BPTO01000211.1_5,PF08823.14,PG_binding_2,Archaea,Asgardarchaeota,Heimdallarchaeia,UBA460,UBA460,18H4-34,18H4-34 sp023705985,BPTO01000211.1_5@GCA_023705985.1
GCA_024167805.1,UTB32028.1,PF01471.21,PG_binding_1,Archaea,Methanobacteriota,Methanobacteria,Methanobacteriales,Methanobacteriaceae,Methanobacterium_B,Methanobacterium_B sp024167805,UTB32028.1@GCA_024167805.1
GCA_024167805.1,UTB32029.1,PF01471.21,PG_binding_1,Archaea,Methanobacteriota,Methanobacteria,Methanobacteriales,Methanobacteriaceae,Methanobacterium_B,Methanobacterium_B sp024167805,UTB32029.1@GCA_024167805.1
GCA_024167805.1,UTB32704.1,PF01471.21,PG_binding_1,Archaea,Methanobacteriota,Methanobacteria,Methanobacteriales,Methanobacteriaceae,Methanobacterium_B,Methanobacterium_B sp024167805,UTB32704.1@GCA_024167805.1
GCA_024167805.1,UTB32705.1,PF01471.21,PG_binding_1,Archaea,Methanobacteriota,Methanobacteria,Methanobacteriales,Methanobacteriaceae,Methanobacterium_B,Methanobacterium_B sp024167805,UTB32705.1@GCA_024167805.1
GCA_024206195.1,MCP3684110.1,PF01471.21,PG_binding_1,Archaea,Nanoarchaeota,Nanoarchaeia,Woesearchaeales,UBA10216,JAAGZO01,JAAGZO01 sp024206195,MCP3684110.1@GCA_024206195.1
GCA_024206195.1,MCP3684110.1,PF09374.13,PG_binding_3,Archaea,Nanoarchaeota,Nanoarchaeia,Woesearchaeales,UBA10216,JAAGZO01,JAAGZO01 sp024206195,MCP3684110.1@GCA_024206195.1
GCA_024227995.1,CP100465.1_2202,PF07653.20,SH3_2,Archaea,Halobacteriota,Halobacteria,Halobacteriales,Haladaptataceae,Haladaptatus,Haladaptatus sp024227995,CP100465.1_2202@GCA_024227995.1
GCA_024227995.1,CP100465.1_444,PF08823.14,PG_binding_2,Archaea,Halobacteriota,Halobacteria,Halobacteriales,Haladaptataceae,Haladaptatus,Haladaptatus sp024227995,CP100465.1_444@GCA_024227995.1
GCA_024256265.1,MCP8307748.1,PF01471.21,PG_binding_1,Archaea,Thermoproteota,Nitrososphaeria,Nitrososphaerales,JACAEJ01,JACAEJ01,JACAEJ01 sp024256265,MCP8307748.1@GCA_024256265.1
GCA_024274875.1,JAJSAH010000009.1_46,PF01471.21,PG_binding_1,Archaea,Micrarchaeota,Micrarchaeia,CAILAH01,CAILAH01,JAJSAH01,JAJSAH01 sp024274875,JAJSAH010000009.1_46@GCA_024274875.1
GCA_024275415.1,JAJRZD010000031.1_42,PF08823.14,PG_binding_2,Archaea,Asgardarchaeota,Thorarchaeia,Thorarchaeales,Thorarchaeaceae,MP5-2226,MP5-2226 sp024275415,JAJRZD010000031.1_42@GCA_024275415.1
GCA_024276395.1,JAJRXH010000420.1_2,PF08823.14,PG_binding_2,Archaea,Asgardarchaeota,Heimdallarchaeia,Hodarchaeales,S146-22,JAJRXH01,JAJRXH01 sp024276395,JAJRXH010000420.1_2@GCA_024276395.1
GCA_024276825.1,JAJRWI010000039.1_10,PF08823.14,PG_binding_2,Archaea,Asgardarchaeota,Thorarchaeia,Thorarchaeales,Thorarchaeaceae,JAJRWI01,JAJRWI01 sp024276825,JAJRWI010000039.1_10@GCA_024276825.1
GCA_024399155.1,MCQ2053067.1,PF01476.23,LysM,Archaea,Thermoplasmatota,Thermoplasmata,Methanomassiliicoccales,Methanomethylophilaceae,JAKSHX01,JAKSHX01 sp024399155,MCQ2053067.1@GCA_024399155.1
GCA_024399155.1,MCQ2053443.1,PF01471.21,PG_binding_1,Archaea,Thermoplasmatota,Thermoplasmata,Methanomassiliicoccales,Methanomethylophilaceae,JAKSHX01,JAKSHX01 sp024399155,MCQ2053443.1@GCA_024399155.1
GCA_024490875.1,MCQ6254475.1,PF04122.15,CW_binding_2,Archaea,Methanobacteriota,Methanococci,Methanococcales,Methanocaldococcaceae,Methanocaldococcus,Methanocaldococcus sp024490875,MCQ6254475.1@GCA_024490875.1
GCA_024654565.1,MCR4327294.1,PF01476.23,LysM,Archaea,Nanoarchaeota,Nanoarchaeia,Pacearchaeales,GW2011-AR1,GW2011-AR1,GW2011-AR1 sp024654565,MCR4327294.1@GCA_024654565.1
GCA_024720975.1,MCR8433282.1,PF08823.14,PG_binding_2,Archaea,Thermoproteota,JANJXX01,JANJXX01,JANJXX01,JANJXX01,JANJXX01 sp024720975,MCR8433282.1@GCA_024720975.1
GCA_024860865.1,MCS4540757.1,PF04122.15,CW_binding_2,Archaea,JACRDV01,JACRDV01,JACRDV01,JACRDV01,JACRDV01,JACRDV01 sp024860865,MCS4540757.1@GCA_024860865.1
GCA_024860865.1,MCS4541037.1,PF04122.15,CW_binding_2,Archaea,JACRDV01,JACRDV01,JACRDV01,JACRDV01,JACRDV01,JACRDV01 sp024860865,MCS4541037.1@GCA_024860865.1
GCA_024860865.1,MCS4541188.1,PF04122.15,CW_binding_2,Archaea,JACRDV01,JACRDV01,JACRDV01,JACRDV01,JACRDV01,JACRDV01 sp024860865,MCS4541188.1@GCA_024860865.1
GCA_024860865.1,MCS4541654.1,PF04122.15,CW_binding_2,Archaea,JACRDV01,JACRDV01,JACRDV01,JACRDV01,JACRDV01,JACRDV01 sp024860865,MCS4541654.1@GCA_024860865.1
GCA_024860865.1,MCS4542108.1,PF04122.15,CW_binding_2,Archaea,JACRDV01,JACRDV01,JACRDV01,JACRDV01,JACRDV01,JACRDV01 sp024860865,MCS4542108.1@GCA_024860865.1
GCA_025041175.1,JAKCFJ010000001.1_1973,PF01471.21,PG_binding_1,Archaea,Halobacteriota,Halobacteria,Halobacteriales,Haloarculaceae,Halocatena,Halocatena sp025041175,JAKCFJ010000001.1_1973@GCA_025041175.1
GCA_025041195.1,JAKCFM010000001.1_1886,PF01471.21,PG_binding_1,Archaea,Halobacteriota,Halobacteria,Halobacteriales,Haloarculaceae,Halocatena,Halocatena sp025041195,JAKCFM010000001.1_1886@GCA_025041195.1
GCA_025041195.1,JAKCFM010000002.1_331,PF01471.21,PG_binding_1,Archaea,Halobacteriota,Halobacteria,Halobacteriales,Haloarculaceae,Halocatena,Halocatena sp025041195,JAKCFM010000002.1_331@GCA_025041195.1
GCA_025058535.1,MCS7112040.1,PF08823.14,PG_binding_2,Archaea,Thermoproteota,Thermoprotei_A,Sulfolobales,Ignisphaeraceae,Ignisphaera,Ignisphaera sp025058535,MCS7112040.1@GCA_025058535.1
GCA_025059075.1,MCS7128158.1,PF08823.14,PG_binding_2,Archaea,Thermoproteota,Thermoprotei_A,Sulfolobales,Desulfurococcaceae,JANXDZ01,JANXDZ01 sp025059075,MCS7128158.1@GCA_025059075.1
GCA_900314635.1,OMVY01000005.1_17,PF01471.21,PG_binding_1,Archaea,Methanobacteriota,Methanobacteria,Methanobacteriales,Methanobacteriaceae,Methanobrevibacter,Methanobrevibacter sp900314635,OMVY01000005.1_17@GCA_900314635.1
GCA_900314695.1,OMWD01000003.1_15,PF01471.21,PG_binding_1,Archaea,Methanobacteriota,Methanobacteria,Methanobacteriales,Methanobacteriaceae,Methanobrevibacter_A,Methanobrevibacter_A sp900314695,OMWD01000003.1_15@GCA_900314695.1
GCA_900314695.1,OMWD01000034.1_15,PF01471.21,PG_binding_1,Archaea,Methanobacteriota,Methanobacteria,Methanobacteriales,Methanobacteriaceae,Methanobrevibacter_A,Methanobrevibacter_A sp900314695,OMWD01000034.1_15@GCA_900314695.1
GCA_900314695.1,OMWD01000038.1_2,PF01471.21,PG_binding_1,Archaea,Methanobacteriota,Methanobacteria,Methanobacteriales,Methanobacteriaceae,Methanobrevibacter_A,Methanobrevibacter_A sp900314695,OMWD01000038.1_2@GCA_900314695.1
GCA_900314695.1,OMWD01000039.1_6,PF01471.21,PG_binding_1,Archaea,Methanobacteriota,Methanobacteria,Methanobacteriales,Methanobacteriaceae,Methanobrevibacter_A,Methanobrevibacter_A sp900314695,OMWD01000039.1_6@GCA_900314695.1
GCA_900321995.1,ONYG01000108.1_1,PF01471.21,PG_binding_1,Archaea,Methanobacteriota,Methanobacteria,Methanobacteriales,Methanobacteriaceae,Methanobrevibacter,Methanobrevibacter sp900321995,ONYG01000108.1_1@GCA_900321995.1
GCA_902384455.1,VVB55249.1,PF01471.21,PG_binding_1,Archaea,Altiarchaeota,Altiarchaeia,IMC4,SCGC-AAA252-I15,CABMCB01,CABMCB01 sp902384455,VVB55249.1@GCA_902384455.1
GCA_902384455.1,VVB55266.1,PF01471.21,PG_binding_1,Archaea,Altiarchaeota,Altiarchaeia,IMC4,SCGC-AAA252-I15,CABMCB01,CABMCB01 sp902384455,VVB55266.1@GCA_902384455.1
GCA_902386535.1,VVC03889.1,PF01471.21,PG_binding_1,Archaea,Micrarchaeota,Micrarchaeia,Burarchaeales,Burarchaeaceae,Burarchaeum,Burarchaeum australiense,VVC03889.1@GCA_902386535.1
GCA_902386555.1,VVC03470.1,PF01471.21,PG_binding_1,Archaea,Micrarchaeota,Micrarchaeia,Anstonellales,Bilamarchaeaceae,Bilamarchaeum,Bilamarchaeum dharawalense,VVC03470.1@GCA_902386555.1
GCA_902771225.1,CACXWH010000106.1_2,PF01471.21,PG_binding_1,Archaea,Methanobacteriota,Methanobacteria,Methanobacteriales,Methanobacteriaceae,Methanobrevibacter_A,Methanobrevibacter_A sp900319535,CACXWH010000106.1_2@GCA_902771225.1
GCA_902774685.1,CACYJH010000002.1_52,PF01471.21,PG_binding_1,Archaea,Methanobacteriota,Methanobacteria,Methanobacteriales,Methanobacteriaceae,Methanobrevibacter,Methanobrevibacter sp902774685,CACYJH010000002.1_52@GCA_902774685.1
GCA_902774685.1,CACYJH010000030.1_3,PF01471.21,PG_binding_1,Archaea,Methanobacteriota,Methanobacteria,Methanobacteriales,Methanobacteriaceae,Methanobrevibacter,Methanobrevibacter sp902774685,CACYJH010000030.1_3@GCA_902774685.1
GCA_902782945.1,CACZOU010000058.1_2,PF01471.21,PG_binding_1,Archaea,Methanobacteriota,Methanobacteria,Methanobacteriales,Methanobacteriaceae,Methanosphaera,Methanosphaera sp900322125,CACZOU010000058.1_2@GCA_902782945.1
GCA_902784195.1,CACZTX010000001.1_334,PF01471.21,PG_binding_1,Archaea,Methanobacteriota,Methanobacteria,Methanobacteriales,Methanobacteriaceae,Methanobrevibacter,Methanobrevibacter sp902784195,CACZTX010000001.1_334@GCA_902784195.1
GCA_902784195.1,CACZTX010000006.1_171,PF01471.21,PG_binding_1,Archaea,Methanobacteriota,Methanobacteria,Methanobacteriales,Methanobacteriaceae,Methanobrevibacter,Methanobrevibacter sp902784195,CACZTX010000006.1_171@GCA_902784195.1
GCA_902784195.1,CACZTX010000009.1_239,PF01471.21,PG_binding_1,Archaea,Methanobacteriota,Methanobacteria,Methanobacteriales,Methanobacteriaceae,Methanobrevibacter,Methanobrevibacter sp902784195,CACZTX010000009.1_239@GCA_902784195.1
GCA_902795935.1,CADBMS010000037.1_5,PF08239.14,SH3_3,Archaea,Methanobacteriota,Methanobacteria,Methanobacteriales,Methanobacteriaceae,CADBMS01,CADBMS01 sp902795935,CADBMS010000037.1_5@GCA_902795935.1
GCA_902795935.1,CADBMS010000093.1_1,PF08239.14,SH3_3,Archaea,Methanobacteriota,Methanobacteria,Methanobacteriales,Methanobacteriaceae,CADBMS01,CADBMS01 sp902795935,CADBMS010000093.1_1@GCA_902795935.1
GCA_902795935.1,CADBMS010000104.1_2,PF01471.21,PG_binding_1,Archaea,Methanobacteriota,Methanobacteria,Methanobacteriales,Methanobacteriaceae,CADBMS01,CADBMS01 sp902795935,CADBMS010000104.1_2@GCA_902795935.1
GCA_902812485.1,CADDZS010000010.1_16,PF01476.23,LysM,Archaea,Thermoproteota,Nitrososphaeria,Nitrososphaerales,CADDZS01,CADDZS01,CADDZS01 sp902812485,CADDZS010000010.1_16@GCA_902812485.1
GCA_902812485.1,CADDZS010000010.1_18,PF01476.23,LysM,Archaea,Thermoproteota,Nitrososphaeria,Nitrososphaerales,CADDZS01,CADDZS01,CADDZS01 sp902812485,CADDZS010000010.1_18@GCA_902812485.1
GCA_902812505.1,CADDZQ010000085.1_1,PF01476.23,LysM,Archaea,Thermoproteota,Thermoprotei_A,Marsarchaeales,Marsarchaeaceae,ECH-B-1,ECH-B-1 sp902812505,CADDZQ010000085.1_1@GCA_902812505.1
GCA_902812505.1,CADDZQ010000085.1_4,PF01476.23,LysM,Archaea,Thermoproteota,Thermoprotei_A,Marsarchaeales,Marsarchaeaceae,ECH-B-1,ECH-B-1 sp902812505,CADDZQ010000085.1_4@GCA_902812505.1
GCA_902812505.1,CADDZQ010000099.1_1,PF01476.23,LysM,Archaea,Thermoproteota,Thermoprotei_A,Marsarchaeales,Marsarchaeaceae,ECH-B-1,ECH-B-1 sp902812505,CADDZQ010000099.1_1@GCA_902812505.1
GCA_903871465.1,CAIQHB010000074.1_38,PF01476.23,LysM,Archaea,Halobacteriota,Methanosarcinia,Methanotrichales,Methanotrichaceae,Methanothrix,Methanothrix sp903871465,CAIQHB010000074.1_38@GCA_903871465.1
GCA_903871465.1,CAIQHB010000080.1_47,PF01471.21,PG_binding_1,Archaea,Halobacteriota,Methanosarcinia,Methanotrichales,Methanotrichaceae,Methanothrix,Methanothrix sp903871465,CAIQHB010000080.1_47@GCA_903871465.1
GCA_903871465.1,CAIQHB010000080.1_49,PF01471.21,PG_binding_1,Archaea,Halobacteriota,Methanosarcinia,Methanotrichales,Methanotrichaceae,Methanothrix,Methanothrix sp903871465,CAIQHB010000080.1_49@GCA_903871465.1
GCA_903871465.1,CAIQHB010000080.1_51,PF01471.21,PG_binding_1,Archaea,Halobacteriota,Methanosarcinia,Methanotrichales,Methanotrichaceae,Methanothrix,Methanothrix sp903871465,CAIQHB010000080.1_51@GCA_903871465.1
GCA_903907555.1,CAIVOO010000085.1_1,PF01476.23,LysM,Archaea,Nanoarchaeota,Nanoarchaeia,Woesearchaeales,CAIVOO01,CAIVOO01,CAIVOO01 sp903907555,CAIVOO010000085.1_1@GCA_903907555.1
GCA_903915225.1,CAIWSB010000082.1_48,PF01476.23,LysM,Archaea,Nanoarchaeota,Nanoarchaeia,Woesearchaeales,B29-G15,CAIWSB01,CAIWSB01 sp903915225,CAIWSB010000082.1_48@GCA_903915225.1
GCF_000007225.1,WP_011007585.1,PF05036.16,SPOR,Archaea,Thermoproteota,Thermoprotei,Thermoproteales,Thermoproteaceae,Pyrobaculum,Pyrobaculum aerophilum,WP_011007585.1@GCF_000007225.1
GCF_000007225.1,WP_011009344.1,PF08823.14,PG_binding_2,Archaea,Thermoproteota,Thermoprotei,Thermoproteales,Thermoproteaceae,Pyrobaculum,Pyrobaculum aerophilum,WP_011009344.1@GCF_000007225.1
GCF_000007305.1,WP_011011604.1,PF04122.15,CW_binding_2,Archaea,Methanobacteriota_B,Thermococci,Thermococcales,Thermococcaceae,Pyrococcus,Pyrococcus furiosus,WP_011011604.1@GCF_000007305.1
GCF_000009965.1,WP_011249097.1,PF04122.15,CW_binding_2,Archaea,Methanobacteriota_B,Thermococci,Thermococcales,Thermococcaceae,Thermococcus,Thermococcus kodakarensis,WP_011249097.1@GCF_000009965.1
GCF_000011105.1,WP_010884713.1,PF04122.15,CW_binding_2,Archaea,Methanobacteriota_B,Thermococci,Thermococcales,Thermococcaceae,Pyrococcus,Pyrococcus horikoshii,WP_010884713.1@GCF_000011105.1
GCF_000011125.1,WP_010866340.1,PF08823.14,PG_binding_2,Archaea,Thermoproteota,Thermoprotei_A,Sulfolobales,Acidilobaceae,Aeropyrum,Aeropyrum pernix,WP_010866340.1@GCF_000011125.1
GCF_000011205.1,WP_010979166.1,PF08823.14,PG_binding_2,Archaea,Thermoproteota,Thermoprotei_A,Sulfolobales,Sulfolobaceae,Sulfurisphaera,Sulfurisphaera tokodaii,WP_010979166.1@GCF_000011205.1
GCF_000012285.1,WP_011278535.1,PF08823.14,PG_binding_2,Archaea,Thermoproteota,Thermoprotei_A,Sulfolobales,Sulfolobaceae,Sulfolobus,Sulfolobus acidocaldarius,WP_011278535.1@GCF_000012285.1
GCF_000015205.1,WP_053240497.1,PF08823.14,PG_binding_2,Archaea,Thermoproteota,Thermoprotei,Thermoproteales,Thermoproteaceae,Pyrobaculum,Pyrobaculum islandicum,WP_053240497.1@GCF_000015205.1
GCF_000015805.1,WP_011848854.1,PF08823.14,PG_binding_2,Archaea,Thermoproteota,Thermoprotei,Thermoproteales,Thermoproteaceae,Pyrobaculum,Pyrobaculum calidifontis,WP_011848854.1@GCF_000015805.1
GCF_000016385.1,WP_011900493.1,PF08823.14,PG_binding_2,Archaea,Thermoproteota,Thermoprotei,Thermoproteales,Thermoproteaceae,Pyrobaculum,Pyrobaculum arsenaticum,WP_011900493.1@GCF_000016385.1
GCF_000017165.1,WP_011972633.1,PF07653.20,SH3_2,Archaea,Methanobacteriota,Methanococci,Methanococcales,Methanococcaceae,Methanococcus,Methanococcus vannielii,WP_011972633.1@GCF_000017165.1
GCF_000017185.1,WP_011973536.1,PF04122.15,CW_binding_2,Archaea,Methanobacteriota,Methanococci,Methanococcales,Methanococcaceae,Methanothermococcus_A,Methanothermococcus_A aeolicus,WP_011973536.1@GCF_000017185.1
GCF_000018365.1,WP_012572277.1,PF04122.15,CW_binding_2,Archaea,Methanobacteriota_B,Thermococci,Thermococcales,Thermococcaceae,Thermococcus,Thermococcus onnurineus,WP_012572277.1@GCF_000018365.1
GCF_000022485.1,WP_012717964.1,PF08823.14,PG_binding_2,Archaea,Thermoproteota,Thermoprotei_A,Sulfolobales,Sulfolobaceae,Saccharolobus,Saccharolobus islandicus,WP_012717964.1@GCF_000022485.1
GCF_000023945.1,WP_015790639.1,PF01471.21,PG_binding_1,Archaea,Halobacteriota,Halobacteria,Halobacteriales,Haloarculaceae,Halorhabdus,Halorhabdus utahensis,WP_015790639.1@GCF_000023945.1
GCF_000025625.1,WP_004216538.1,PF01476.23,LysM,Archaea,Halobacteriota,Halobacteria,Halobacteriales,Natrialbaceae,Natrialba,Natrialba magadii,WP_004216538.1@GCF_000025625.1
GCF_000025685.1,WP_004040896.1,PF08823.14,PG_binding_2,Archaea,Halobacteriota,Halobacteria,Halobacteriales,Haloferacaceae,Haloferax,Haloferax volcanii,WP_004040896.1@GCF_000025685.1
GCF_000147875.1,WP_013329399.1,PF01471.21,PG_binding_1,Archaea,Halobacteriota,Methanomicrobia,Methanomicrobiales,Methanomicrobiaceae,Methanolacinia,Methanolacinia petrolearia,WP_013329399.1@GCF_000147875.1
GCF_000148385.1,WP_245522509.1,PF08823.14,PG_binding_2,Archaea,Thermoproteota,Thermoprotei,Thermoproteales,Thermocladiaceae,Vulcanisaeta,Vulcanisaeta distributa,WP_245522509.1@GCF_000148385.1
GCF_000172995.2,WP_006053414.1,PF01476.23,LysM,Archaea,Halobacteriota,Halobacteria,Halobacteriales,Haloferacaceae,Halogeometricum,Halogeometricum borinquense,WP_006053414.1@GCF_000172995.2
GCF_000179575.2,WP_013867466.1,PF04122.15,CW_binding_2,Archaea,Methanobacteriota,Methanococci,Methanococcales,Methanococcaceae,Methanothermococcus_A,Methanothermococcus_A okinawensis,WP_013867466.1@GCF_000179575.2
GCF_000190315.1,WP_013603838.1,PF08823.14,PG_binding_2,Archaea,Thermoproteota,Thermoprotei,Thermoproteales,Thermocladiaceae,Vulcanisaeta,Vulcanisaeta moutnovskia,WP_013603838.1@GCF_000190315.1
GCF_000195935.2,WP_231845589.1,PF04122.15,CW_binding_2,Archaea,Methanobacteriota_B,Thermococci,Thermococcales,Thermococcaceae,Pyrococcus,Pyrococcus abyssi,WP_231845589.1@GCF_000195935.2
GCF_000211475.1,WP_013748692.1,PF04122.15,CW_binding_2,Archaea,Methanobacteriota_B,Thermococci,Thermococcales,Thermococcaceae,Pyrococcus,Pyrococcus sp000211475,WP_013748692.1@GCF_000211475.1
GCF_000214415.1,WP_013799618.1,PF04122.15,CW_binding_2,Archaea,Methanobacteriota,Methanococci,Methanococcales,Methanococcaceae,Methanotorris,Methanotorris igneus,WP_013799618.1@GCF_000214415.1
GCF_000214415.1,WP_013799645.1,PF04122.15,CW_binding_2,Archaea,Methanobacteriota,Methanococci,Methanococcales,Methanococcaceae,Methanotorris,Methanotorris igneus,WP_013799645.1@GCF_000214415.1
GCF_000214725.1,WP_013825149.1,PF01471.21,PG_binding_1,Archaea,Methanobacteriota,Methanobacteria,Methanobacteriales,Methanobacteriaceae,Methanobacterium_C,Methanobacterium_C paludis,WP_013825149.1@GCF_000214725.1
GCF_000214725.1,WP_013825313.1,PF01471.21,PG_binding_1,Archaea,Methanobacteriota,Methanobacteria,Methanobacteriales,Methanobacteriaceae,Methanobacterium_C,Methanobacterium_C paludis,WP_013825313.1@GCF_000214725.1
GCF_000214725.1,WP_013825730.1,PF01471.21,PG_binding_1,Archaea,Methanobacteriota,Methanobacteria,Methanobacteriales,Methanobacteriaceae,Methanobacterium_C,Methanobacterium_C paludis,WP_013825730.1@GCF_000214725.1
GCF_000215995.1,WP_048058384.1,PF04122.15,CW_binding_2,Archaea,Methanobacteriota_B,Thermococci,Thermococcales,Thermococcaceae,Pyrococcus,Pyrococcus yayanosii,WP_048058384.1@GCF_000215995.1
GCF_000230955.2,WP_009760918.1,PF08823.14,PG_binding_2,Archaea,Halobacteriota,Halobacteria,Halobacteriales,Halobacteriaceae,Halobacterium,Halobacterium sp000230955,WP_009760918.1@GCF_000230955.2
GCF_000234805.1,WP_014288508.1,PF08823.14,PG_binding_2,Archaea,Thermoproteota,Thermoprotei,Thermoproteales,Thermoproteaceae,Pyrobaculum,Pyrobaculum ferrireducens,WP_014288508.1@GCF_000234805.1
GCF_000235565.1,WP_048144353.1,PF01476.23,LysM,Archaea,Halobacteriota,Methanosarcinia,Methanotrichales,Methanotrichaceae,Methanothrix_A,Methanothrix_A harundinacea_E,WP_048144353.1@GCF_000235565.1
GCF_000243455.1,WP_007043847.1,PF04122.15,CW_binding_2,Archaea,Methanobacteriota,Methanococci,Methanococcales,Methanococcaceae,Methanotorris,Methanotorris formicicus,WP_007043847.1@GCF_000243455.1
GCF_000243455.1,WP_007043868.1,PF04122.15,CW_binding_2,Archaea,Methanobacteriota,Methanococci,Methanococcales,Methanococcaceae,Methanotorris,Methanotorris formicicus,WP_007043868.1@GCF_000243455.1
GCF_000263735.1,WP_081482829.1,PF04122.15,CW_binding_2,Archaea,Methanobacteriota_B,Thermococci,Thermococcales,Thermococcaceae,Pyrococcus,Pyrococcus sp000263735,WP_081482829.1@GCF_000263735.1
GCF_000265525.1,WP_014789250.1,PF04122.15,CW_binding_2,Archaea,Methanobacteriota_B,Thermococci,Thermococcales,Thermococcaceae,Thermococcus,Thermococcus cleftensis,WP_014789250.1@GCF_000265525.1
GCF_000283335.1,WP_009367415.1,PF08823.14,PG_binding_2,Archaea,Halobacteriota,Halobacteria,Halobacteriales,Haloferacaceae,Halogranum,Halogranum rubrum,WP_009367415.1@GCF_000283335.1
GCF_000302455.1,WP_004029901.1,PF08823.14,PG_binding_2,Archaea,Methanobacteriota,Methanobacteria,Methanobacteriales,Methanobacteriaceae,Methanobacterium,Methanobacterium formicicum_A,WP_004029901.1@GCF_000302455.1
GCF_000302455.1,WP_004029901.1,PF01471.21,PG_binding_1,Archaea,Methanobacteriota,Methanobacteria,Methanobacteriales,Methanobacteriaceae,Methanobacterium,Methanobacterium formicicum_A,WP_004029901.1@GCF_000302455.1
GCF_000302455.1,WP_004029960.1,PF01471.21,PG_binding_1,Archaea,Methanobacteriota,Methanobacteria,Methanobacteriales,Methanobacteriaceae,Methanobacterium,Methanobacterium formicicum_A,WP_004029960.1@GCF_000302455.1
GCF_000302455.1,WP_100222248.1,PF08823.14,PG_binding_2,Archaea,Methanobacteriota,Methanobacteria,Methanobacteriales,Methanobacteriaceae,Methanobacterium,Methanobacterium formicicum_A,WP_100222248.1@GCF_000302455.1
GCF_000302455.1,WP_100222248.1,PF01471.21,PG_binding_1,Archaea,Methanobacteriota,Methanobacteria,Methanobacteriales,Methanobacteriaceae,Methanobacterium,Methanobacterium formicicum_A,WP_100222248.1@GCF_000302455.1
GCF_000302455.1,WP_237739694.1,PF08823.14,PG_binding_2,Archaea,Methanobacteriota,Methanobacteria,Methanobacteriales,Methanobacteriaceae,Methanobacterium,Methanobacterium formicicum_A,WP_237739694.1@GCF_000302455.1
GCF_000302455.1,WP_237739694.1,PF01471.21,PG_binding_1,Archaea,Methanobacteriota,Methanobacteria,Methanobacteriales,Methanobacteriaceae,Methanobacterium,Methanobacterium formicicum_A,WP_237739694.1@GCF_000302455.1
GCF_000302455.1,WP_237739698.1,PF08823.14,PG_binding_2,Archaea,Methanobacteriota,Methanobacteria,Methanobacteriales,Methanobacteriaceae,Methanobacterium,Methanobacterium formicicum_A,WP_237739698.1@GCF_000302455.1
GCF_000302455.1,WP_237739698.1,PF01471.21,PG_binding_1,Archaea,Methanobacteriota,Methanobacteria,Methanobacteriales,Methanobacteriaceae,Methanobacterium,Methanobacterium formicicum_A,WP_237739698.1@GCF_000302455.1
GCF_000306765.2,WP_004056179.1,PF07653.20,SH3_2,Archaea,Halobacteriota,Halobacteria,Halobacteriales,Haloferacaceae,Haloferax,Haloferax mediterranei,WP_004056179.1@GCF_000306765.2
GCF_000328525.1,WP_015299483.1,PF01476.23,LysM,Archaea,Halobacteriota,Halobacteria,Halobacteriales,Natrialbaceae,Halovivax,Halovivax ruber,WP_015299483.1@GCF_000328525.1
GCF_000328665.1,WP_015324978.1,PF01476.23,LysM,Archaea,Halobacteriota,Methanosarcinia,Methanosarcinales,Methanosarcinaceae,Methanomethylovorans,Methanomethylovorans hollandica,WP_015324978.1@GCF_000328665.1
GCF_000334895.1,WP_049898435.1,PF08823.14,PG_binding_2,Archaea,Halobacteriota,Halobacteria,Halobacteriales,Halococcaceae,Halococcus,Halococcus agarilyticus,WP_049898435.1@GCF_000334895.1
GCF_000336675.1,WP_007691948.1,PF08823.14,PG_binding_2,Archaea,Halobacteriota,Halobacteria,Halobacteriales,Halococcaceae,Halococcus,Halococcus hamelinensis,WP_007691948.1@GCF_000336675.1
GCF_000336695.1,WP_004054797.1,PF08823.14,PG_binding_2,Archaea,Halobacteriota,Halobacteria,Halobacteriales,Halococcaceae,Halococcus,Halococcus morrhuae,WP_004054797.1@GCF_000336695.1
GCF_000336715.1,WP_007742587.1,PF08823.14,PG_binding_2,Archaea,Halobacteriota,Halobacteria,Halobacteriales,Halococcaceae,Halococcus,Halococcus thailandensis,WP_007742587.1@GCF_000336715.1
GCF_000336775.1,WP_004978249.1,PF08823.14,PG_binding_2,Archaea,Halobacteriota,Halobacteria,Halobacteriales,Haloferacaceae,Haloferax,Haloferax gibbonsii,WP_004978249.1@GCF_000336775.1
GCF_000336815.1,WP_008093962.1,PF08823.14,PG_binding_2,Archaea,Halobacteriota,Halobacteria,Halobacteriales,Haloferacaceae,Haloferax,Haloferax prahovense,WP_008093962.1@GCF_000336815.1
GCF_000336915.1,WP_006077070.1,PF08823.14,PG_binding_2,Archaea,Halobacteriota,Halobacteria,Halobacteriales,Halococcaceae,Halococcus,Halococcus saccharolyticus,WP_006077070.1@GCF_000336915.1
GCF_000336935.1,WP_005044492.1,PF08823.14,PG_binding_2,Archaea,Halobacteriota,Halobacteria,Halobacteriales,Halococcaceae,Halococcus,Halococcus salifodinae,WP_005044492.1@GCF_000336935.1
GCF_000336955.1,WP_007541066.1,PF08823.14,PG_binding_2,Archaea,Halobacteriota,Halobacteria,Halobacteriales,Haloferacaceae,Haloferax,Haloferax larsenii,WP_007541066.1@GCF_000336955.1
GCF_000336955.1,WP_007542092.1,PF01476.23,LysM,Archaea,Halobacteriota,Halobacteria,Halobacteriales,Haloferacaceae,Haloferax,Haloferax larsenii,WP_007542092.1@GCF_000336955.1
GCF_000337075.1,WP_008580983.1,PF08823.14,PG_binding_2,Archaea,Halobacteriota,Halobacteria,Halobacteriales,Haloferacaceae,Halorubrum,Halorubrum hochstenium,WP_008580983.1@GCF_000337075.1
GCF_000337095.1,WP_008385204.1,PF01476.23,LysM,Archaea,Halobacteriota,Halobacteria,Halobacteriales,Haloferacaceae,Halogeometricum,Halogeometricum pallidum,WP_008385204.1@GCF_000337095.1
GCF_000337135.1,WP_006165841.1,PF01476.23,LysM,Archaea,Halobacteriota,Halobacteria,Halobacteriales,Natrialbaceae,Natrialba,Natrialba chahannaoensis,WP_006165841.1@GCF_000337135.1
GCF_000337175.1,WP_008455675.1,PF01476.23,LysM,Archaea,Halobacteriota,Halobacteria,Halobacteriales,Natrialbaceae,Natrinema,Natrinema gari,WP_008455675.1@GCF_000337175.1
GCF_000337515.1,WP_007701610.1,PF01476.23,LysM,Archaea,Halobacteriota,Halobacteria,Halobacteriales,Natrialbaceae,Halovivax,Halovivax asiaticus,WP_007701610.1@GCF_000337515.1
GCF_000337575.1,WP_006653063.1,PF01476.23,LysM,Archaea,Halobacteriota,Halobacteria,Halobacteriales,Natrialbaceae,Natrialba,Natrialba hulunbeirensis,WP_006653063.1@GCF_000337575.1
GCF_000337615.1,WP_006187166.1,PF01476.23,LysM,Archaea,Halobacteriota,Halobacteria,Halobacteriales,Natrialbaceae,Natrinema,Natrinema pallidum,WP_006187166.1@GCF_000337615.1
GCF_000337835.1,WP_007276295.1,PF08823.14,PG_binding_2,Archaea,Halobacteriota,Halobacteria,Halobacteriales,Haloferacaceae,Haloferax,Haloferax sulfurifontis,WP_007276295.1@GCF_000337835.1
GCF_000337895.1,WP_006673580.1,PF01476.23,LysM,Archaea,Halobacteriota,Halobacteria,Halobacteriales,Natrialbaceae,Halobiforma,Halobiforma nitratireducens,WP_006673580.1@GCF_000337895.1
GCF_000337915.1,WP_004045887.1,PF08823.14,PG_binding_2,Archaea,Halobacteriota,Halobacteria,Halobacteriales,Haloferacaceae,Halorubrum,Halorubrum saccharovorum,WP_004045887.1@GCF_000337915.1
GCF_000376445.1,WP_018128768.1,PF08823.14,PG_binding_2,Archaea,Halobacteriota,Halobacteria,Halobacteriales,Haladaptataceae,Haladaptatus,Haladaptatus paucihalophilus,WP_018128768.1@GCF_000376445.1
GCF_000379085.1,WP_018259002.1,PF01476.23,LysM,Archaea,Halobacteriota,Halobacteria,Halobacteriales,Haloarculaceae,Halomicrobium,Halomicrobium katesii,WP_018259002.1@GCF_000379085.1
GCF_000455365.1,WP_049923821.1,PF01476.23,LysM,Archaea,Halobacteriota,Halobacteria,Halobacteriales,Natrialbaceae,Halopiger_B,Halopiger_B djelfimassiliensis,WP_049923821.1@GCF_000455365.1
GCF_000585495.1,WP_042691854.1,PF04122.15,CW_binding_2,Archaea,Methanobacteriota_B,Thermococci,Thermococcales,Thermococcaceae,Thermococcus,Thermococcus nautili,WP_042691854.1@GCF_000585495.1
GCF_000591035.1,WP_022541619.1,PF08823.14,PG_binding_2,Archaea,Thermoproteota,Thermoprotei_A,Sulfolobales,Acidilobaceae,Aeropyrum,Aeropyrum camini,WP_022541619.1@GCF_000591035.1
GCF_000632495.1,WP_048100695.1,PF08823.14,PG_binding_2,Archaea,Thermoproteota,Thermoprotei_A,Sulfolobales,Sulfolobaceae,Acidianus,Acidianus copahuensis,WP_048100695.1@GCF_000632495.1
GCF_000698785.1,WP_075054395.1,PF01476.23,LysM,Archaea,Thermoproteota,Nitrososphaeria,Nitrososphaerales,Nitrososphaeraceae,Nitrososphaera,Nitrososphaera viennensis,WP_075054395.1@GCF_000698785.1
GCF_000710615.1,WP_049970008.1,PF08823.14,PG_binding_2,Archaea,Halobacteriota,Halobacteria,Halobacteriales,Haladaptataceae,Haladaptatus,Haladaptatus cibarius,WP_049970008.1@GCF_000710615.1
GCF_000731985.1,WP_006187166.1,PF01476.23,LysM,Archaea,Halobacteriota,Halobacteria,Halobacteriales,Natrialbaceae,Natrinema,Natrinema altunense,WP_006187166.1@GCF_000731985.1
GCF_000739555.1,WP_049981602.1,PF08823.14,PG_binding_2,Archaea,Halobacteriota,Halobacteria,Halobacteriales,Haloferacaceae,Halolamina,Halolamina rubra,WP_049981602.1@GCF_000739555.1
GCF_000744455.1,WP_052374034.1,PF01471.21,PG_binding_1,Archaea,Methanobacteriota,Methanobacteria,Methanobacteriales,Methanobacteriaceae,Methanobacterium_B,Methanobacterium_B sp000744455,WP_052374034.1@GCF_000744455.1
GCF_000744455.1,WP_052374252.1,PF01471.21,PG_binding_1,Archaea,Methanobacteriota,Methanobacteria,Methanobacteriales,Methanobacteriaceae,Methanobacterium_B,Methanobacterium_B sp000744455,WP_052374252.1@GCF_000744455.1
GCF_000745485.1,WP_052375818.1,PF08823.14,PG_binding_2,Archaea,Methanobacteriota,Methanobacteria,Methanobacteriales,Methanobacteriaceae,Methanobacterium_D,Methanobacterium_D veterum,WP_052375818.1@GCF_000745485.1
GCF_000745485.1,WP_052375818.1,PF01471.21,PG_binding_1,Archaea,Methanobacteriota,Methanobacteria,Methanobacteriales,Methanobacteriaceae,Methanobacterium_D,Methanobacterium_D veterum,WP_052375818.1@GCF_000745485.1
GCF_000745485.1,WP_169740455.1,PF01471.21,PG_binding_1,Archaea,Methanobacteriota,Methanobacteria,Methanobacteriales,Methanobacteriaceae,Methanobacterium_D,Methanobacterium_D veterum,WP_169740455.1@GCF_000745485.1
GCF_000755245.1,WP_049996690.1,PF08823.14,PG_binding_2,Archaea,Halobacteriota,Halobacteria,Halobacteriales,Halococcaceae,Halococcus,Halococcus sediminicola,WP_049996690.1@GCF_000755245.1
GCF_000784355.1,WP_052418600.1,PF01471.21,PG_binding_1,Archaea,Halobacteriota,Methanomicrobia,Methanomicrobiales,Methanomicrobiaceae,Methanolacinia,Methanolacinia paynteri,WP_052418600.1@GCF_000784355.1
GCF_000969885.1,WP_048166978.1,PF01471.21,PG_binding_1,Archaea,Halobacteriota,Methanosarcinia,Methanosarcinales,Methanosarcinaceae,Methanosarcina,Methanosarcina thermophila,WP_048166978.1@GCF_000969885.1
GCF_000969905.1,WP_048121884.1,PF01471.21,PG_binding_1,Archaea,Halobacteriota,Methanosarcinia,Methanosarcinales,Methanosarcinaceae,Methanosarcina,Methanosarcina vacuolata,WP_048121884.1@GCF_000969905.1
GCF_000969965.1,WP_048129056.1,PF01471.21,PG_binding_1,Archaea,Halobacteriota,Methanosarcinia,Methanosarcinales,Methanosarcinaceae,Methanosarcina,Methanosarcina sp000969965,WP_048129056.1@GCF_000969965.1
GCF_000969965.1,WP_231585372.1,PF01476.23,LysM,Archaea,Halobacteriota,Methanosarcinia,Methanosarcinales,Methanosarcinaceae,Methanosarcina,Methanosarcina sp000969965,WP_231585372.1@GCF_000969965.1
GCF_000970025.1,WP_048121136.1,PF01471.21,PG_binding_1,Archaea,Halobacteriota,Methanosarcinia,Methanosarcinales,Methanosarcinaceae,Methanosarcina,Methanosarcina barkeri,WP_048121136.1@GCF_000970025.1
GCF_000970085.1,WP_048170737.1,PF01471.21,PG_binding_1,Archaea,Halobacteriota,Methanosarcinia,Methanosarcinales,Methanosarcinaceae,Methanosarcina,Methanosarcina siciliae,WP_048170737.1@GCF_000970085.1
GCF_000970205.1,WP_015412357.1,PF01471.21,PG_binding_1,Archaea,Halobacteriota,Methanosarcinia,Methanosarcinales,Methanosarcinaceae,Methanosarcina,Methanosarcina mazei,WP_015412357.1@GCF_000970205.1
GCF_000970285.1,WP_048139396.1,PF01476.23,LysM,Archaea,Halobacteriota,Methanosarcinia,Methanosarcinales,Methanosarcinaceae,Methanosarcina,Methanosarcina horonobensis,WP_048139396.1@GCF_000970285.1
GCF_000970285.1,WP_048141420.1,PF01471.21,PG_binding_1,Archaea,Halobacteriota,Methanosarcinia,Methanosarcinales,Methanosarcinaceae,Methanosarcina,Methanosarcina horonobensis,WP_048141420.1@GCF_000970285.1
GCF_001011115.1,WP_050048591.1,PF08823.14,PG_binding_2,Archaea,Halobacteriota,Halobacteria,Halobacteriales,Halobacteriaceae,Halanaeroarchaeum,Halanaeroarchaeum sulfurireducens,WP_050048591.1@GCF_001011115.1
GCF_001282785.1,WP_053948757.1,PF08823.14,PG_binding_2,Archaea,Halobacteriota,Halobacteria,Halobacteriales,Haloferacaceae,Halolamina,Halolamina sediminis,WP_053948757.1@GCF_001282785.1
GCF_001307315.1,WP_054584469.1,PF08823.14,PG_binding_2,Archaea,Halobacteriota,Halobacteria,Halobacteriales,Haloferacaceae,Halolamina,Halolamina pelagica_B,WP_054584469.1@GCF_001307315.1
GCF_001316005.1,WP_054842483.1,PF08823.14,PG_binding_2,Archaea,Thermoproteota,Thermoprotei,Thermoproteales,Thermocladiaceae,Vulcanisaeta,Vulcanisaeta distributa_B,WP_054842483.1@GCF_001316005.1
GCF_001316245.1,WP_252900996.1,PF08823.14,PG_binding_2,Archaea,Thermoproteota,Thermoprotei,Thermoproteales,Thermocladiaceae,Vulcanisaeta,Vulcanisaeta sp001316245,WP_252900996.1@GCF_001316245.1
GCF_001316285.1,WP_243668691.1,PF08823.14,PG_binding_2,Archaea,Thermoproteota,Thermoprotei,Thermoproteales,Thermocladiaceae,Vulcanisaeta,Vulcanisaeta sp001316285,WP_243668691.1@GCF_001316285.1
GCF_001316325.1,WP_048073207.1,PF01471.21,PG_binding_1,Archaea,Methanobacteriota,Methanobacteria,Methanobacteriales,Methanobacteriaceae,Methanobacterium,Methanobacterium formicicum,WP_048073207.1@GCF_001316325.1
GCF_001316325.1,WP_048073210.1,PF08823.14,PG_binding_2,Archaea,Methanobacteriota,Methanobacteria,Methanobacteriales,Methanobacteriaceae,Methanobacterium,Methanobacterium formicicum,WP_048073210.1@GCF_001316325.1
GCF_001316325.1,WP_048073210.1,PF01471.21,PG_binding_1,Archaea,Methanobacteriota,Methanobacteria,Methanobacteriales,Methanobacteriaceae,Methanobacterium,Methanobacterium formicicum,WP_048073210.1@GCF_001316325.1
GCF_001316325.1,WP_243686964.1,PF01471.21,PG_binding_1,Archaea,Methanobacteriota,Methanobacteria,Methanobacteriales,Methanobacteriaceae,Methanobacterium,Methanobacterium formicicum,WP_243686964.1@GCF_001316325.1
GCF_001368915.1,WP_089780802.1,PF08823.14,PG_binding_2,Archaea,Halobacteriota,Halobacteria,Halobacteriales,Haloferacaceae,Haloferax,Haloferax massiliensis,WP_089780802.1@GCF_001368915.1
GCF_001469875.2,WP_058566050.1,PF08823.14,PG_binding_2,Archaea,Halobacteriota,Halobacteria,Halobacteriales,Haloferacaceae,Haloferax,Haloferax marisrubri,WP_058566050.1@GCF_001469875.2
GCF_001482285.1,WP_058826222.1,PF08823.14,PG_binding_2,Archaea,Halobacteriota,Halobacteria,Halobacteriales,Haloferacaceae,Haloferax,Haloferax sp001482285,WP_058826222.1@GCF_001482285.1
GCF_001485535.1,WP_058983508.1,PF08823.14,PG_binding_2,Archaea,Halobacteriota,Halobacteria,Halobacteriales,Halobacteriaceae,Halobacterium,Halobacterium sp001485535,WP_058983508.1@GCF_001485535.1
GCF_001488575.1,WP_059057086.1,PF08823.14,PG_binding_2,Archaea,Halobacteriota,Halobacteria,Halobacteriales,Halobacteriaceae,Halobacterium,Halobacterium hubeiense,WP_059057086.1@GCF_001488575.1
GCF_001577775.1,WP_153012540.1,PF04122.15,CW_binding_2,Archaea,Methanobacteriota_B,Thermococci,Thermococcales,Thermococcaceae,Pyrococcus,Pyrococcus kukulkanii,WP_153012540.1@GCF_001577775.1
GCF_001592435.1,WP_062387966.1,PF04122.15,CW_binding_2,Archaea,Methanobacteriota_B,Thermococci,Thermococcales,Thermococcaceae,Thermococcus,Thermococcus peptonophilus,WP_062387966.1@GCF_001592435.1
GCF_001625445.1,WP_066142501.1,PF08823.14,PG_binding_2,Archaea,Halobacteriota,Halobacteria,Halobacteriales,Haladaptataceae,Haladaptatus,Haladaptatus sp001625445,WP_066142501.1@GCF_001625445.1
GCF_001625445.1,WP_223302091.1,PF07653.20,SH3_2,Archaea,Halobacteriota,Halobacteria,Halobacteriales,Haladaptataceae,Haladaptatus,Haladaptatus sp001625445,WP_223302091.1@GCF_001625445.1
GCF_001625445.1,WP_223302091.1,PF00018.31,SH3_1,Archaea,Halobacteriota,Halobacteria,Halobacteriales,Haladaptataceae,Haladaptatus,Haladaptatus sp001625445,WP_223302091.1@GCF_001625445.1
GCF_001639265.1,WP_066970479.1,PF01471.21,PG_binding_1,Archaea,Methanobacteriota,Methanobacteria,Methanobacteriales,Methanobacteriaceae,Methanobrevibacter_D,Methanobrevibacter_D filiformis,WP_066970479.1@GCF_001639265.1
GCF_001639265.1,WP_066970496.1,PF01471.21,PG_binding_1,Archaea,Methanobacteriota,Methanobacteria,Methanobacteriales,Methanobacteriaceae,Methanobrevibacter_D,Methanobrevibacter_D filiformis,WP_066970496.1@GCF_001639265.1
GCF_001639285.1,WP_067257166.1,PF01471.21,PG_binding_1,Archaea,Methanobacteriota,Methanobacteria,Methanobacteriales,Methanobacteriaceae,Methanobrevibacter_C,Methanobrevibacter_C cuticularis,WP_067257166.1@GCF_001639285.1
GCF_001639285.1,WP_067258440.1,PF01471.21,PG_binding_1,Archaea,Methanobacteriota,Methanobacteria,Methanobacteriales,Methanobacteriaceae,Methanobrevibacter_C,Methanobrevibacter_C cuticularis,WP_067258440.1@GCF_001639285.1
GCF_001639285.1,WP_067258942.1,PF01471.21,PG_binding_1,Archaea,Methanobacteriota,Methanobacteria,Methanobacteriales,Methanobacteriaceae,Methanobrevibacter_C,Methanobrevibacter_C cuticularis,WP_067258942.1@GCF_001639285.1
GCF_001639285.1,WP_084270687.1,PF01471.21,PG_binding_1,Archaea,Methanobacteriota,Methanobacteria,Methanobacteriales,Methanobacteriaceae,Methanobrevibacter_C,Methanobrevibacter_C cuticularis,WP_084270687.1@GCF_001639285.1
GCF_001639295.1,WP_067089890.1,PF01471.21,PG_binding_1,Archaea,Methanobacteriota,Methanobacteria,Methanobacteriales,Methanobacteriaceae,Methanobrevibacter_D,Methanobrevibacter_D curvatus,WP_067089890.1@GCF_001639295.1
GCF_001719125.1,WP_069284666.1,PF08823.14,PG_binding_2,Archaea,Thermoproteota,Thermoprotei_A,Sulfolobales,Sulfolobaceae,Saccharolobus,Saccharolobus sp001719125,WP_069284666.1@GCF_001719125.1
GCF_001729965.1,WP_069592866.1,PF01471.21,PG_binding_1,Archaea,Methanobacteriota,Methanobacteria,Methanobacteriales,Methanobacteriaceae,Methanosphaera,Methanosphaera sp001729965,WP_069592866.1@GCF_001729965.1
GCF_001861355.1,WP_071400066.1,PF01476.23,LysM,Archaea,Halobacteriota,Halobacteria,Halobacteriales,Natrialbaceae,Natrialba,Natrialba sp001861355,WP_071400066.1@GCF_001861355.1
GCF_002072215.1,WP_080460395.1,PF01471.21,PG_binding_1,Archaea,Methanobacteriota,Methanobacteria,Methanobacteriales,Methanobacteriaceae,Methanobrevibacter_C,Methanobrevibacter_C arboriphilus,WP_080460395.1@GCF_002072215.1
GCF_002072215.1,WP_080460467.1,PF01471.21,PG_binding_1,Archaea,Methanobacteriota,Methanobacteria,Methanobacteriales,Methanobacteriaceae,Methanobrevibacter_C,Methanobrevibacter_C arboriphilus,WP_080460467.1@GCF_002072215.1
GCF_002072215.1,WP_080460483.1,PF01471.21,PG_binding_1,Archaea,Methanobacteriota,Methanobacteria,Methanobacteriales,Methanobacteriaceae,Methanobrevibacter_C,Methanobrevibacter_C arboriphilus,WP_080460483.1@GCF_002072215.1
GCF_002072215.1,WP_158082516.1,PF01471.21,PG_binding_1,Archaea,Methanobacteriota,Methanobacteria,Methanobacteriales,Methanobacteriaceae,Methanobrevibacter_C,Methanobrevibacter_C arboriphilus,WP_158082516.1@GCF_002072215.1
GCF_002114285.1,WP_049929449.1,PF08823.14,PG_binding_2,Archaea,Halobacteriota,Halobacteria,Halobacteriales,Haloferacaceae,Halorubrum,Halorubrum ezzemoulense,WP_049929449.1@GCF_002114285.1
GCF_002156705.1,WP_086887387.1,PF01476.23,LysM,Archaea,Halobacteriota,Halobacteria,Halobacteriales,Natrialbaceae,Natrarchaeobaculum,Natrarchaeobaculum aegyptiacum,WP_086887387.1@GCF_002156705.1
GCF_002214365.1,WP_088862849.1,PF04122.15,CW_binding_2,Archaea,Methanobacteriota_B,Thermococci,Thermococcales,Thermococcaceae,Thermococcus,Thermococcus celer,WP_088862849.1@GCF_002214365.1
GCF_002214465.1,WP_088865163.1,PF04122.15,CW_binding_2,Archaea,Methanobacteriota_B,Thermococci,Thermococcales,Thermococcaceae,Thermococcus,Thermococcus barossii,WP_088865163.1@GCF_002214465.1
GCF_002214545.1,WP_055430188.1,PF04122.15,CW_binding_2,Archaea,Methanobacteriota_B,Thermococci,Thermococcales,Thermococcaceae,Thermococcus,Thermococcus thioreducens,WP_055430188.1@GCF_002214545.1
GCF_002214605.1,WP_068577669.1,PF04122.15,CW_binding_2,Archaea,Methanobacteriota_B,Thermococci,Thermococcales,Thermococcaceae,Pyrococcus,Pyrococcus chitonophagus,WP_068577669.1@GCF_002214605.1
GCF_002252755.1,WP_094589992.1,PF08823.14,PG_binding_2,Archaea,Halobacteriota,Halobacteria,Halobacteriales,Haloferacaceae,Halorubrum,Halorubrum sp002252755,WP_094589992.1@GCF_002252755.1
GCF_002286985.1,WP_095635832.1,PF08823.14,PG_binding_2,Archaea,Halobacteriota,Halobacteria,Halobacteriales,Haloferacaceae,Halorubrum,Halorubrum salipaludis,WP_095635832.1@GCF_002286985.1
GCF_002287175.1,WP_069582243.1,PF08823.14,PG_binding_2,Archaea,Methanobacteriota,Methanobacteria,Methanobacteriales,Methanobacteriaceae,Methanobacterium_D,Methanobacterium_D bryantii,WP_069582243.1@GCF_002287175.1
GCF_002287175.1,WP_069582243.1,PF01471.21,PG_binding_1,Archaea,Methanobacteriota,Methanobacteria,Methanobacteriales,Methanobacteriaceae,Methanobacterium_D,Methanobacterium_D bryantii,WP_069582243.1@GCF_002287175.1
GCF_002287175.1,WP_069583109.1,PF01471.21,PG_binding_1,Archaea,Methanobacteriota,Methanobacteria,Methanobacteriales,Methanobacteriaceae,Methanobacterium_D,Methanobacterium_D bryantii,WP_069583109.1@GCF_002287175.1
GCF_002287175.1,WP_069584300.1,PF01471.21,PG_binding_1,Archaea,Methanobacteriota,Methanobacteria,Methanobacteriales,Methanobacteriaceae,Methanobacterium_D,Methanobacterium_D bryantii,WP_069584300.1@GCF_002287175.1
GCF_002487355.1,WP_097297367.1,PF01476.23,LysM,Archaea,Halobacteriota,Methanosarcinia,Methanosarcinales,Methanoperedenaceae,Methanoperedens,Methanoperedens sp002487355,WP_097297367.1@GCF_002487355.1
GCF_002487355.1,WP_097297713.1,PF08239.14,SH3_3,Archaea,Halobacteriota,Methanosarcinia,Methanosarcinales,Methanoperedenaceae,Methanoperedens,Methanoperedens sp002487355,WP_097297713.1@GCF_002487355.1
GCF_002494345.1,WP_097381165.1,PF01476.23,LysM,Archaea,Halobacteriota,Halobacteria,Halobacteriales,Natrialbaceae,Natrinema,Natrinema ejinorense,WP_097381165.1@GCF_002494345.1
GCF_002813695.1,WP_100909073.1,PF01471.21,PG_binding_1,Archaea,Methanobacteriota,Methanobacteria,Methanobacteriales,Methanobacteriaceae,Methanobacterium,Methanobacterium subterraneum,WP_100909073.1@GCF_002813695.1
GCF_002813695.1,WP_232727971.1,PF08823.14,PG_binding_2,Archaea,Methanobacteriota,Methanobacteria,Methanobacteriales,Methanobacteriaceae,Methanobacterium,Methanobacterium subterraneum,WP_232727971.1@GCF_002813695.1
GCF_002813695.1,WP_232727971.1,PF01471.21,PG_binding_1,Archaea,Methanobacteriota,Methanobacteria,Methanobacteriales,Methanobacteriaceae,Methanobacterium,Methanobacterium subterraneum,WP_232727971.1@GCF_002813695.1
GCF_002813695.1,WP_232728026.1,PF08823.14,PG_binding_2,Archaea,Methanobacteriota,Methanobacteria,Methanobacteriales,Methanobacteriaceae,Methanobacterium,Methanobacterium subterraneum,WP_232728026.1@GCF_002813695.1
GCF_002813695.1,WP_232728026.1,PF01471.21,PG_binding_1,Archaea,Methanobacteriota,Methanobacteria,Methanobacteriales,Methanobacteriaceae,Methanobacterium,Methanobacterium subterraneum,WP_232728026.1@GCF_002813695.1
GCF_002813695.1,WP_236951022.1,PF01471.21,PG_binding_1,Archaea,Methanobacteriota,Methanobacteria,Methanobacteriales,Methanobacteriaceae,Methanobacterium,Methanobacterium subterraneum,WP_236951022.1@GCF_002813695.1
GCF_002844195.1,WP_101297880.1,PF08823.14,PG_binding_2,Archaea,Halobacteriota,Halobacteria,Halobacteriales,Haloferacaceae,Halegenticoccus,Halegenticoccus soli,WP_101297880.1@GCF_002844195.1
GCF_002952775.1,WP_119819584.1,PF08823.14,PG_binding_2,Archaea,Halobacteriota,Halobacteria,Halobacteriales,Haloferacaceae,Halalkaliarchaeum,Halalkaliarchaeum desulfuricum,WP_119819584.1@GCF_002952775.1
GCF_003149675.1,WP_095608011.1,PF01471.21,PG_binding_1,Archaea,Methanobacteriota,Methanobacteria,Methanobacteriales,Methanobacteriaceae,Methanosphaera,Methanosphaera cuniculi,WP_095608011.1@GCF_003149675.1
GCF_003149675.1,WP_095608025.1,PF01471.21,PG_binding_1,Archaea,Methanobacteriota,Methanobacteria,Methanobacteriales,Methanobacteriaceae,Methanosphaera,Methanosphaera cuniculi,WP_095608025.1@GCF_003149675.1
GCF_003149675.1,WP_095608514.1,PF01471.21,PG_binding_1,Archaea,Methanobacteriota,Methanobacteria,Methanobacteriales,Methanobacteriaceae,Methanosphaera,Methanosphaera cuniculi,WP_095608514.1@GCF_003149675.1
GCF_003149675.1,WP_095608516.1,PF01471.21,PG_binding_1,Archaea,Methanobacteriota,Methanobacteria,Methanobacteriales,Methanobacteriaceae,Methanosphaera,Methanosphaera cuniculi,WP_095608516.1@GCF_003149675.1
GCF_003149675.1,WP_170104103.1,PF01471.21,PG_binding_1,Archaea,Methanobacteriota,Methanobacteria,Methanobacteriales,Methanobacteriaceae,Methanosphaera,Methanosphaera cuniculi,WP_170104103.1@GCF_003149675.1
GCF_003201675.2,WP_054837268.1,PF08823.14,PG_binding_2,Archaea,Thermoproteota,Thermoprotei_A,Sulfolobales,Sulfolobaceae,Metallosphaera,Metallosphaera hakonensis,WP_054837268.1@GCF_003201675.2
GCF_003201765.2,WP_110379019.1,PF08823.14,PG_binding_2,Archaea,Thermoproteota,Thermoprotei_A,Sulfolobales,Sulfolobaceae,Acidianus,Acidianus sulfidivorans,WP_110379019.1@GCF_003201765.2
GCF_003342675.1,WP_157969502.1,PF01471.21,PG_binding_1,Archaea,Halobacteriota,Halobacteria,Halobacteriales,Haloferacaceae,Haloplanus,Haloplanus rubicundus,WP_157969502.1@GCF_003342675.1
GCF_003351865.1,WP_148120055.1,PF04122.15,CW_binding_2,Archaea,Methanobacteriota,Methanococci,Methanococcales,Methanococcaceae,Methanofervidicoccus,Methanofervidicoccus sp003351865,WP_148120055.1@GCF_003351865.1
GCF_003369835.1,WP_115798308.1,PF08823.14,PG_binding_2,Archaea,Halobacteriota,Halobacteria,Halobacteriales,Haladaptataceae,Halorussus,Halorussus rarus,WP_115798308.1@GCF_003369835.1
GCF_003814835.1,WP_123833455.1,PF01471.21,PG_binding_1,Archaea,Methanobacteriota,Methanobacteria,Methanobacteriales,Methanobacteriaceae,Methanobrevibacter_A,Methanobrevibacter_A gottschalkii,WP_123833455.1@GCF_003814835.1
GCF_003841485.1,WP_124179205.1,PF01476.23,LysM,Archaea,Halobacteriota,Halobacteria,Halobacteriales,Natrialbaceae,Natrarchaeobius,Natrarchaeobius halalkaliphilus,WP_124179205.1@GCF_003841485.1
GCF_003967175.1,WP_126449793.1,PF08823.14,PG_binding_2,Archaea,Thermoproteota,Thermoprotei_A,Sulfolobales,Sulfolobaceae,Sulfodiicoccus,Sulfodiicoccus acidiphilus,WP_126449793.1@GCF_003967175.1
GCF_003990725.2,WP_127117437.1,PF08823.14,PG_binding_2,Archaea,Halobacteriota,Halobacteria,Halobacteriales,Haloferacaceae,Halorubrum,Halorubrum sp003990725,WP_127117437.1@GCF_003990725.2
GCF_004116405.1,WP_129116491.1,PF08823.14,PG_binding_2,Archaea,Halobacteriota,Halobacteria,Halobacteriales,Haloferacaceae,Halegenticoccus,Halegenticoccus tardaugens,WP_129116491.1@GCF_004116405.1
GCF_004143485.2,WP_132057489.1,PF08239.14,SH3_3,Archaea,Halobacteriota,Halobacteria,Halobacteriales,Haladaptataceae,Halorussus,Halorussus amylolyticus,WP_132057489.1@GCF_004143485.2
GCF_004143485.2,WP_132059583.1,PF08823.14,PG_binding_2,Archaea,Halobacteriota,Halobacteria,Halobacteriales,Haladaptataceae,Halorussus,Halorussus amylolyticus,WP_132059583.1@GCF_004143485.2
GCF_004681185.1,WP_134671639.1,PF04122.15,CW_binding_2,Archaea,Halobacteriota,Halobacteria,Halobacteriales,Haloarculaceae,Halomicroarcula,Halomicroarcula amylolytica,WP_134671639.1@GCF_004681185.1
GCF_004698125.1,WP_135366633.1,PF04122.15,CW_binding_2,Archaea,Halobacteriota,Halobacteria,Halobacteriales,Haloarculaceae,Halosimplex,Halosimplex halophilum,WP_135366633.1@GCF_004698125.1
GCF_004765785.1,WP_135824323.1,PF08239.14,SH3_3,Archaea,Halobacteriota,Halobacteria,Halobacteriales,Haladaptataceae,Halorussus,Halorussus ruber,WP_135824323.1@GCF_004765785.1
GCF_004765785.1,WP_135824401.1,PF08823.14,PG_binding_2,Archaea,Halobacteriota,Halobacteria,Halobacteriales,Haladaptataceae,Halorussus,Halorussus ruber,WP_135824401.1@GCF_004765785.1
GCF_004765785.1,WP_135825521.1,PF08239.14,SH3_3,Archaea,Halobacteriota,Halobacteria,Halobacteriales,Haladaptataceae,Halorussus,Halorussus ruber,WP_135825521.1@GCF_004765785.1
GCF_004765795.1,WP_135806986.1,PF08823.14,PG_binding_2,Archaea,Halobacteriota,Halobacteria,Halobacteriales,Haladaptataceae,Halorussus,Halorussus marinus,WP_135806986.1@GCF_004765795.1
GCF_004765815.2,WP_135852872.1,PF08823.14,PG_binding_2,Archaea,Halobacteriota,Halobacteria,Halobacteriales,Haladaptataceae,Halorussus,Halorussus salinus,WP_135852872.1@GCF_004765815.2
GCF_004765815.2,WP_135855358.1,PF08239.14,SH3_3,Archaea,Halobacteriota,Halobacteria,Halobacteriales,Haladaptataceae,Halorussus,Halorussus salinus,WP_135855358.1@GCF_004765815.2
GCF_004799665.1,WP_049995165.1,PF01476.23,LysM,Archaea,Halobacteriota,Halobacteria,Halobacteriales,Haloarculaceae,Halapricum,Halapricum salinum,WP_049995165.1@GCF_004799665.1
GCF_006543045.1,WP_141464703.1,PF01476.23,LysM,Archaea,Halobacteriota,Halobacteria,Halobacteriales,Natrialbaceae,Salinadaptatus,Salinadaptatus halalkaliphilus,WP_141464703.1@GCF_006543045.1
GCF_007004735.1,WP_142860832.1,PF01476.23,LysM,Archaea,Halobacteriota,Halobacteria,Halobacteriales,Haloferacaceae,Salinigranum,Salinigranum halophilum,WP_142860832.1@GCF_007004735.1
GCF_007004735.1,WP_142861188.1,PF01476.23,LysM,Archaea,Halobacteriota,Halobacteria,Halobacteriales,Haloferacaceae,Salinigranum,Salinigranum halophilum,WP_142861188.1@GCF_007004735.1
GCF_008000775.1,WP_147662738.1,PF08823.14,PG_binding_2,Archaea,Asgardarchaeota,Lokiarchaeia,CR-4,MK-D1,Prometheoarchaeum,Prometheoarchaeum syntrophicum,WP_147662738.1@GCF_008000775.1
GCF_008124605.1,WP_010903034.1,PF08823.14,PG_binding_2,Archaea,Halobacteriota,Halobacteria,Halobacteriales,Halobacteriaceae,Halobacterium,Halobacterium salinarum,WP_010903034.1@GCF_008124605.1
GCF_008389435.1,WP_201448535.1,PF01471.21,PG_binding_1,Archaea,Thermoproteota,Nitrososphaeria,Nitrososphaerales,Nitrososphaeraceae,Nitrosocosmicus,Nitrosocosmicus sp008389435,WP_201448535.1@GCF_008389435.1
GCF_008729015.1,WP_151099683.1,PF01476.23,LysM,Archaea,Halobacteriota,Halobacteria,Halobacteriales,Haloarculaceae,Haloarcula,Haloarcula sp008729015,WP_151099683.1@GCF_008729015.1
GCF_008831545.1,WP_225741265.1,PF08823.14,PG_binding_2,Archaea,Halobacteriota,Halobacteria,Halobacteriales,Haladaptataceae,Halorussus,Halorussus halophilus,WP_225741265.1@GCF_008831545.1
GCF_009176545.1,WP_152042262.1,PF01476.23,LysM,Archaea,Halobacteriota,Halobacteria,Halobacteriales,Haloferacaceae,Salinigranum,Salinigranum salinum,WP_152042262.1@GCF_009176545.1
GCF_009184545.1,WP_152120623.1,PF08823.14,PG_binding_2,Archaea,Halobacteriota,Halobacteria,Halobacteriales,Haloarculaceae,Halosegnis,Halosegnis rubeus,WP_152120623.1@GCF_009184545.1
GCF_009601705.1,WP_153422692.1,PF08823.14,PG_binding_2,Archaea,Thermoproteota,Thermoprotei_A,Sulfolobales,Sulfolobaceae,Saccharolobus,Saccharolobus sp009601705,WP_153422692.1@GCF_009601705.1
GCF_009663395.1,WP_075936152.1,PF08823.14,PG_binding_2,Archaea,Halobacteriota,Halobacteria,Halobacteriales,Haloarculaceae,Halosegnis,Halosegnis longus,WP_075936152.1@GCF_009663395.1
GCF_009674605.1,WP_151164694.1,PF08823.14,PG_binding_2,Archaea,Halobacteriota,Halobacteria,Halobacteriales,Haloferacaceae,Haloferax,Haloferax litoreum,WP_151164694.1@GCF_009674605.1
GCF_009729015.1,WP_152939337.1,PF08823.14,PG_binding_2,Archaea,Thermoproteota,Thermoprotei_A,Sulfolobales,Sulfolobaceae,Acidianus,Acidianus ambivalens,WP_152939337.1@GCF_009729015.1
GCF_009729035.1,WP_156006702.1,PF08823.14,PG_binding_2,Archaea,Thermoproteota,Thermoprotei_A,Sulfolobales,Sulfolobaceae,Stygiolobus,Stygiolobus azoricus,WP_156006702.1@GCF_009729035.1
GCF_009729055.1,WP_156014055.1,PF08823.14,PG_binding_2,Archaea,Thermoproteota,Thermoprotei_A,Sulfolobales,Sulfolobaceae,Sulfurisphaera,Sulfurisphaera ohwakuensis,WP_156014055.1@GCF_009729055.1
GCF_009791395.1,WP_158206395.1,PF08823.14,PG_binding_2,Archaea,Halobacteriota,Halobacteria,Halobacteriales,Haloarculaceae,Halomarina,Halomarina oriensis,WP_158206395.1@GCF_009791395.1
GCF_009831625.1,WP_159669624.1,PF08823.14,PG_binding_2,Archaea,Halobacteriota,Halobacteria,Halobacteriales,Haloferacaceae,Halobaculum,Halobaculum saliterrae,WP_159669624.1@GCF_009831625.1
GCF_009900715.1,WP_160132865.1,PF08823.14,PG_binding_2,Archaea,Halobacteriota,Halobacteria,Halobacteriales,Halococcaceae,Halococcus,Halococcus salsus,WP_160132865.1@GCF_009900715.1
GCF_011043775.1,WP_165160326.1,PF01476.23,LysM,Archaea,Halobacteriota,Halobacteria,Halobacteriales,Natrialbaceae,Natronolimnobius,Natronolimnobius sp011043775,WP_165160326.1@GCF_011043775.1
GCF_011440375.1,WP_240148813.1,PF08823.14,PG_binding_2,Archaea,Halobacteriota,Halobacteria,Halobacteriales,Natrialbaceae,Halorubellus,Halorubellus sp011440375,WP_240148813.1@GCF_011440375.1
GCF_011734195.1,WP_167247671.1,PF04122.15,CW_binding_2,Archaea,Halobacteriota,Halobacteria,Halobacteriales,Halobacteriaceae,Halobacterium,Halobacterium sp011734195,WP_167247671.1@GCF_011734195.1
GCF_013267195.1,WP_173230563.1,PF08823.14,PG_binding_2,Archaea,Halobacteriota,Halobacteria,Halobacteriales,Haloferacaceae,Halorubrum,Halorubrum salinarum,WP_173230563.1@GCF_013267195.1
GCF_013343295.1,WP_174631883.1,PF08823.14,PG_binding_2,Archaea,Thermoproteota,Thermoprotei_A,Sulfolobales,Sulfolobaceae,Metallosphaera,Metallosphaera tengchongensis,WP_174631883.1@GCF_013343295.1
GCF_013402875.1,WP_179268695.1,PF04122.15,CW_binding_2,Archaea,Halobacteriota,Halobacteria,Halobacteriales,Haloferacaceae,Halobaculum,Halobaculum salinum,WP_179268695.1@GCF_013402875.1
GCF_014647475.1,WP_188976273.1,PF08823.14,PG_binding_2,Archaea,Halobacteriota,Halobacteria,Halobacteriales,Halobacteriaceae,Halocalculus,Halocalculus aciditolerans,WP_188976273.1@GCF_014647475.1
GCF_017873625.1,WP_209625130.1,PF01471.21,PG_binding_1,Archaea,Methanobacteriota,Methanobacteria,Methanobacteriales,Methanobacteriaceae,Methanobacterium,Methanobacterium petrolearium,WP_209625130.1@GCF_017873625.1
GCF_017874455.1,WP_209585062.1,PF01471.21,PG_binding_1,Archaea,Methanobacteriota,Methanobacteria,Methanobacteriales,Methanobacteriaceae,Methanobacterium_C,Methanobacterium_C aggregans,WP_209585062.1@GCF_017874455.1
GCF_019175345.1,WP_218260475.1,PF08823.14,PG_binding_2,Archaea,Thermoproteota,Thermoprotei_A,Sulfolobales,Sulfolobaceae,Saccharolobus,Saccharolobus shibatae,WP_218260475.1@GCF_019175345.1
GCF_019669925.1,WP_052332067.1,PF01471.21,PG_binding_1,Archaea,Methanobacteriota,Methanobacteria,Methanobacteriales,Methanobacteriaceae,Methanobrevibacter_C,Methanobrevibacter_C arboriphilus_A,WP_052332067.1@GCF_019669925.1
GCF_019669925.1,WP_054834633.1,PF01471.21,PG_binding_1,Archaea,Methanobacteriota,Methanobacteria,Methanobacteriales,Methanobacteriaceae,Methanobrevibacter_C,Methanobrevibacter_C arboriphilus_A,WP_054834633.1@GCF_019669925.1
GCF_019669925.1,WP_082398092.1,PF01471.21,PG_binding_1,Archaea,Methanobacteriota,Methanobacteria,Methanobacteriales,Methanobacteriaceae,Methanobrevibacter_C,Methanobrevibacter_C arboriphilus_A,WP_082398092.1@GCF_019669925.1
GCF_019823105.1,WP_222607733.1,PF08823.14,PG_binding_2,Archaea,Halobacteriota,Halobacteria,Halobacteriales,Haloferacaceae,Halobaculum,Halobaculum magnesiiphilum,WP_222607733.1@GCF_019823105.1
GCF_019880225.1,WP_222915407.1,PF08823.14,PG_binding_2,Archaea,Halobacteriota,Halobacteria,Halobacteriales,Haloferacaceae,Halobaculum,Halobaculum rubrum,WP_222915407.1@GCF_019880225.1
GCF_019880245.1,WP_134671639.1,PF04122.15,CW_binding_2,Archaea,Halobacteriota,Halobacteria,Halobacteriales,Haloferacaceae,Halobaculum,Halobaculum roseum,WP_134671639.1@GCF_019880245.1
GCF_020217425.1,WP_225335323.1,PF04122.15,CW_binding_2,Archaea,Halobacteriota,Halobacteria,Halobacteriales,Haloarculaceae,Halomicrobium,Halomicrobium urmianum,WP_225335323.1@GCF_020217425.1
GCF_020567425.1,WP_227229972.1,PF08823.14,PG_binding_2,Archaea,Halobacteriota,Halobacteria,Halobacteriales,Haloferacaceae,Salinirubrum,Salinirubrum litoreum,WP_227229972.1@GCF_020567425.1
GCF_020567425.1,WP_227230428.1,PF01476.23,LysM,Archaea,Halobacteriota,Halobacteria,Halobacteriales,Haloferacaceae,Salinirubrum,Salinirubrum litoreum,WP_227230428.1@GCF_020567425.1
GCF_020567525.1,WP_227131208.1,PF08823.14,PG_binding_2,Archaea,Halobacteriota,Halobacteria,Halobacteriales,Natrialbaceae,Halorubellus,Halorubellus salinus,WP_227131208.1@GCF_020567525.1
GCF_020614375.1,WP_227354455.1,PF08823.14,PG_binding_2,Archaea,Halobacteriota,Halobacteria,Halobacteriales,Haladaptataceae,Haladaptatus,Haladaptatus sp020614375,WP_227354455.1@GCF_020614375.1
GCF_020614375.1,WP_227355622.1,PF07653.20,SH3_2,Archaea,Halobacteriota,Halobacteria,Halobacteriales,Haladaptataceae,Haladaptatus,Haladaptatus sp020614375,WP_227355622.1@GCF_020614375.1
GCF_020618475.1,WP_227373577.1,PF08823.14,PG_binding_2,Archaea,Halobacteriota,Halobacteria,Halobacteriales,Haladaptataceae,Haladaptatus,Haladaptatus sp020618475,WP_227373577.1@GCF_020618475.1
GCF_020700235.1,WP_227774032.1,PF01471.21,PG_binding_1,Archaea,Halobacteriota,Halobacteria,Halobacteriales,Haladaptataceae,Haladaptatus,Haladaptatus pallidirubidus,WP_227774032.1@GCF_020700235.1
GCF_020700235.1,WP_227775878.1,PF08823.14,PG_binding_2,Archaea,Halobacteriota,Halobacteria,Halobacteriales,Haladaptataceae,Haladaptatus,Haladaptatus pallidirubidus,WP_227775878.1@GCF_020700235.1
GCF_020886315.1,WP_229572101.1,PF08823.14,PG_binding_2,Archaea,Thermoproteota,Thermoprotei_A,Sulfolobales,Sulfolobaceae,Saccharolobus,Saccharolobus caldissimus,WP_229572101.1@GCF_020886315.1
GCF_021023085.1,WP_230741157.1,PF01471.21,PG_binding_1,Archaea,Halobacteriota,Methanocellia,Methanocellales,Methanocellaceae,PGCK01,PGCK01 sp021023085,WP_230741157.1@GCF_021023085.1
GCF_021028995.1,WP_230888934.1,PF08823.14,PG_binding_2,Archaea,Halobacteriota,Halobacteria,Halobacteriales,Halobacteriaceae,Halobacterium,Halobacterium sp021028995,WP_230888934.1@GCF_021028995.1
GCF_021083305.1,WP_231182617.1,PF08823.14,PG_binding_2,Archaea,Halobacteriota,Halobacteria,Halobacteriales,Haladaptataceae,Haladaptatus,Haladaptatus sp021083305,WP_231182617.1@GCF_021083305.1
GCF_021233415.1,WP_232571952.1,PF08823.14,PG_binding_2,Archaea,Halobacteriota,Halobacteria,Halobacteriales,Halobacteriaceae,Halobacterium,Halobacterium litoreum,WP_232571952.1@GCF_021233415.1
GCF_021729015.1,WP_237005944.1,PF08823.14,PG_binding_2,Archaea,Halobacteriota,Halobacteria,Halobacteriales,Halobacteriaceae,Halobacterium,Halobacterium sp021729015,WP_237005944.1@GCF_021729015.1
GCF_023074835.1,WP_247416910.1,PF08823.14,PG_binding_2,Archaea,Halobacteriota,Halobacteria,Halobacteriales,Haloarculaceae,Halomarina,Halomarina salina,WP_247416910.1@GCF_023074835.1
GCF_023093535.1,WP_247729531.1,PF01476.23,LysM,Archaea,Halobacteriota,Halobacteria,Halobacteriales,Natrialbaceae,Halovivax,Halovivax limisalsi,WP_247729531.1@GCF_023093535.1
GCF_023093535.1,WP_247729671.1,PF04122.15,CW_binding_2,Archaea,Halobacteriota,Halobacteria,Halobacteriales,Natrialbaceae,Halovivax,Halovivax limisalsi,WP_247729671.1@GCF_023093535.1
GCF_023115355.1,WP_247994442.1,PF01471.21,PG_binding_1,Archaea,Halobacteriota,Halobacteria,Halobacteriales,Haloarculaceae,Halocatena,Halocatena sp023115355,WP_247994442.1@GCF_023115355.1
GCF_023115355.1,WP_247994834.1,PF01471.21,PG_binding_1,Archaea,Halobacteriota,Halobacteria,Halobacteriales,Haloarculaceae,Halocatena,Halocatena sp023115355,WP_247994834.1@GCF_023115355.1
GCF_023238205.1,WP_248650727.1,PF08823.14,PG_binding_2,Archaea,Halobacteriota,Halobacteria,Halobacteriales,Haladaptataceae,Halorussus,Halorussus sp023238205,WP_248650727.1@GCF_023238205.1
GCF_023276375.1,WP_248904411.1,PF08823.14,PG_binding_2,Archaea,Halobacteriota,Halobacteria,Halobacteriales,Haloarculaceae,Halocatena,Halocatena sp023276375,WP_248904411.1@GCF_023276375.1
GCF_023638035.1,WP_250586266.1,PF08823.14,PG_binding_2,Archaea,Halobacteriota,Halobacteria,Halobacteriales,Haloferacaceae,Natronocalculus,Natronocalculus amylovorans,WP_250586266.1@GCF_023638035.1
GCF_023638055.1,WP_250593599.1,PF01476.23,LysM,Archaea,Halobacteriota,Halobacteria,Halobacteriales,Natronoarchaeaceae,Natronoarchaeum,Natronoarchaeum aerophilus,WP_250593599.1@GCF_023638055.1
GCF_023699475.1,WP_250875129.1,PF08823.14,PG_binding_2,Archaea,Halobacteriota,Halobacteria,Halobacteriales,Haloarculaceae,Halomarina,Halomarina rubra,WP_250875129.1@GCF_023699475.1
GCF_023702065.1,WP_250987163.1,PF01471.21,PG_binding_1,Archaea,Halobacteriota,Methanomicrobia,Methanomicrobiales,Methanoculleaceae,Methanoculleus,Methanoculleus sp023702065,WP_250987163.1@GCF_023702065.1
GCF_023703775.1,WP_251343631.1,PF01471.21,PG_binding_1,Archaea,Halobacteriota,Halobacteria,Halobacteriales,Haloferacaceae,Haloplanus,Haloplanus sp023703775,WP_251343631.1@GCF_023703775.1
GCF_024138125.1,WP_253479849.1,PF08823.14,PG_binding_2,Archaea,Halobacteriota,Halobacteria,Halobacteriales,Haladaptataceae,Halorussus,Halorussus sp024138125,WP_253479849.1@GCF_024138125.1
GCF_024178165.1,WP_253738346.1,PF01476.23,LysM,Archaea,Halobacteriota,Halobacteria,Halobacteriales,Haloferacaceae,Halohasta,Halohasta sp024178165,WP_253738346.1@GCF_024178165.1
GCF_024218795.1,WP_254268862.1,PF08823.14,PG_binding_2,Archaea,Halobacteriota,Halobacteria,Halobacteriales,Haladaptataceae,Halorussus,Halorussus sp024218795,WP_254268862.1@GCF_024218795.1
GCF_024227715.1,WP_254535004.1,PF08823.14,PG_binding_2,Archaea,Halobacteriota,Halobacteria,Halobacteriales,Haloarculaceae,Halomarina,Halomarina sp024227715,WP_254535004.1@GCF_024227715.1
GCF_024228315.1,WP_254545173.1,PF08823.14,PG_binding_2,Archaea,Halobacteriota,Halobacteria,Halobacteriales,Haloarculaceae,Halomarina,Halomarina sp024228315,WP_254545173.1@GCF_024228315.1
GCF_024298865.1,WP_255149217.1,PF08823.14,PG_binding_2,Archaea,Halobacteriota,Halobacteria,Halobacteriales,Haloarculaceae,Halosegnis,Halosegnis sp024298865,WP_255149217.1@GCF_024298865.1
GCF_024362405.1,WP_255195577.1,PF08823.14,PG_binding_2,Archaea,Halobacteriota,Halobacteria,Halobacteriales,Haloarculaceae,Halosegnis,Halosegnis sp024362405,WP_255195577.1@GCF_024362405.1
GCF_024464185.1,WP_256297382.1,PF08823.14,PG_binding_2,Archaea,Halobacteriota,Halobacteria,Halobacteriales,Natrialbaceae,Haloarchaeobius,Haloarchaeobius salinus,WP_256297382.1@GCF_024464185.1
GCF_024464595.1,WP_256308699.1,PF01476.23,LysM,Archaea,Halobacteriota,Halobacteria,Halobacteriales,Haloferacaceae,Halobellus,Halobellus litoreus,WP_256308699.1@GCF_024464595.1
GCF_024494645.1,WP_256396210.1,PF01476.23,LysM,Archaea,Halobacteriota,Halobacteria,Halobacteriales,Haloferacaceae,Halohasta,Halohasta litorea,WP_256396210.1@GCF_024494645.1
GCF_024495425.1,WP_256398261.1,PF08823.14,PG_binding_2,Archaea,Halobacteriota,Halobacteria,Halobacteriales,Natrialbaceae,Haloarchaeobius,Haloarchaeobius litoreus,WP_256398261.1@GCF_024495425.1
GCF_024498195.1,WP_256533352.1,PF01476.23,LysM,Archaea,Halobacteriota,Halobacteria,Halobacteriales,Natrialbaceae,Halovivax,Halovivax cerinus,WP_256533352.1@GCF_024498195.1
GCF_024508235.1,WP_256686988.1,PF08823.14,PG_binding_2,Archaea,Halobacteriota,Halobacteria,Halobacteriales,Halococcaceae,Halococcus,Halococcus qingdaonensis,WP_256686988.1@GCF_024508235.1
GCF_024609245.1,WP_257297939.1,PF08823.14,PG_binding_2,Archaea,Halobacteriota,Halobacteria,Halobacteriales,Natrialbaceae,Haloarchaeobius,Haloarchaeobius sp024609245,WP_257297939.1@GCF_024609245.1
GCF_024972755.1,WP_259517656.1,PF08823.14,PG_binding_2,Archaea,Halobacteriota,Halobacteria,Halobacteriales,Halobacteriaceae,Halanaeroarchaeum,Halanaeroarchaeum sp024972755,WP_259517656.1@GCF_024972755.1
GCF_900079115.1,WP_010923343.1,PF08823.14,PG_binding_2,Archaea,Thermoproteota,Thermoprotei_A,Sulfolobales,Sulfolobaceae,Saccharolobus,Saccharolobus solfataricus,WP_010923343.1@GCF_900079115.1
GCF_900095295.1,WP_071906756.1,PF08823.14,PG_binding_2,Archaea,Methanobacteriota,Methanobacteria,Methanobacteriales,Methanobacteriaceae,Methanobacterium_C,Methanobacterium_C congolense,WP_071906756.1@GCF_900095295.1
GCF_900095295.1,WP_071906756.1,PF01471.21,PG_binding_1,Archaea,Methanobacteriota,Methanobacteria,Methanobacteriales,Methanobacteriaceae,Methanobacterium_C,Methanobacterium_C congolense,WP_071906756.1@GCF_900095295.1
GCF_900095295.1,WP_084789756.1,PF01471.21,PG_binding_1,Archaea,Methanobacteriota,Methanobacteria,Methanobacteriales,Methanobacteriaceae,Methanobacterium_C,Methanobacterium_C congolense,WP_084789756.1@GCF_900095295.1
GCF_900103505.1,WP_089735117.1,PF08823.14,PG_binding_2,Archaea,Halobacteriota,Halobacteria,Halobacteriales,Natrialbaceae,Haloarchaeobius,Haloarchaeobius iranensis,WP_089735117.1@GCF_900103505.1
GCF_900103715.1,WP_089695833.1,PF08823.14,PG_binding_2,Archaea,Halobacteriota,Halobacteria,Halobacteriales,Haloferacaceae,Halogranum,Halogranum gelatinilyticum,WP_089695833.1@GCF_900103715.1
GCF_900109065.1,WP_089672924.1,PF01476.23,LysM,Archaea,Halobacteriota,Halobacteria,Halobacteriales,Haloferacaceae,Halohasta,Halohasta litchfieldiae,WP_089672924.1@GCF_900109065.1
GCF_900110455.1,WP_049990853.1,PF01476.23,LysM,Archaea,Halobacteriota,Halobacteria,Halobacteriales,Natrialbaceae,Natrinema,Natrinema salifodinae,WP_049990853.1@GCF_900110455.1
GCF_900110465.1,WP_089823770.1,PF08823.14,PG_binding_2,Archaea,Halobacteriota,Halobacteria,Halobacteriales,Haloferacaceae,Halogranum,Halogranum amylolyticum,WP_089823770.1@GCF_900110465.1
GCF_900110465.1,WP_170864939.1,PF01476.23,LysM,Archaea,Halobacteriota,Halobacteria,Halobacteriales,Haloferacaceae,Halogranum,Halogranum amylolyticum,WP_170864939.1@GCF_900110465.1
GCF_900110535.1,WP_089670167.1,PF08823.14,PG_binding_2,Archaea,Halobacteriota,Halobacteria,Halobacteriales,Halobacteriaceae,Halobacterium,Halobacterium jilantaiense,WP_089670167.1@GCF_900110535.1
GCF_900111935.1,WP_092922805.1,PF08823.14,PG_binding_2,Archaea,Halobacteriota,Halobacteria,Halobacteriales,Haloferacaceae,Halorubrum,Halorubrum sodomense,WP_092922805.1@GCF_900111935.1
GCF_900112175.1,WP_089810096.1,PF01476.23,LysM,Archaea,Halobacteriota,Halobacteria,Halobacteriales,Haloferacaceae,Halogeometricum,Halogeometricum rufum,WP_089810096.1@GCF_900112175.1
GCF_900112175.1,WP_143105163.1,PF01471.21,PG_binding_1,Archaea,Halobacteriota,Halobacteria,Halobacteriales,Haloferacaceae,Halogeometricum,Halogeometricum rufum,WP_143105163.1@GCF_900112175.1
GCF_900113245.1,WP_092893762.1,PF04122.15,CW_binding_2,Archaea,Halobacteriota,Halobacteria,Halobacteriales,Haloferacaceae,Halopelagius,Halopelagius inordinatus,WP_092893762.1@GCF_900113245.1
GCF_900114435.1,WP_089816208.1,PF04122.15,CW_binding_2,Archaea,Halobacteriota,Halobacteria,Halobacteriales,Haloarculaceae,Halomicrobium,Halomicrobium zhouii,WP_089816208.1@GCF_900114435.1
GCF_900115675.1,WP_074880126.1,PF08823.14,PG_binding_2,Archaea,Halobacteriota,Halobacteria,Halobacteriales,Haloferacaceae,Halolamina,Halolamina pelagica,WP_074880126.1@GCF_900115675.1
GCF_900115785.1,WP_089882681.1,PF01476.23,LysM,Archaea,Halobacteriota,Halobacteria,Halobacteriales,Haloferacaceae,Halogeometricum,Halogeometricum limi,WP_089882681.1@GCF_900115785.1
GCF_900129775.1,WP_073309933.1,PF08823.14,PG_binding_2,Archaea,Halobacteriota,Halobacteria,Halobacteriales,Haloferacaceae,Halobaculum,Halobaculum gomorrense,WP_073309933.1@GCF_900129775.1
GCF_900156425.1,WP_076429857.1,PF08823.14,PG_binding_2,Archaea,Halobacteriota,Halobacteria,Halobacteriales,Haladaptataceae,Haladaptatus,Haladaptatus litoreus,WP_076429857.1@GCF_900156425.1
